#! /c/Source/iverilog-install/bin/vvp
:ivl_version "12.0 (devel)" "(s20150603-1539-g2693dd32b)";
:ivl_delay_selection "TYPICAL";
:vpi_time_precision - 12;
:vpi_module "C:\iverilog\lib\ivl\system.vpi";
:vpi_module "C:\iverilog\lib\ivl\vhdl_sys.vpi";
:vpi_module "C:\iverilog\lib\ivl\vhdl_textio.vpi";
:vpi_module "C:\iverilog\lib\ivl\v2005_math.vpi";
:vpi_module "C:\iverilog\lib\ivl\va_math.vpi";
S_000002e81c984ec0 .scope module, "tb_alu_top" "tb_alu_top" 2 3;
 .timescale -9 -12;
P_000002e81c996270 .param/l "OP_ADD" 1 2 31, C4<000000>;
P_000002e81c9962a8 .param/l "OP_DIV" 1 2 33, C4<010001>;
P_000002e81c9962e0 .param/l "OP_FADD" 1 2 34, C4<100000>;
P_000002e81c996318 .param/l "OP_MUL" 1 2 32, C4<010000>;
v000002e81ca58e80_0 .var "a", 31 0;
v000002e81ca58de0_0 .var "b", 31 0;
v000002e81ca59420_0 .var "clk", 0 0;
v000002e81ca58520_0 .var/i "cycle_count", 31 0;
v000002e81ca597e0_0 .net "done", 0 0, v000002e81ca55a00_0;  1 drivers
v000002e81ca5a3c0_0 .var/i "errors", 31 0;
v000002e81ca59ec0_0 .net "fp_flags", 2 0, v000002e81ca562c0_0;  1 drivers
v000002e81ca59e20_0 .net "int_flags", 3 0, v000002e81ca58980_0;  1 drivers
v000002e81ca59a60_0 .var "op", 5 0;
v000002e81ca59560_0 .net "result", 31 0, v000002e81ca59380_0;  1 drivers
v000002e81ca59b00_0 .var "rst", 0 0;
v000002e81ca582a0_0 .var "start", 0 0;
E_000002e81c932370 .event posedge, v000002e81c975600_0;
S_000002e81c561890 .scope module, "dut" "alu_top" 2 16, 3 3 0, S_000002e81c984ec0;
 .timescale -9 -12;
    .port_info 0 /INPUT 1 "clk";
    .port_info 1 /INPUT 1 "rst";
    .port_info 2 /INPUT 1 "start";
    .port_info 3 /INPUT 32 "a";
    .port_info 4 /INPUT 32 "b";
    .port_info 5 /INPUT 6 "op";
    .port_info 6 /OUTPUT 32 "result";
    .port_info 7 /OUTPUT 1 "done";
    .port_info 8 /OUTPUT 4 "int_flags";
    .port_info 9 /OUTPUT 3 "fp_flags";
L_000002e81cb2b500 .functor AND 1, v000002e81ca582a0_0, L_000002e81cb343d0, C4<1>, C4<1>;
L_000002e81cb2b880 .functor AND 1, v000002e81ca582a0_0, L_000002e81cb332f0, C4<1>, C4<1>;
v000002e81ca556e0_0 .net *"_ivl_10", 0 0, L_000002e81cb332f0;  1 drivers
L_000002e81cab9b38 .functor BUFT 1, C4<010000>, C4<0>, C4<0>, C4<0>;
v000002e81ca55c80_0 .net/2u *"_ivl_2", 5 0, L_000002e81cab9b38;  1 drivers
v000002e81ca578a0_0 .net *"_ivl_4", 0 0, L_000002e81cb343d0;  1 drivers
L_000002e81cab9b80 .functor BUFT 1, C4<010001>, C4<0>, C4<0>, C4<0>;
v000002e81ca55780_0 .net/2u *"_ivl_8", 5 0, L_000002e81cab9b80;  1 drivers
v000002e81ca55820_0 .net "a", 31 0, v000002e81ca58e80_0;  1 drivers
v000002e81ca56f40_0 .net "b", 31 0, v000002e81ca58de0_0;  1 drivers
v000002e81ca56860_0 .net "clk", 0 0, v000002e81ca59420_0;  1 drivers
v000002e81ca56ae0_0 .net "div_done", 0 0, v000002e81c975b00_0;  1 drivers
v000002e81ca56b80_0 .net "div_quot", 31 0, v000002e81c976000_0;  1 drivers
v000002e81ca55960_0 .net "div_rem", 31 0, v000002e81c975ba0_0;  1 drivers
v000002e81ca55d20_0 .net "div_zero", 0 0, v000002e81c974700_0;  1 drivers
v000002e81ca55a00_0 .var "done", 0 0;
v000002e81ca56180_0 .net "fadd_of", 0 0, v000002e81c974340_0;  1 drivers
v000002e81ca56220_0 .net "fadd_res", 31 0, L_000002e81cb36bd0;  1 drivers
v000002e81ca57940_0 .net "fadd_uf", 0 0, v000002e81c9748e0_0;  1 drivers
v000002e81ca56c20_0 .net "fmul_of", 0 0, v000002e81c979700_0;  1 drivers
v000002e81ca55aa0_0 .net "fmul_res", 31 0, v000002e81c96e800_0;  1 drivers
v000002e81ca55b40_0 .net "fmul_uf", 0 0, v000002e81c979ac0_0;  1 drivers
v000002e81ca562c0_0 .var "fp_flags", 2 0;
v000002e81ca56360_0 .net "fsub_of", 0 0, v000002e81c96eee0_0;  1 drivers
v000002e81ca56400_0 .net "fsub_res", 31 0, L_000002e81cb36630;  1 drivers
v000002e81ca564a0_0 .net "fsub_uf", 0 0, v000002e81c96ef80_0;  1 drivers
v000002e81ca56cc0_0 .net "int_C", 0 0, v000002e81ca54b00_0;  1 drivers
v000002e81ca56d60_0 .net "int_N", 0 0, L_000002e81cb33430;  1 drivers
v000002e81ca56e00_0 .net "int_V", 0 0, v000002e81ca55320_0;  1 drivers
v000002e81ca59600_0 .net "int_Z", 0 0, L_000002e81cb337f0;  1 drivers
v000002e81ca58980_0 .var "int_flags", 3 0;
v000002e81ca58020_0 .net "int_result", 31 0, v000002e81ca533e0_0;  1 drivers
v000002e81ca59240_0 .net "mul_done", 0 0, v000002e81ca55e60_0;  1 drivers
v000002e81ca58200_0 .net "mul_prod", 63 0, v000002e81ca574e0_0;  1 drivers
v000002e81ca58480_0 .net "op", 5 0, v000002e81ca59a60_0;  1 drivers
v000002e81ca59380_0 .var "result", 31 0;
v000002e81ca596a0_0 .net "rst", 0 0, v000002e81ca59b00_0;  1 drivers
v000002e81ca59d80_0 .net "start", 0 0, v000002e81ca582a0_0;  1 drivers
E_000002e81c9327f0/0 .event anyedge, v000002e81ca58480_0, v000002e81ca533e0_0, v000002e81ca53520_0, v000002e81ca53a20_0;
E_000002e81c9327f0/1 .event anyedge, v000002e81ca54b00_0, v000002e81ca55320_0, v000002e81ca59d80_0, v000002e81ca574e0_0;
E_000002e81c9327f0/2 .event anyedge, v000002e81ca55e60_0, v000002e81c976000_0, v000002e81c975b00_0, v000002e81c9792a0_0;
E_000002e81c9327f0/3 .event anyedge, v000002e81c974340_0, v000002e81c9748e0_0, v000002e81c96f200_0, v000002e81c96eee0_0;
E_000002e81c9327f0/4 .event anyedge, v000002e81c96ef80_0, v000002e81c96e800_0, v000002e81c979700_0, v000002e81c979ac0_0;
E_000002e81c9327f0 .event/or E_000002e81c9327f0/0, E_000002e81c9327f0/1, E_000002e81c9327f0/2, E_000002e81c9327f0/3, E_000002e81c9327f0/4;
L_000002e81cb34790 .part v000002e81ca59a60_0, 0, 5;
L_000002e81cb343d0 .cmp/eq 6, v000002e81ca59a60_0, L_000002e81cab9b38;
L_000002e81cb332f0 .cmp/eq 6, v000002e81ca59a60_0, L_000002e81cab9b80;
S_000002e81c561a20 .scope module, "div_inst" "divider" 3 35, 4 3 0, S_000002e81c561890;
 .timescale -9 -12;
    .port_info 0 /INPUT 1 "clk";
    .port_info 1 /INPUT 1 "rst";
    .port_info 2 /INPUT 1 "start";
    .port_info 3 /INPUT 32 "dividend";
    .port_info 4 /INPUT 32 "divisor";
    .port_info 5 /OUTPUT 32 "quotient";
    .port_info 6 /OUTPUT 32 "remainder";
    .port_info 7 /OUTPUT 1 "done";
    .port_info 8 /OUTPUT 1 "div_zero";
P_000002e81c5d0fa0 .param/l "DIVIDING" 1 4 21, C4<01>;
P_000002e81c5d0fd8 .param/l "FINISH" 1 4 21, C4<10>;
P_000002e81c5d1010 .param/l "IDLE" 1 4 21, C4<00>;
v000002e81c976460_0 .var "AQ", 63 0;
v000002e81c975ce0_0 .var "M", 31 0;
v000002e81c975600_0 .net "clk", 0 0, v000002e81ca59420_0;  alias, 1 drivers
v000002e81c974700_0 .var "div_zero", 0 0;
v000002e81c974840_0 .net "dividend", 31 0, v000002e81ca58e80_0;  alias, 1 drivers
v000002e81c974b60_0 .net "divisor", 31 0, v000002e81ca58de0_0;  alias, 1 drivers
v000002e81c975b00_0 .var "done", 0 0;
v000002e81c976000_0 .var "quotient", 31 0;
v000002e81c975ba0_0 .var "remainder", 31 0;
v000002e81c9740c0_0 .net "rst", 0 0, v000002e81ca59b00_0;  alias, 1 drivers
v000002e81c975240_0 .var "shifted_AQ", 63 0;
v000002e81c9760a0_0 .net "start", 0 0, L_000002e81cb2b880;  1 drivers
v000002e81c976140_0 .var "state", 1 0;
v000002e81c976820_0 .var "step", 5 0;
E_000002e81c932530 .event posedge, v000002e81c9740c0_0, v000002e81c975600_0;
S_000002e81c5a53b0 .scope module, "fadd_inst" "float_add_sub" 3 46, 5 3 0, S_000002e81c561890;
 .timescale -9 -12;
    .port_info 0 /INPUT 32 "a";
    .port_info 1 /INPUT 32 "b";
    .port_info 2 /INPUT 1 "op";
    .port_info 3 /OUTPUT 32 "result";
    .port_info 4 /OUTPUT 1 "of_flag";
    .port_info 5 /OUTPUT 1 "uf_flag";
L_000002e81cb2c610 .functor XNOR 1, L_000002e81cb34510, L_000002e81cb345b0, C4<0>, C4<0>;
L_000002e81cb2bf10 .functor XOR 1, L_000002e81cb34510, L_000002e81cb345b0, C4<0>, C4<0>;
L_000002e81cb2bb90 .functor BUFT 1, L_000002e81cb2bf10, C4<0>, C4<0>, C4<0>;
L_000002e81cb2afc0 .functor BUFT 1, L_000002e81cb33cf0, C4<0>, C4<0>, C4<0>;
v000002e81c976a00_0 .net *"_ivl_1", 0 0, L_000002e81cb34330;  1 drivers
v000002e81c976aa0_0 .net *"_ivl_10", 0 0, L_000002e81cb2bf10;  1 drivers
v000002e81c9770e0_0 .net *"_ivl_14", 0 0, L_000002e81cb334d0;  1 drivers
v000002e81c978bc0_0 .net *"_ivl_17", 0 0, L_000002e81cb33570;  1 drivers
v000002e81c978c60_0 .net *"_ivl_18", 0 0, L_000002e81cb339d0;  1 drivers
v000002e81c977f40_0 .net *"_ivl_20", 0 0, L_000002e81cb33c50;  1 drivers
v000002e81c977fe0_0 .net *"_ivl_22", 0 0, L_000002e81cb33cf0;  1 drivers
L_000002e81caba048 .functor BUFT 1, C4<00000000000000000000000>, C4<0>, C4<0>, C4<0>;
v000002e81c976b40_0 .net/2u *"_ivl_26", 22 0, L_000002e81caba048;  1 drivers
L_000002e81caba090 .functor BUFT 1, C4<0>, C4<0>, C4<0>, C4<0>;
v000002e81c976e60_0 .net/2u *"_ivl_30", 0 0, L_000002e81caba090;  1 drivers
v000002e81c976f00_0 .net *"_ivl_34", 31 0, L_000002e81cb37170;  1 drivers
L_000002e81caba0d8 .functor BUFT 1, C4<0000000>, C4<0>, C4<0>, C4<0>;
v000002e81c978080_0 .net *"_ivl_37", 6 0, L_000002e81caba0d8;  1 drivers
L_000002e81caba120 .functor BUFT 1, C4<00000000000000000000000000000000>, C4<0>, C4<0>, C4<0>;
v000002e81c978800_0 .net/2u *"_ivl_38", 31 0, L_000002e81caba120;  1 drivers
v000002e81c9774a0_0 .net *"_ivl_40", 0 0, L_000002e81cb37df0;  1 drivers
L_000002e81caba168 .functor BUFT 1, C4<00000000000000000000000000000000>, C4<0>, C4<0>, C4<0>;
v000002e81c9781c0_0 .net/2u *"_ivl_42", 31 0, L_000002e81caba168;  1 drivers
v000002e81c9789e0_0 .net *"_ivl_44", 31 0, L_000002e81cb35ff0;  1 drivers
v000002e81c976fa0_0 .net *"_ivl_5", 0 0, L_000002e81cb355f0;  1 drivers
v000002e81c978d00_0 .net *"_ivl_8", 0 0, L_000002e81cb2c610;  1 drivers
v000002e81c977400_0 .net "a", 31 0, v000002e81ca58e80_0;  alias, 1 drivers
v000002e81c977540_0 .net "am1", 24 0, v000002e81c976280_0;  1 drivers
v000002e81c978b20_0 .net "am2", 24 0, v000002e81c975740_0;  1 drivers
v000002e81c9777c0_0 .net "b", 31 0, v000002e81ca58de0_0;  alias, 1 drivers
v000002e81c9775e0_0 .net "common_exp", 7 0, v000002e81c974160_0;  1 drivers
v000002e81c978580_0 .net "e1", 7 0, L_000002e81cb34b50;  1 drivers
v000002e81c978300_0 .net "e2", 7 0, L_000002e81cb35690;  1 drivers
v000002e81c978120_0 .net "eff_sub", 0 0, L_000002e81cb2bb90;  1 drivers
v000002e81c9788a0_0 .net "final_e", 7 0, v000002e81c974ac0_0;  1 drivers
v000002e81c978da0_0 .net "final_m", 22 0, v000002e81c9743e0_0;  1 drivers
v000002e81c978e40_0 .net "final_s", 0 0, L_000002e81cb2afc0;  1 drivers
v000002e81c977680_0 .net "imp_m1", 23 0, L_000002e81cb35230;  1 drivers
v000002e81c979e80_0 .net "imp_m2", 23 0, L_000002e81cb35a50;  1 drivers
v000002e81c979200_0 .net "m1", 22 0, L_000002e81cb34fb0;  1 drivers
v000002e81c9790c0_0 .net "m2", 22 0, L_000002e81cb350f0;  1 drivers
v000002e81c979160_0 .net "of_flag", 0 0, v000002e81c974340_0;  alias, 1 drivers
L_000002e81caba1b0 .functor BUFT 1, C4<0>, C4<0>, C4<0>, C4<0>;
v000002e81c979f20_0 .net "op", 0 0, L_000002e81caba1b0;  1 drivers
v000002e81c979de0_0 .var "res_m", 24 0;
v000002e81c9792a0_0 .net "result", 31 0, L_000002e81cb36bd0;  alias, 1 drivers
v000002e81c979340_0 .net "s1", 0 0, L_000002e81cb34510;  1 drivers
v000002e81c979ca0_0 .net "s2", 0 0, L_000002e81cb345b0;  1 drivers
v000002e81c9797a0_0 .net "uf_flag", 0 0, v000002e81c9748e0_0;  alias, 1 drivers
E_000002e81c932f70 .event anyedge, v000002e81c978120_0, v000002e81c976280_0, v000002e81c975740_0;
L_000002e81cb34330 .reduce/or L_000002e81cb34b50;
L_000002e81cb35230 .concat [ 23 1 0 0], L_000002e81cb34fb0, L_000002e81cb34330;
L_000002e81cb355f0 .reduce/or L_000002e81cb35690;
L_000002e81cb35a50 .concat [ 23 1 0 0], L_000002e81cb350f0, L_000002e81cb355f0;
L_000002e81cb334d0 .cmp/ge 25, v000002e81c976280_0, v000002e81c975740_0;
L_000002e81cb33570 .reduce/nor L_000002e81cb345b0;
L_000002e81cb339d0 .functor MUXZ 1, L_000002e81cb33570, L_000002e81cb34510, L_000002e81cb334d0, C4<>;
L_000002e81cb33c50 .cmp/ge 25, v000002e81c976280_0, v000002e81c975740_0;
L_000002e81cb33cf0 .functor MUXZ 1, L_000002e81cb345b0, L_000002e81cb34510, L_000002e81cb33c50, C4<>;
L_000002e81cb37d50 .concat [ 25 23 0 0], v000002e81c979de0_0, L_000002e81caba048;
L_000002e81cb36e50 .concat [ 8 1 0 0], v000002e81c974160_0, L_000002e81caba090;
L_000002e81cb37170 .concat [ 25 7 0 0], v000002e81c979de0_0, L_000002e81caba0d8;
L_000002e81cb37df0 .cmp/eq 32, L_000002e81cb37170, L_000002e81caba120;
L_000002e81cb35ff0 .concat [ 23 8 1 0], v000002e81c9743e0_0, v000002e81c974ac0_0, L_000002e81cb2afc0;
L_000002e81cb36bd0 .functor MUXZ 32, L_000002e81cb35ff0, L_000002e81caba168, L_000002e81cb37df0, C4<>;
S_000002e81c5a5540 .scope module, "align" "mantissa_aligner" 5 23, 6 3 0, S_000002e81c5a53b0;
 .timescale -9 -12;
    .port_info 0 /INPUT 8 "exp_a";
    .port_info 1 /INPUT 24 "mant_a";
    .port_info 2 /INPUT 8 "exp_b";
    .port_info 3 /INPUT 24 "mant_b";
    .port_info 4 /OUTPUT 25 "aligned_a";
    .port_info 5 /OUTPUT 25 "aligned_b";
    .port_info 6 /OUTPUT 8 "common_exp";
v000002e81c976280_0 .var "aligned_a", 24 0;
v000002e81c975740_0 .var "aligned_b", 24 0;
v000002e81c974160_0 .var "common_exp", 7 0;
v000002e81c975d80_0 .net "exp_a", 7 0, L_000002e81cb34b50;  alias, 1 drivers
v000002e81c975560_0 .net "exp_b", 7 0, L_000002e81cb35690;  alias, 1 drivers
v000002e81c9752e0_0 .var "exp_diff", 7 0;
v000002e81c975920_0 .net "mant_a", 23 0, L_000002e81cb35230;  alias, 1 drivers
v000002e81c9763c0_0 .net "mant_b", 23 0, L_000002e81cb35a50;  alias, 1 drivers
E_000002e81c933870/0 .event anyedge, v000002e81c975d80_0, v000002e81c975560_0, v000002e81c975920_0, v000002e81c9752e0_0;
E_000002e81c933870/1 .event anyedge, v000002e81c9763c0_0;
E_000002e81c933870 .event/or E_000002e81c933870/0, E_000002e81c933870/1;
S_000002e81c5e3a80 .scope module, "norm_unit" "float_norm" 5 39, 7 3 0, S_000002e81c5a53b0;
 .timescale -9 -12;
    .port_info 0 /INPUT 48 "raw_mant";
    .port_info 1 /INPUT 9 "raw_exp";
    .port_info 2 /OUTPUT 8 "final_exp";
    .port_info 3 /OUTPUT 23 "final_mant";
    .port_info 4 /OUTPUT 1 "done_uf";
    .port_info 5 /OUTPUT 1 "done_of";
v000002e81c974340_0 .var "done_of", 0 0;
v000002e81c9748e0_0 .var "done_uf", 0 0;
v000002e81c974ac0_0 .var "final_exp", 7 0;
v000002e81c9743e0_0 .var "final_mant", 22 0;
v000002e81c974480_0 .var "found", 0 0;
v000002e81c975e20_0 .var/i "i", 31 0;
v000002e81c976320_0 .var "l_one", 5 0;
v000002e81c975380_0 .net "raw_exp", 8 0, L_000002e81cb36e50;  1 drivers
v000002e81c975100_0 .net "raw_mant", 47 0, L_000002e81cb37d50;  1 drivers
E_000002e81c933f70/0 .event anyedge, v000002e81c975100_0, v000002e81c974480_0, v000002e81c975380_0, v000002e81c976320_0;
E_000002e81c933f70/1 .event anyedge, v000002e81c974ac0_0, v000002e81c974340_0;
E_000002e81c933f70 .event/or E_000002e81c933f70/0, E_000002e81c933f70/1;
S_000002e81c5e3c10 .scope module, "u1" "float_unpacker" 5 15, 8 3 0, S_000002e81c5a53b0;
 .timescale -9 -12;
    .port_info 0 /INPUT 32 "float32";
    .port_info 1 /OUTPUT 1 "sign";
    .port_info 2 /OUTPUT 8 "exponent";
    .port_info 3 /OUTPUT 23 "mantissa";
    .port_info 4 /OUTPUT 1 "is_zero";
    .port_info 5 /OUTPUT 1 "is_inf";
    .port_info 6 /OUTPUT 1 "is_nan";
    .port_info 7 /OUTPUT 1 "is_denormal";
L_000002e81cb2b6c0 .functor AND 1, L_000002e81cb34290, L_000002e81cb34bf0, C4<1>, C4<1>;
L_000002e81cb2bff0 .functor AND 1, L_000002e81cb34d30, L_000002e81cb33890, C4<1>, C4<1>;
L_000002e81cb2c3e0 .functor AND 1, L_000002e81cb34150, L_000002e81cb35910, C4<1>, C4<1>;
L_000002e81cb2c450 .functor AND 1, L_000002e81cb33a70, L_000002e81cb35050, C4<1>, C4<1>;
L_000002e81cab9c10 .functor BUFT 1, C4<00000000000000000000000>, C4<0>, C4<0>, C4<0>;
v000002e81c9756a0_0 .net/2u *"_ivl_10", 22 0, L_000002e81cab9c10;  1 drivers
v000002e81c974c00_0 .net *"_ivl_12", 0 0, L_000002e81cb34bf0;  1 drivers
L_000002e81cab9c58 .functor BUFT 1, C4<00000000>, C4<0>, C4<0>, C4<0>;
v000002e81c975880_0 .net/2u *"_ivl_16", 7 0, L_000002e81cab9c58;  1 drivers
v000002e81c9765a0_0 .net *"_ivl_18", 0 0, L_000002e81cb34d30;  1 drivers
L_000002e81cab9ca0 .functor BUFT 1, C4<00000000000000000000000>, C4<0>, C4<0>, C4<0>;
v000002e81c974520_0 .net/2u *"_ivl_20", 22 0, L_000002e81cab9ca0;  1 drivers
v000002e81c9745c0_0 .net *"_ivl_22", 0 0, L_000002e81cb33890;  1 drivers
L_000002e81cab9ce8 .functor BUFT 1, C4<11111111>, C4<0>, C4<0>, C4<0>;
v000002e81c974660_0 .net/2u *"_ivl_26", 7 0, L_000002e81cab9ce8;  1 drivers
v000002e81c9747a0_0 .net *"_ivl_28", 0 0, L_000002e81cb34150;  1 drivers
L_000002e81cab9d30 .functor BUFT 1, C4<00000000000000000000000>, C4<0>, C4<0>, C4<0>;
v000002e81c974ca0_0 .net/2u *"_ivl_30", 22 0, L_000002e81cab9d30;  1 drivers
v000002e81c974d40_0 .net *"_ivl_32", 0 0, L_000002e81cb35910;  1 drivers
L_000002e81cab9d78 .functor BUFT 1, C4<11111111>, C4<0>, C4<0>, C4<0>;
v000002e81c974de0_0 .net/2u *"_ivl_36", 7 0, L_000002e81cab9d78;  1 drivers
v000002e81c974e80_0 .net *"_ivl_38", 0 0, L_000002e81cb33a70;  1 drivers
L_000002e81cab9dc0 .functor BUFT 1, C4<00000000000000000000000>, C4<0>, C4<0>, C4<0>;
v000002e81c974fc0_0 .net/2u *"_ivl_40", 22 0, L_000002e81cab9dc0;  1 drivers
v000002e81c977cc0_0 .net *"_ivl_42", 0 0, L_000002e81cb35050;  1 drivers
L_000002e81cab9bc8 .functor BUFT 1, C4<00000000>, C4<0>, C4<0>, C4<0>;
v000002e81c976be0_0 .net/2u *"_ivl_6", 7 0, L_000002e81cab9bc8;  1 drivers
v000002e81c978620_0 .net *"_ivl_8", 0 0, L_000002e81cb34290;  1 drivers
v000002e81c977360_0 .net "exponent", 7 0, L_000002e81cb34b50;  alias, 1 drivers
v000002e81c977a40_0 .net "float32", 31 0, v000002e81ca58e80_0;  alias, 1 drivers
v000002e81c978f80_0 .net "is_denormal", 0 0, L_000002e81cb2bff0;  1 drivers
v000002e81c979020_0 .net "is_inf", 0 0, L_000002e81cb2c3e0;  1 drivers
v000002e81c978940_0 .net "is_nan", 0 0, L_000002e81cb2c450;  1 drivers
v000002e81c977180_0 .net "is_zero", 0 0, L_000002e81cb2b6c0;  1 drivers
v000002e81c9786c0_0 .net "mantissa", 22 0, L_000002e81cb34fb0;  alias, 1 drivers
v000002e81c977b80_0 .net "sign", 0 0, L_000002e81cb34510;  alias, 1 drivers
L_000002e81cb34510 .part v000002e81ca58e80_0, 31, 1;
L_000002e81cb34b50 .part v000002e81ca58e80_0, 23, 8;
L_000002e81cb34fb0 .part v000002e81ca58e80_0, 0, 23;
L_000002e81cb34290 .cmp/eq 8, L_000002e81cb34b50, L_000002e81cab9bc8;
L_000002e81cb34bf0 .cmp/eq 23, L_000002e81cb34fb0, L_000002e81cab9c10;
L_000002e81cb34d30 .cmp/eq 8, L_000002e81cb34b50, L_000002e81cab9c58;
L_000002e81cb33890 .cmp/ne 23, L_000002e81cb34fb0, L_000002e81cab9ca0;
L_000002e81cb34150 .cmp/eq 8, L_000002e81cb34b50, L_000002e81cab9ce8;
L_000002e81cb35910 .cmp/eq 23, L_000002e81cb34fb0, L_000002e81cab9d30;
L_000002e81cb33a70 .cmp/eq 8, L_000002e81cb34b50, L_000002e81cab9d78;
L_000002e81cb35050 .cmp/ne 23, L_000002e81cb34fb0, L_000002e81cab9dc0;
S_000002e81c5dd1d0 .scope module, "u2" "float_unpacker" 5 16, 8 3 0, S_000002e81c5a53b0;
 .timescale -9 -12;
    .port_info 0 /INPUT 32 "float32";
    .port_info 1 /OUTPUT 1 "sign";
    .port_info 2 /OUTPUT 8 "exponent";
    .port_info 3 /OUTPUT 23 "mantissa";
    .port_info 4 /OUTPUT 1 "is_zero";
    .port_info 5 /OUTPUT 1 "is_inf";
    .port_info 6 /OUTPUT 1 "is_nan";
    .port_info 7 /OUTPUT 1 "is_denormal";
L_000002e81cb2c1b0 .functor AND 1, L_000002e81cb33930, L_000002e81cb33b10, C4<1>, C4<1>;
L_000002e81cb2c5a0 .functor AND 1, L_000002e81cb33390, L_000002e81cb35190, C4<1>, C4<1>;
L_000002e81cb2c7d0 .functor AND 1, L_000002e81cb354b0, L_000002e81cb341f0, C4<1>, C4<1>;
L_000002e81cb2b8f0 .functor AND 1, L_000002e81cb33750, L_000002e81cb357d0, C4<1>, C4<1>;
L_000002e81cab9e50 .functor BUFT 1, C4<00000000000000000000000>, C4<0>, C4<0>, C4<0>;
v000002e81c978760_0 .net/2u *"_ivl_10", 22 0, L_000002e81cab9e50;  1 drivers
v000002e81c9783a0_0 .net *"_ivl_12", 0 0, L_000002e81cb33b10;  1 drivers
L_000002e81cab9e98 .functor BUFT 1, C4<00000000>, C4<0>, C4<0>, C4<0>;
v000002e81c978260_0 .net/2u *"_ivl_16", 7 0, L_000002e81cab9e98;  1 drivers
v000002e81c978440_0 .net *"_ivl_18", 0 0, L_000002e81cb33390;  1 drivers
L_000002e81cab9ee0 .functor BUFT 1, C4<00000000000000000000000>, C4<0>, C4<0>, C4<0>;
v000002e81c977860_0 .net/2u *"_ivl_20", 22 0, L_000002e81cab9ee0;  1 drivers
v000002e81c977040_0 .net *"_ivl_22", 0 0, L_000002e81cb35190;  1 drivers
L_000002e81cab9f28 .functor BUFT 1, C4<11111111>, C4<0>, C4<0>, C4<0>;
v000002e81c976960_0 .net/2u *"_ivl_26", 7 0, L_000002e81cab9f28;  1 drivers
v000002e81c977220_0 .net *"_ivl_28", 0 0, L_000002e81cb354b0;  1 drivers
L_000002e81cab9f70 .functor BUFT 1, C4<00000000000000000000000>, C4<0>, C4<0>, C4<0>;
v000002e81c9768c0_0 .net/2u *"_ivl_30", 22 0, L_000002e81cab9f70;  1 drivers
v000002e81c9779a0_0 .net *"_ivl_32", 0 0, L_000002e81cb341f0;  1 drivers
L_000002e81cab9fb8 .functor BUFT 1, C4<11111111>, C4<0>, C4<0>, C4<0>;
v000002e81c976c80_0 .net/2u *"_ivl_36", 7 0, L_000002e81cab9fb8;  1 drivers
v000002e81c978a80_0 .net *"_ivl_38", 0 0, L_000002e81cb33750;  1 drivers
L_000002e81caba000 .functor BUFT 1, C4<00000000000000000000000>, C4<0>, C4<0>, C4<0>;
v000002e81c977c20_0 .net/2u *"_ivl_40", 22 0, L_000002e81caba000;  1 drivers
v000002e81c976dc0_0 .net *"_ivl_42", 0 0, L_000002e81cb357d0;  1 drivers
L_000002e81cab9e08 .functor BUFT 1, C4<00000000>, C4<0>, C4<0>, C4<0>;
v000002e81c9772c0_0 .net/2u *"_ivl_6", 7 0, L_000002e81cab9e08;  1 drivers
v000002e81c977ae0_0 .net *"_ivl_8", 0 0, L_000002e81cb33930;  1 drivers
v000002e81c977d60_0 .net "exponent", 7 0, L_000002e81cb35690;  alias, 1 drivers
v000002e81c9784e0_0 .net "float32", 31 0, v000002e81ca58de0_0;  alias, 1 drivers
v000002e81c977ea0_0 .net "is_denormal", 0 0, L_000002e81cb2c5a0;  1 drivers
v000002e81c977900_0 .net "is_inf", 0 0, L_000002e81cb2c7d0;  1 drivers
v000002e81c976d20_0 .net "is_nan", 0 0, L_000002e81cb2b8f0;  1 drivers
v000002e81c977720_0 .net "is_zero", 0 0, L_000002e81cb2c1b0;  1 drivers
v000002e81c978ee0_0 .net "mantissa", 22 0, L_000002e81cb350f0;  alias, 1 drivers
v000002e81c977e00_0 .net "sign", 0 0, L_000002e81cb345b0;  alias, 1 drivers
L_000002e81cb345b0 .part v000002e81ca58de0_0, 31, 1;
L_000002e81cb35690 .part v000002e81ca58de0_0, 23, 8;
L_000002e81cb350f0 .part v000002e81ca58de0_0, 0, 23;
L_000002e81cb33930 .cmp/eq 8, L_000002e81cb35690, L_000002e81cab9e08;
L_000002e81cb33b10 .cmp/eq 23, L_000002e81cb350f0, L_000002e81cab9e50;
L_000002e81cb33390 .cmp/eq 8, L_000002e81cb35690, L_000002e81cab9e98;
L_000002e81cb35190 .cmp/ne 23, L_000002e81cb350f0, L_000002e81cab9ee0;
L_000002e81cb354b0 .cmp/eq 8, L_000002e81cb35690, L_000002e81cab9f28;
L_000002e81cb341f0 .cmp/eq 23, L_000002e81cb350f0, L_000002e81cab9f70;
L_000002e81cb33750 .cmp/eq 8, L_000002e81cb35690, L_000002e81cab9fb8;
L_000002e81cb357d0 .cmp/ne 23, L_000002e81cb350f0, L_000002e81caba000;
S_000002e81c5cfd10 .scope module, "fmul_inst" "float_mul" 3 48, 9 3 0, S_000002e81c561890;
 .timescale -9 -12;
    .port_info 0 /INPUT 32 "a";
    .port_info 1 /INPUT 32 "b";
    .port_info 2 /OUTPUT 32 "result";
    .port_info 3 /OUTPUT 1 "of_flag";
    .port_info 4 /OUTPUT 1 "uf_flag";
L_000002e81cb2b490 .functor XOR 1, L_000002e81cb36a90, L_000002e81cb37c10, C4<0>, C4<0>;
v000002e81c96b2e0_0 .net *"_ivl_10", 47 0, L_000002e81cb39dd0;  1 drivers
L_000002e81cabaca8 .functor BUFT 1, C4<000000000000000000000000>, C4<0>, C4<0>, C4<0>;
v000002e81c96c000_0 .net *"_ivl_13", 23 0, L_000002e81cabaca8;  1 drivers
v000002e81c96ad40_0 .net *"_ivl_14", 47 0, L_000002e81cb39e70;  1 drivers
L_000002e81cabacf0 .functor BUFT 1, C4<000000000000000000000000>, C4<0>, C4<0>, C4<0>;
v000002e81c96c140_0 .net *"_ivl_17", 23 0, L_000002e81cabacf0;  1 drivers
v000002e81c96a7a0_0 .net *"_ivl_20", 9 0, L_000002e81cb3aa50;  1 drivers
L_000002e81cabad38 .functor BUFT 1, C4<00>, C4<0>, C4<0>, C4<0>;
v000002e81c96c1e0_0 .net *"_ivl_23", 1 0, L_000002e81cabad38;  1 drivers
v000002e81c96bec0_0 .net *"_ivl_24", 9 0, L_000002e81cb39650;  1 drivers
L_000002e81cabad80 .functor BUFT 1, C4<00>, C4<0>, C4<0>, C4<0>;
v000002e81c96a480_0 .net *"_ivl_27", 1 0, L_000002e81cabad80;  1 drivers
v000002e81c96a0c0_0 .net *"_ivl_28", 9 0, L_000002e81cb38c50;  1 drivers
v000002e81c96ade0_0 .net *"_ivl_3", 0 0, L_000002e81cb3a190;  1 drivers
L_000002e81cabadc8 .functor BUFT 1, C4<0001111111>, C4<0>, C4<0>, C4<0>;
v000002e81c96a160_0 .net/2u *"_ivl_30", 9 0, L_000002e81cabadc8;  1 drivers
L_000002e81cabae10 .functor BUFT 1, C4<00000000000000000000000>, C4<0>, C4<0>, C4<0>;
v000002e81c96a520_0 .net/2u *"_ivl_34", 22 0, L_000002e81cabae10;  1 drivers
v000002e81c96ae80_0 .net *"_ivl_37", 24 0, L_000002e81cb3a690;  1 drivers
v000002e81c96b740_0 .net *"_ivl_7", 0 0, L_000002e81cb39790;  1 drivers
v000002e81c96a340_0 .net "a", 31 0, v000002e81ca58e80_0;  alias, 1 drivers
v000002e81c96afc0_0 .net "b", 31 0, v000002e81ca58de0_0;  alias, 1 drivers
v000002e81c96bf60_0 .net "e1", 7 0, L_000002e81cb363b0;  1 drivers
v000002e81c96a3e0_0 .net "e2", 7 0, L_000002e81cb37fd0;  1 drivers
v000002e81c96b7e0_0 .net/s "exp_sum", 9 0, L_000002e81cb38390;  1 drivers
v000002e81c96c0a0_0 .net "final_e", 7 0, v000002e81c9793e0_0;  1 drivers
v000002e81c96c320_0 .net "final_m", 22 0, v000002e81c979480_0;  1 drivers
v000002e81c96d540_0 .net "final_s", 0 0, L_000002e81cb2b490;  1 drivers
v000002e81c96e6c0_0 .net "imp_m1", 23 0, L_000002e81cb3a9b0;  1 drivers
v000002e81c96d180_0 .net "imp_m2", 23 0, L_000002e81cb395b0;  1 drivers
v000002e81c96e940_0 .net "inf1", 0 0, L_000002e81cb2ca00;  1 drivers
v000002e81c96e440_0 .net "inf2", 0 0, L_000002e81cb2c300;  1 drivers
v000002e81c96ce60_0 .net "m1", 22 0, L_000002e81cb377b0;  1 drivers
v000002e81c96da40_0 .net "m2", 22 0, L_000002e81cb35cd0;  1 drivers
v000002e81c96cf00_0 .net "nan1", 0 0, L_000002e81cb2ba40;  1 drivers
v000002e81c96cfa0_0 .net "nan2", 0 0, L_000002e81cb2c370;  1 drivers
v000002e81c96cc80_0 .net "of_flag", 0 0, v000002e81c979700_0;  alias, 1 drivers
v000002e81c96e760_0 .net "prod_m", 47 0, L_000002e81cb39c90;  1 drivers
v000002e81c96e800_0 .var "result", 31 0;
v000002e81c96e620_0 .net "s1", 0 0, L_000002e81cb36a90;  1 drivers
v000002e81c96e4e0_0 .net "s2", 0 0, L_000002e81cb37c10;  1 drivers
v000002e81c96cd20_0 .net "uf_flag", 0 0, v000002e81c979ac0_0;  alias, 1 drivers
v000002e81c96de00_0 .net "z1", 0 0, L_000002e81cb2c680;  1 drivers
v000002e81c96df40_0 .net "z2", 0 0, L_000002e81cb2bce0;  1 drivers
E_000002e81c932970/0 .event anyedge, v000002e81c96c460_0, v000002e81c96c500_0, v000002e81c96ba60_0, v000002e81c96b920_0;
E_000002e81c932970/1 .event anyedge, v000002e81c96c3c0_0, v000002e81c96bba0_0, v000002e81c96d540_0, v000002e81c9793e0_0;
E_000002e81c932970/2 .event anyedge, v000002e81c979480_0;
E_000002e81c932970 .event/or E_000002e81c932970/0, E_000002e81c932970/1, E_000002e81c932970/2;
L_000002e81cb3a190 .reduce/or L_000002e81cb363b0;
L_000002e81cb3a9b0 .concat [ 23 1 0 0], L_000002e81cb377b0, L_000002e81cb3a190;
L_000002e81cb39790 .reduce/or L_000002e81cb37fd0;
L_000002e81cb395b0 .concat [ 23 1 0 0], L_000002e81cb35cd0, L_000002e81cb39790;
L_000002e81cb39dd0 .concat [ 24 24 0 0], L_000002e81cb3a9b0, L_000002e81cabaca8;
L_000002e81cb39e70 .concat [ 24 24 0 0], L_000002e81cb395b0, L_000002e81cabacf0;
L_000002e81cb39c90 .arith/mult 48, L_000002e81cb39dd0, L_000002e81cb39e70;
L_000002e81cb3aa50 .concat [ 8 2 0 0], L_000002e81cb363b0, L_000002e81cabad38;
L_000002e81cb39650 .concat [ 8 2 0 0], L_000002e81cb37fd0, L_000002e81cabad80;
L_000002e81cb38c50 .arith/sum 10, L_000002e81cb3aa50, L_000002e81cb39650;
L_000002e81cb38390 .arith/sub 10, L_000002e81cb38c50, L_000002e81cabadc8;
L_000002e81cb3a690 .part L_000002e81cb39c90, 23, 25;
L_000002e81cb3a870 .concat [ 25 23 0 0], L_000002e81cb3a690, L_000002e81cabae10;
L_000002e81cb3a550 .part L_000002e81cb38390, 0, 9;
S_000002e81c5cfea0 .scope module, "norm_unit" "float_norm" 9 42, 7 3 0, S_000002e81c5cfd10;
 .timescale -9 -12;
    .port_info 0 /INPUT 48 "raw_mant";
    .port_info 1 /INPUT 9 "raw_exp";
    .port_info 2 /OUTPUT 8 "final_exp";
    .port_info 3 /OUTPUT 23 "final_mant";
    .port_info 4 /OUTPUT 1 "done_uf";
    .port_info 5 /OUTPUT 1 "done_of";
v000002e81c979700_0 .var "done_of", 0 0;
v000002e81c979ac0_0 .var "done_uf", 0 0;
v000002e81c9793e0_0 .var "final_exp", 7 0;
v000002e81c979480_0 .var "final_mant", 22 0;
v000002e81c979840_0 .var "found", 0 0;
v000002e81c979520_0 .var/i "i", 31 0;
v000002e81c979b60_0 .var "l_one", 5 0;
v000002e81c9795c0_0 .net "raw_exp", 8 0, L_000002e81cb3a550;  1 drivers
v000002e81c979660_0 .net "raw_mant", 47 0, L_000002e81cb3a870;  1 drivers
E_000002e81c933370/0 .event anyedge, v000002e81c979660_0, v000002e81c979840_0, v000002e81c9795c0_0, v000002e81c979b60_0;
E_000002e81c933370/1 .event anyedge, v000002e81c9793e0_0, v000002e81c979700_0;
E_000002e81c933370 .event/or E_000002e81c933370/0, E_000002e81c933370/1;
S_000002e81c5c9040 .scope module, "u1" "float_unpacker" 9 17, 8 3 0, S_000002e81c5cfd10;
 .timescale -9 -12;
    .port_info 0 /INPUT 32 "float32";
    .port_info 1 /OUTPUT 1 "sign";
    .port_info 2 /OUTPUT 8 "exponent";
    .port_info 3 /OUTPUT 23 "mantissa";
    .port_info 4 /OUTPUT 1 "is_zero";
    .port_info 5 /OUTPUT 1 "is_inf";
    .port_info 6 /OUTPUT 1 "is_nan";
    .port_info 7 /OUTPUT 1 "is_denormal";
L_000002e81cb2c680 .functor AND 1, L_000002e81cb37f30, L_000002e81cb36c70, C4<1>, C4<1>;
L_000002e81cb2b9d0 .functor AND 1, L_000002e81cb36d10, L_000002e81cb36db0, C4<1>, C4<1>;
L_000002e81cb2ca00 .functor AND 1, L_000002e81cb37b70, L_000002e81cb37ad0, C4<1>, C4<1>;
L_000002e81cb2ba40 .functor AND 1, L_000002e81cb370d0, L_000002e81cb37030, C4<1>, C4<1>;
L_000002e81caba870 .functor BUFT 1, C4<00000000000000000000000>, C4<0>, C4<0>, C4<0>;
v000002e81c9798e0_0 .net/2u *"_ivl_10", 22 0, L_000002e81caba870;  1 drivers
v000002e81c979980_0 .net *"_ivl_12", 0 0, L_000002e81cb36c70;  1 drivers
L_000002e81caba8b8 .functor BUFT 1, C4<00000000>, C4<0>, C4<0>, C4<0>;
v000002e81c979a20_0 .net/2u *"_ivl_16", 7 0, L_000002e81caba8b8;  1 drivers
v000002e81c979c00_0 .net *"_ivl_18", 0 0, L_000002e81cb36d10;  1 drivers
L_000002e81caba900 .functor BUFT 1, C4<00000000000000000000000>, C4<0>, C4<0>, C4<0>;
v000002e81c979d40_0 .net/2u *"_ivl_20", 22 0, L_000002e81caba900;  1 drivers
v000002e81c96bd80_0 .net *"_ivl_22", 0 0, L_000002e81cb36db0;  1 drivers
L_000002e81caba948 .functor BUFT 1, C4<11111111>, C4<0>, C4<0>, C4<0>;
v000002e81c96a8e0_0 .net/2u *"_ivl_26", 7 0, L_000002e81caba948;  1 drivers
v000002e81c96c780_0 .net *"_ivl_28", 0 0, L_000002e81cb37b70;  1 drivers
L_000002e81caba990 .functor BUFT 1, C4<00000000000000000000000>, C4<0>, C4<0>, C4<0>;
v000002e81c96a5c0_0 .net/2u *"_ivl_30", 22 0, L_000002e81caba990;  1 drivers
v000002e81c96c280_0 .net *"_ivl_32", 0 0, L_000002e81cb37ad0;  1 drivers
L_000002e81caba9d8 .functor BUFT 1, C4<11111111>, C4<0>, C4<0>, C4<0>;
v000002e81c96c640_0 .net/2u *"_ivl_36", 7 0, L_000002e81caba9d8;  1 drivers
v000002e81c96bb00_0 .net *"_ivl_38", 0 0, L_000002e81cb370d0;  1 drivers
L_000002e81cabaa20 .functor BUFT 1, C4<00000000000000000000000>, C4<0>, C4<0>, C4<0>;
v000002e81c96b9c0_0 .net/2u *"_ivl_40", 22 0, L_000002e81cabaa20;  1 drivers
v000002e81c96aac0_0 .net *"_ivl_42", 0 0, L_000002e81cb37030;  1 drivers
L_000002e81caba828 .functor BUFT 1, C4<00000000>, C4<0>, C4<0>, C4<0>;
v000002e81c96a840_0 .net/2u *"_ivl_6", 7 0, L_000002e81caba828;  1 drivers
v000002e81c96bc40_0 .net *"_ivl_8", 0 0, L_000002e81cb37f30;  1 drivers
v000002e81c96a200_0 .net "exponent", 7 0, L_000002e81cb363b0;  alias, 1 drivers
v000002e81c96b560_0 .net "float32", 31 0, v000002e81ca58e80_0;  alias, 1 drivers
v000002e81c96b600_0 .net "is_denormal", 0 0, L_000002e81cb2b9d0;  1 drivers
v000002e81c96ba60_0 .net "is_inf", 0 0, L_000002e81cb2ca00;  alias, 1 drivers
v000002e81c96c460_0 .net "is_nan", 0 0, L_000002e81cb2ba40;  alias, 1 drivers
v000002e81c96bba0_0 .net "is_zero", 0 0, L_000002e81cb2c680;  alias, 1 drivers
v000002e81c96b060_0 .net "mantissa", 22 0, L_000002e81cb377b0;  alias, 1 drivers
v000002e81c96b240_0 .net "sign", 0 0, L_000002e81cb36a90;  alias, 1 drivers
L_000002e81cb36a90 .part v000002e81ca58e80_0, 31, 1;
L_000002e81cb363b0 .part v000002e81ca58e80_0, 23, 8;
L_000002e81cb377b0 .part v000002e81ca58e80_0, 0, 23;
L_000002e81cb37f30 .cmp/eq 8, L_000002e81cb363b0, L_000002e81caba828;
L_000002e81cb36c70 .cmp/eq 23, L_000002e81cb377b0, L_000002e81caba870;
L_000002e81cb36d10 .cmp/eq 8, L_000002e81cb363b0, L_000002e81caba8b8;
L_000002e81cb36db0 .cmp/ne 23, L_000002e81cb377b0, L_000002e81caba900;
L_000002e81cb37b70 .cmp/eq 8, L_000002e81cb363b0, L_000002e81caba948;
L_000002e81cb37ad0 .cmp/eq 23, L_000002e81cb377b0, L_000002e81caba990;
L_000002e81cb370d0 .cmp/eq 8, L_000002e81cb363b0, L_000002e81caba9d8;
L_000002e81cb37030 .cmp/ne 23, L_000002e81cb377b0, L_000002e81cabaa20;
S_000002e81c5c91d0 .scope module, "u2" "float_unpacker" 9 21, 8 3 0, S_000002e81c5cfd10;
 .timescale -9 -12;
    .port_info 0 /INPUT 32 "float32";
    .port_info 1 /OUTPUT 1 "sign";
    .port_info 2 /OUTPUT 8 "exponent";
    .port_info 3 /OUTPUT 23 "mantissa";
    .port_info 4 /OUTPUT 1 "is_zero";
    .port_info 5 /OUTPUT 1 "is_inf";
    .port_info 6 /OUTPUT 1 "is_nan";
    .port_info 7 /OUTPUT 1 "is_denormal";
L_000002e81cb2bce0 .functor AND 1, L_000002e81cb38070, L_000002e81cb38110, C4<1>, C4<1>;
L_000002e81cb2bb20 .functor AND 1, L_000002e81cb36090, L_000002e81cb381b0, C4<1>, C4<1>;
L_000002e81cb2c300 .functor AND 1, L_000002e81cb35d70, L_000002e81cb35eb0, C4<1>, C4<1>;
L_000002e81cb2c370 .functor AND 1, L_000002e81cb35f50, L_000002e81cb38bb0, C4<1>, C4<1>;
L_000002e81cabaab0 .functor BUFT 1, C4<00000000000000000000000>, C4<0>, C4<0>, C4<0>;
v000002e81c96ac00_0 .net/2u *"_ivl_10", 22 0, L_000002e81cabaab0;  1 drivers
v000002e81c96b380_0 .net *"_ivl_12", 0 0, L_000002e81cb38110;  1 drivers
L_000002e81cabaaf8 .functor BUFT 1, C4<00000000>, C4<0>, C4<0>, C4<0>;
v000002e81c96a660_0 .net/2u *"_ivl_16", 7 0, L_000002e81cabaaf8;  1 drivers
v000002e81c96b880_0 .net *"_ivl_18", 0 0, L_000002e81cb36090;  1 drivers
L_000002e81cabab40 .functor BUFT 1, C4<00000000000000000000000>, C4<0>, C4<0>, C4<0>;
v000002e81c96a980_0 .net/2u *"_ivl_20", 22 0, L_000002e81cabab40;  1 drivers
v000002e81c96c6e0_0 .net *"_ivl_22", 0 0, L_000002e81cb381b0;  1 drivers
L_000002e81cabab88 .functor BUFT 1, C4<11111111>, C4<0>, C4<0>, C4<0>;
v000002e81c96bce0_0 .net/2u *"_ivl_26", 7 0, L_000002e81cabab88;  1 drivers
v000002e81c96b6a0_0 .net *"_ivl_28", 0 0, L_000002e81cb35d70;  1 drivers
L_000002e81cababd0 .functor BUFT 1, C4<00000000000000000000000>, C4<0>, C4<0>, C4<0>;
v000002e81c96b100_0 .net/2u *"_ivl_30", 22 0, L_000002e81cababd0;  1 drivers
v000002e81c96af20_0 .net *"_ivl_32", 0 0, L_000002e81cb35eb0;  1 drivers
L_000002e81cabac18 .functor BUFT 1, C4<11111111>, C4<0>, C4<0>, C4<0>;
v000002e81c96c820_0 .net/2u *"_ivl_36", 7 0, L_000002e81cabac18;  1 drivers
v000002e81c96b420_0 .net *"_ivl_38", 0 0, L_000002e81cb35f50;  1 drivers
L_000002e81cabac60 .functor BUFT 1, C4<00000000000000000000000>, C4<0>, C4<0>, C4<0>;
v000002e81c96aa20_0 .net/2u *"_ivl_40", 22 0, L_000002e81cabac60;  1 drivers
v000002e81c96c5a0_0 .net *"_ivl_42", 0 0, L_000002e81cb38bb0;  1 drivers
L_000002e81cabaa68 .functor BUFT 1, C4<00000000>, C4<0>, C4<0>, C4<0>;
v000002e81c96be20_0 .net/2u *"_ivl_6", 7 0, L_000002e81cabaa68;  1 drivers
v000002e81c96ab60_0 .net *"_ivl_8", 0 0, L_000002e81cb38070;  1 drivers
v000002e81c96aca0_0 .net "exponent", 7 0, L_000002e81cb37fd0;  alias, 1 drivers
v000002e81c96a2a0_0 .net "float32", 31 0, v000002e81ca58de0_0;  alias, 1 drivers
v000002e81c96b4c0_0 .net "is_denormal", 0 0, L_000002e81cb2bb20;  1 drivers
v000002e81c96c3c0_0 .net "is_inf", 0 0, L_000002e81cb2c300;  alias, 1 drivers
v000002e81c96c500_0 .net "is_nan", 0 0, L_000002e81cb2c370;  alias, 1 drivers
v000002e81c96b920_0 .net "is_zero", 0 0, L_000002e81cb2bce0;  alias, 1 drivers
v000002e81c96b1a0_0 .net "mantissa", 22 0, L_000002e81cb35cd0;  alias, 1 drivers
v000002e81c96a700_0 .net "sign", 0 0, L_000002e81cb37c10;  alias, 1 drivers
L_000002e81cb37c10 .part v000002e81ca58de0_0, 31, 1;
L_000002e81cb37fd0 .part v000002e81ca58de0_0, 23, 8;
L_000002e81cb35cd0 .part v000002e81ca58de0_0, 0, 23;
L_000002e81cb38070 .cmp/eq 8, L_000002e81cb37fd0, L_000002e81cabaa68;
L_000002e81cb38110 .cmp/eq 23, L_000002e81cb35cd0, L_000002e81cabaab0;
L_000002e81cb36090 .cmp/eq 8, L_000002e81cb37fd0, L_000002e81cabaaf8;
L_000002e81cb381b0 .cmp/ne 23, L_000002e81cb35cd0, L_000002e81cabab40;
L_000002e81cb35d70 .cmp/eq 8, L_000002e81cb37fd0, L_000002e81cabab88;
L_000002e81cb35eb0 .cmp/eq 23, L_000002e81cb35cd0, L_000002e81cababd0;
L_000002e81cb35f50 .cmp/eq 8, L_000002e81cb37fd0, L_000002e81cabac18;
L_000002e81cb38bb0 .cmp/ne 23, L_000002e81cb35cd0, L_000002e81cabac60;
S_000002e81c5aeba0 .scope module, "fsub_inst" "float_add_sub" 3 47, 5 3 0, S_000002e81c561890;
 .timescale -9 -12;
    .port_info 0 /INPUT 32 "a";
    .port_info 1 /INPUT 32 "b";
    .port_info 2 /INPUT 1 "op";
    .port_info 3 /OUTPUT 32 "result";
    .port_info 4 /OUTPUT 1 "of_flag";
    .port_info 5 /OUTPUT 1 "uf_flag";
L_000002e81cb2bf80 .functor XNOR 1, L_000002e81cb366d0, L_000002e81cb364f0, C4<0>, C4<0>;
L_000002e81cb2c4c0 .functor XOR 1, L_000002e81cb366d0, L_000002e81cb364f0, C4<0>, C4<0>;
L_000002e81cb2c8b0 .functor BUFT 1, L_000002e81cb2bf80, C4<0>, C4<0>, C4<0>;
L_000002e81cb2c920 .functor BUFT 1, L_000002e81cb37350, C4<0>, C4<0>, C4<0>;
v000002e81c970240_0 .net *"_ivl_1", 0 0, L_000002e81cb37210;  1 drivers
v000002e81c970920_0 .net *"_ivl_10", 0 0, L_000002e81cb2c4c0;  1 drivers
v000002e81c9713c0_0 .net *"_ivl_14", 0 0, L_000002e81cb36f90;  1 drivers
v000002e81c96f8e0_0 .net *"_ivl_17", 0 0, L_000002e81cb36270;  1 drivers
v000002e81c971780_0 .net *"_ivl_18", 0 0, L_000002e81cb37350;  1 drivers
v000002e81c971140_0 .net *"_ivl_20", 0 0, L_000002e81cb37a30;  1 drivers
v000002e81c96fa20_0 .net *"_ivl_22", 0 0, L_000002e81cb36810;  1 drivers
L_000002e81caba678 .functor BUFT 1, C4<00000000000000000000000>, C4<0>, C4<0>, C4<0>;
v000002e81c971640_0 .net/2u *"_ivl_26", 22 0, L_000002e81caba678;  1 drivers
L_000002e81caba6c0 .functor BUFT 1, C4<0>, C4<0>, C4<0>, C4<0>;
v000002e81c970b00_0 .net/2u *"_ivl_30", 0 0, L_000002e81caba6c0;  1 drivers
v000002e81c96f840_0 .net *"_ivl_34", 31 0, L_000002e81cb37530;  1 drivers
L_000002e81caba708 .functor BUFT 1, C4<0000000>, C4<0>, C4<0>, C4<0>;
v000002e81c96fac0_0 .net *"_ivl_37", 6 0, L_000002e81caba708;  1 drivers
L_000002e81caba750 .functor BUFT 1, C4<00000000000000000000000000000000>, C4<0>, C4<0>, C4<0>;
v000002e81c970ce0_0 .net/2u *"_ivl_38", 31 0, L_000002e81caba750;  1 drivers
v000002e81c970f60_0 .net *"_ivl_40", 0 0, L_000002e81cb36590;  1 drivers
L_000002e81caba798 .functor BUFT 1, C4<00000000000000000000000000000000>, C4<0>, C4<0>, C4<0>;
v000002e81c96fb60_0 .net/2u *"_ivl_42", 31 0, L_000002e81caba798;  1 drivers
v000002e81c970560_0 .net *"_ivl_44", 31 0, L_000002e81cb369f0;  1 drivers
v000002e81c970600_0 .net *"_ivl_5", 0 0, L_000002e81cb35c30;  1 drivers
v000002e81c970380_0 .net *"_ivl_8", 0 0, L_000002e81cb2bf80;  1 drivers
v000002e81c9701a0_0 .net "a", 31 0, v000002e81ca58e80_0;  alias, 1 drivers
v000002e81c9706a0_0 .net "am1", 24 0, v000002e81c96d9a0_0;  1 drivers
v000002e81c970ec0_0 .net "am2", 24 0, v000002e81c96d220_0;  1 drivers
v000002e81c96fc00_0 .net "b", 31 0, v000002e81ca58de0_0;  alias, 1 drivers
v000002e81c96fe80_0 .net "common_exp", 7 0, v000002e81c96f020_0;  1 drivers
v000002e81c9711e0_0 .net "e1", 7 0, L_000002e81cb35af0;  1 drivers
v000002e81c9707e0_0 .net "e2", 7 0, L_000002e81cb37990;  1 drivers
v000002e81c96fca0_0 .net "eff_sub", 0 0, L_000002e81cb2c8b0;  1 drivers
v000002e81c96f0c0_0 .net "final_e", 7 0, v000002e81c96dae0_0;  1 drivers
v000002e81c96f340_0 .net "final_m", 22 0, v000002e81c96cbe0_0;  1 drivers
v000002e81c96fde0_0 .net "final_s", 0 0, L_000002e81cb2c920;  1 drivers
v000002e81c970880_0 .net "imp_m1", 23 0, L_000002e81cb37e90;  1 drivers
v000002e81c970740_0 .net "imp_m2", 23 0, L_000002e81cb36310;  1 drivers
v000002e81c971820_0 .net "m1", 22 0, L_000002e81cb372b0;  1 drivers
v000002e81c96f160_0 .net "m2", 22 0, L_000002e81cb37670;  1 drivers
v000002e81c971280_0 .net "of_flag", 0 0, v000002e81c96eee0_0;  alias, 1 drivers
L_000002e81caba7e0 .functor BUFT 1, C4<1>, C4<0>, C4<0>, C4<0>;
v000002e81c971320_0 .net "op", 0 0, L_000002e81caba7e0;  1 drivers
v000002e81c971460_0 .var "res_m", 24 0;
v000002e81c96f200_0 .net "result", 31 0, L_000002e81cb36630;  alias, 1 drivers
v000002e81c96f3e0_0 .net "s1", 0 0, L_000002e81cb366d0;  1 drivers
v000002e81c96f480_0 .net "s2", 0 0, L_000002e81cb364f0;  1 drivers
v000002e81c9709c0_0 .net "uf_flag", 0 0, v000002e81c96ef80_0;  alias, 1 drivers
E_000002e81c9348f0 .event anyedge, v000002e81c96fca0_0, v000002e81c96d9a0_0, v000002e81c96d220_0;
L_000002e81cb37210 .reduce/or L_000002e81cb35af0;
L_000002e81cb37e90 .concat [ 23 1 0 0], L_000002e81cb372b0, L_000002e81cb37210;
L_000002e81cb35c30 .reduce/or L_000002e81cb37990;
L_000002e81cb36310 .concat [ 23 1 0 0], L_000002e81cb37670, L_000002e81cb35c30;
L_000002e81cb36f90 .cmp/ge 25, v000002e81c96d9a0_0, v000002e81c96d220_0;
L_000002e81cb36270 .reduce/nor L_000002e81cb364f0;
L_000002e81cb37350 .functor MUXZ 1, L_000002e81cb36270, L_000002e81cb366d0, L_000002e81cb36f90, C4<>;
L_000002e81cb37a30 .cmp/ge 25, v000002e81c96d9a0_0, v000002e81c96d220_0;
L_000002e81cb36810 .functor MUXZ 1, L_000002e81cb364f0, L_000002e81cb366d0, L_000002e81cb37a30, C4<>;
L_000002e81cb361d0 .concat [ 25 23 0 0], v000002e81c971460_0, L_000002e81caba678;
L_000002e81cb373f0 .concat [ 8 1 0 0], v000002e81c96f020_0, L_000002e81caba6c0;
L_000002e81cb37530 .concat [ 25 7 0 0], v000002e81c971460_0, L_000002e81caba708;
L_000002e81cb36590 .cmp/eq 32, L_000002e81cb37530, L_000002e81caba750;
L_000002e81cb369f0 .concat [ 23 8 1 0], v000002e81c96cbe0_0, v000002e81c96dae0_0, L_000002e81cb2c920;
L_000002e81cb36630 .functor MUXZ 32, L_000002e81cb369f0, L_000002e81caba798, L_000002e81cb36590, C4<>;
S_000002e81c59cad0 .scope module, "align" "mantissa_aligner" 5 23, 6 3 0, S_000002e81c5aeba0;
 .timescale -9 -12;
    .port_info 0 /INPUT 8 "exp_a";
    .port_info 1 /INPUT 24 "mant_a";
    .port_info 2 /INPUT 8 "exp_b";
    .port_info 3 /INPUT 24 "mant_b";
    .port_info 4 /OUTPUT 25 "aligned_a";
    .port_info 5 /OUTPUT 25 "aligned_b";
    .port_info 6 /OUTPUT 8 "common_exp";
v000002e81c96d9a0_0 .var "aligned_a", 24 0;
v000002e81c96d220_0 .var "aligned_b", 24 0;
v000002e81c96f020_0 .var "common_exp", 7 0;
v000002e81c96e8a0_0 .net "exp_a", 7 0, L_000002e81cb35af0;  alias, 1 drivers
v000002e81c96d2c0_0 .net "exp_b", 7 0, L_000002e81cb37990;  alias, 1 drivers
v000002e81c96d360_0 .var "exp_diff", 7 0;
v000002e81c96caa0_0 .net "mant_a", 23 0, L_000002e81cb37e90;  alias, 1 drivers
v000002e81c96ca00_0 .net "mant_b", 23 0, L_000002e81cb36310;  alias, 1 drivers
E_000002e81c935070/0 .event anyedge, v000002e81c96e8a0_0, v000002e81c96d2c0_0, v000002e81c96caa0_0, v000002e81c96d360_0;
E_000002e81c935070/1 .event anyedge, v000002e81c96ca00_0;
E_000002e81c935070 .event/or E_000002e81c935070/0, E_000002e81c935070/1;
S_000002e81c59cc60 .scope module, "norm_unit" "float_norm" 5 39, 7 3 0, S_000002e81c5aeba0;
 .timescale -9 -12;
    .port_info 0 /INPUT 48 "raw_mant";
    .port_info 1 /INPUT 9 "raw_exp";
    .port_info 2 /OUTPUT 8 "final_exp";
    .port_info 3 /OUTPUT 23 "final_mant";
    .port_info 4 /OUTPUT 1 "done_uf";
    .port_info 5 /OUTPUT 1 "done_of";
v000002e81c96eee0_0 .var "done_of", 0 0;
v000002e81c96ef80_0 .var "done_uf", 0 0;
v000002e81c96dae0_0 .var "final_exp", 7 0;
v000002e81c96cbe0_0 .var "final_mant", 22 0;
v000002e81c96e9e0_0 .var "found", 0 0;
v000002e81c96e580_0 .var/i "i", 31 0;
v000002e81c96db80_0 .var "l_one", 5 0;
v000002e81c96c8c0_0 .net "raw_exp", 8 0, L_000002e81cb373f0;  1 drivers
v000002e81c96cdc0_0 .net "raw_mant", 47 0, L_000002e81cb361d0;  1 drivers
E_000002e81c9343f0/0 .event anyedge, v000002e81c96cdc0_0, v000002e81c96e9e0_0, v000002e81c96c8c0_0, v000002e81c96db80_0;
E_000002e81c9343f0/1 .event anyedge, v000002e81c96dae0_0, v000002e81c96eee0_0;
E_000002e81c9343f0 .event/or E_000002e81c9343f0/0, E_000002e81c9343f0/1;
S_000002e81c587c30 .scope module, "u1" "float_unpacker" 5 15, 8 3 0, S_000002e81c5aeba0;
 .timescale -9 -12;
    .port_info 0 /INPUT 32 "float32";
    .port_info 1 /OUTPUT 1 "sign";
    .port_info 2 /OUTPUT 8 "exponent";
    .port_info 3 /OUTPUT 23 "mantissa";
    .port_info 4 /OUTPUT 1 "is_zero";
    .port_info 5 /OUTPUT 1 "is_inf";
    .port_info 6 /OUTPUT 1 "is_nan";
    .port_info 7 /OUTPUT 1 "is_denormal";
L_000002e81cb2b030 .functor AND 1, L_000002e81cb36130, L_000002e81cb36b30, C4<1>, C4<1>;
L_000002e81cb2bdc0 .functor AND 1, L_000002e81cb37850, L_000002e81cb36ef0, C4<1>, C4<1>;
L_000002e81cb2c840 .functor AND 1, L_000002e81cb35e10, L_000002e81cb378f0, C4<1>, C4<1>;
L_000002e81cb2bc00 .functor AND 1, L_000002e81cb37710, L_000002e81cb37cb0, C4<1>, C4<1>;
L_000002e81caba240 .functor BUFT 1, C4<00000000000000000000000>, C4<0>, C4<0>, C4<0>;
v000002e81c96c960_0 .net/2u *"_ivl_10", 22 0, L_000002e81caba240;  1 drivers
v000002e81c96ea80_0 .net *"_ivl_12", 0 0, L_000002e81cb36b30;  1 drivers
L_000002e81caba288 .functor BUFT 1, C4<00000000>, C4<0>, C4<0>, C4<0>;
v000002e81c96eb20_0 .net/2u *"_ivl_16", 7 0, L_000002e81caba288;  1 drivers
v000002e81c96e3a0_0 .net *"_ivl_18", 0 0, L_000002e81cb37850;  1 drivers
L_000002e81caba2d0 .functor BUFT 1, C4<00000000000000000000000>, C4<0>, C4<0>, C4<0>;
v000002e81c96dc20_0 .net/2u *"_ivl_20", 22 0, L_000002e81caba2d0;  1 drivers
v000002e81c96dcc0_0 .net *"_ivl_22", 0 0, L_000002e81cb36ef0;  1 drivers
L_000002e81caba318 .functor BUFT 1, C4<11111111>, C4<0>, C4<0>, C4<0>;
v000002e81c96d040_0 .net/2u *"_ivl_26", 7 0, L_000002e81caba318;  1 drivers
v000002e81c96dd60_0 .net *"_ivl_28", 0 0, L_000002e81cb35e10;  1 drivers
L_000002e81caba360 .functor BUFT 1, C4<00000000000000000000000>, C4<0>, C4<0>, C4<0>;
v000002e81c96d0e0_0 .net/2u *"_ivl_30", 22 0, L_000002e81caba360;  1 drivers
v000002e81c96d400_0 .net *"_ivl_32", 0 0, L_000002e81cb378f0;  1 drivers
L_000002e81caba3a8 .functor BUFT 1, C4<11111111>, C4<0>, C4<0>, C4<0>;
v000002e81c96d680_0 .net/2u *"_ivl_36", 7 0, L_000002e81caba3a8;  1 drivers
v000002e81c96ebc0_0 .net *"_ivl_38", 0 0, L_000002e81cb37710;  1 drivers
L_000002e81caba3f0 .functor BUFT 1, C4<00000000000000000000000>, C4<0>, C4<0>, C4<0>;
v000002e81c96dea0_0 .net/2u *"_ivl_40", 22 0, L_000002e81caba3f0;  1 drivers
v000002e81c96d4a0_0 .net *"_ivl_42", 0 0, L_000002e81cb37cb0;  1 drivers
L_000002e81caba1f8 .functor BUFT 1, C4<00000000>, C4<0>, C4<0>, C4<0>;
v000002e81c96ec60_0 .net/2u *"_ivl_6", 7 0, L_000002e81caba1f8;  1 drivers
v000002e81c96cb40_0 .net *"_ivl_8", 0 0, L_000002e81cb36130;  1 drivers
v000002e81c96d5e0_0 .net "exponent", 7 0, L_000002e81cb35af0;  alias, 1 drivers
v000002e81c96e080_0 .net "float32", 31 0, v000002e81ca58e80_0;  alias, 1 drivers
v000002e81c96d720_0 .net "is_denormal", 0 0, L_000002e81cb2bdc0;  1 drivers
v000002e81c96d7c0_0 .net "is_inf", 0 0, L_000002e81cb2c840;  1 drivers
v000002e81c96d860_0 .net "is_nan", 0 0, L_000002e81cb2bc00;  1 drivers
v000002e81c96ed00_0 .net "is_zero", 0 0, L_000002e81cb2b030;  1 drivers
v000002e81c96d900_0 .net "mantissa", 22 0, L_000002e81cb372b0;  alias, 1 drivers
v000002e81c96dfe0_0 .net "sign", 0 0, L_000002e81cb366d0;  alias, 1 drivers
L_000002e81cb366d0 .part v000002e81ca58e80_0, 31, 1;
L_000002e81cb35af0 .part v000002e81ca58e80_0, 23, 8;
L_000002e81cb372b0 .part v000002e81ca58e80_0, 0, 23;
L_000002e81cb36130 .cmp/eq 8, L_000002e81cb35af0, L_000002e81caba1f8;
L_000002e81cb36b30 .cmp/eq 23, L_000002e81cb372b0, L_000002e81caba240;
L_000002e81cb37850 .cmp/eq 8, L_000002e81cb35af0, L_000002e81caba288;
L_000002e81cb36ef0 .cmp/ne 23, L_000002e81cb372b0, L_000002e81caba2d0;
L_000002e81cb35e10 .cmp/eq 8, L_000002e81cb35af0, L_000002e81caba318;
L_000002e81cb378f0 .cmp/eq 23, L_000002e81cb372b0, L_000002e81caba360;
L_000002e81cb37710 .cmp/eq 8, L_000002e81cb35af0, L_000002e81caba3a8;
L_000002e81cb37cb0 .cmp/ne 23, L_000002e81cb372b0, L_000002e81caba3f0;
S_000002e81c9e5ca0 .scope module, "u2" "float_unpacker" 5 16, 8 3 0, S_000002e81c5aeba0;
 .timescale -9 -12;
    .port_info 0 /INPUT 32 "float32";
    .port_info 1 /OUTPUT 1 "sign";
    .port_info 2 /OUTPUT 8 "exponent";
    .port_info 3 /OUTPUT 23 "mantissa";
    .port_info 4 /OUTPUT 1 "is_zero";
    .port_info 5 /OUTPUT 1 "is_inf";
    .port_info 6 /OUTPUT 1 "is_nan";
    .port_info 7 /OUTPUT 1 "is_denormal";
L_000002e81cb2c290 .functor AND 1, L_000002e81cb38250, L_000002e81cb37490, C4<1>, C4<1>;
L_000002e81cb2b110 .functor AND 1, L_000002e81cb375d0, L_000002e81cb368b0, C4<1>, C4<1>;
L_000002e81cb2b960 .functor AND 1, L_000002e81cb36950, L_000002e81cb36770, C4<1>, C4<1>;
L_000002e81cb2b0a0 .functor AND 1, L_000002e81cb35b90, L_000002e81cb36450, C4<1>, C4<1>;
L_000002e81caba480 .functor BUFT 1, C4<00000000000000000000000>, C4<0>, C4<0>, C4<0>;
v000002e81c96e300_0 .net/2u *"_ivl_10", 22 0, L_000002e81caba480;  1 drivers
v000002e81c96e120_0 .net *"_ivl_12", 0 0, L_000002e81cb37490;  1 drivers
L_000002e81caba4c8 .functor BUFT 1, C4<00000000>, C4<0>, C4<0>, C4<0>;
v000002e81c96e1c0_0 .net/2u *"_ivl_16", 7 0, L_000002e81caba4c8;  1 drivers
v000002e81c96e260_0 .net *"_ivl_18", 0 0, L_000002e81cb375d0;  1 drivers
L_000002e81caba510 .functor BUFT 1, C4<00000000000000000000000>, C4<0>, C4<0>, C4<0>;
v000002e81c96eda0_0 .net/2u *"_ivl_20", 22 0, L_000002e81caba510;  1 drivers
v000002e81c96ee40_0 .net *"_ivl_22", 0 0, L_000002e81cb368b0;  1 drivers
L_000002e81caba558 .functor BUFT 1, C4<11111111>, C4<0>, C4<0>, C4<0>;
v000002e81c970100_0 .net/2u *"_ivl_26", 7 0, L_000002e81caba558;  1 drivers
v000002e81c971000_0 .net *"_ivl_28", 0 0, L_000002e81cb36950;  1 drivers
L_000002e81caba5a0 .functor BUFT 1, C4<00000000000000000000000>, C4<0>, C4<0>, C4<0>;
v000002e81c9710a0_0 .net/2u *"_ivl_30", 22 0, L_000002e81caba5a0;  1 drivers
v000002e81c96f2a0_0 .net *"_ivl_32", 0 0, L_000002e81cb36770;  1 drivers
L_000002e81caba5e8 .functor BUFT 1, C4<11111111>, C4<0>, C4<0>, C4<0>;
v000002e81c971500_0 .net/2u *"_ivl_36", 7 0, L_000002e81caba5e8;  1 drivers
v000002e81c970a60_0 .net *"_ivl_38", 0 0, L_000002e81cb35b90;  1 drivers
L_000002e81caba630 .functor BUFT 1, C4<00000000000000000000000>, C4<0>, C4<0>, C4<0>;
v000002e81c96fd40_0 .net/2u *"_ivl_40", 22 0, L_000002e81caba630;  1 drivers
v000002e81c96f980_0 .net *"_ivl_42", 0 0, L_000002e81cb36450;  1 drivers
L_000002e81caba438 .functor BUFT 1, C4<00000000>, C4<0>, C4<0>, C4<0>;
v000002e81c9702e0_0 .net/2u *"_ivl_6", 7 0, L_000002e81caba438;  1 drivers
v000002e81c970420_0 .net *"_ivl_8", 0 0, L_000002e81cb38250;  1 drivers
v000002e81c970d80_0 .net "exponent", 7 0, L_000002e81cb37990;  alias, 1 drivers
v000002e81c970060_0 .net "float32", 31 0, v000002e81ca58de0_0;  alias, 1 drivers
v000002e81c96f5c0_0 .net "is_denormal", 0 0, L_000002e81cb2b110;  1 drivers
v000002e81c970e20_0 .net "is_inf", 0 0, L_000002e81cb2b960;  1 drivers
v000002e81c9704c0_0 .net "is_nan", 0 0, L_000002e81cb2b0a0;  1 drivers
v000002e81c970c40_0 .net "is_zero", 0 0, L_000002e81cb2c290;  1 drivers
v000002e81c9715a0_0 .net "mantissa", 22 0, L_000002e81cb37670;  alias, 1 drivers
v000002e81c9716e0_0 .net "sign", 0 0, L_000002e81cb364f0;  alias, 1 drivers
L_000002e81cb364f0 .part v000002e81ca58de0_0, 31, 1;
L_000002e81cb37990 .part v000002e81ca58de0_0, 23, 8;
L_000002e81cb37670 .part v000002e81ca58de0_0, 0, 23;
L_000002e81cb38250 .cmp/eq 8, L_000002e81cb37990, L_000002e81caba438;
L_000002e81cb37490 .cmp/eq 23, L_000002e81cb37670, L_000002e81caba480;
L_000002e81cb375d0 .cmp/eq 8, L_000002e81cb37990, L_000002e81caba4c8;
L_000002e81cb368b0 .cmp/ne 23, L_000002e81cb37670, L_000002e81caba510;
L_000002e81cb36950 .cmp/eq 8, L_000002e81cb37990, L_000002e81caba558;
L_000002e81cb36770 .cmp/eq 23, L_000002e81cb37670, L_000002e81caba5a0;
L_000002e81cb35b90 .cmp/eq 8, L_000002e81cb37990, L_000002e81caba5e8;
L_000002e81cb36450 .cmp/ne 23, L_000002e81cb37670, L_000002e81caba630;
S_000002e81c9e5980 .scope module, "int_alu_inst" "alu_int" 3 19, 10 3 0, S_000002e81c561890;
 .timescale -9 -12;
    .port_info 0 /INPUT 32 "a";
    .port_info 1 /INPUT 32 "b";
    .port_info 2 /INPUT 5 "alu_op";
    .port_info 3 /OUTPUT 32 "result";
    .port_info 4 /OUTPUT 1 "N";
    .port_info 5 /OUTPUT 1 "Z";
    .port_info 6 /OUTPUT 1 "C";
    .port_info 7 /OUTPUT 1 "V";
P_000002e81c591050 .param/l "OP_ADD" 1 10 15, C4<00000>;
P_000002e81c591088 .param/l "OP_AND" 1 10 17, C4<00010>;
P_000002e81c5910c0 .param/l "OP_ASR" 1 10 23, C4<01000>;
P_000002e81c5910f8 .param/l "OP_LSL" 1 10 21, C4<00110>;
P_000002e81c591130 .param/l "OP_LSR" 1 10 22, C4<00111>;
P_000002e81c591168 .param/l "OP_NOR" 1 10 20, C4<00101>;
P_000002e81c5911a0 .param/l "OP_OR" 1 10 18, C4<00011>;
P_000002e81c5911d8 .param/l "OP_ROR" 1 10 24, C4<01001>;
P_000002e81c591210 .param/l "OP_SLT" 1 10 25, C4<01010>;
P_000002e81c591248 .param/l "OP_SLTU" 1 10 26, C4<01011>;
P_000002e81c591280 .param/l "OP_SUB" 1 10 16, C4<00001>;
P_000002e81c5912b8 .param/l "OP_XOR" 1 10 19, C4<00100>;
v000002e81ca54b00_0 .var "C", 0 0;
v000002e81ca53520_0 .net "N", 0 0, L_000002e81cb33430;  alias, 1 drivers
v000002e81ca55320_0 .var "V", 0 0;
v000002e81ca53a20_0 .net "Z", 0 0, L_000002e81cb337f0;  alias, 1 drivers
L_000002e81cab9a18 .functor BUFT 1, C4<00000000000000000000000000000000>, C4<0>, C4<0>, C4<0>;
v000002e81ca547e0_0 .net/2u *"_ivl_10", 31 0, L_000002e81cab9a18;  1 drivers
v000002e81ca52d00_0 .net "a", 31 0, v000002e81ca58e80_0;  alias, 1 drivers
v000002e81ca52da0_0 .net "add_cout", 0 0, L_000002e81c97c840;  1 drivers
v000002e81ca53160_0 .net "add_ovf", 0 0, L_000002e81caa5a60;  1 drivers
v000002e81ca52ee0_0 .net "add_res", 31 0, L_000002e81ca935b0;  1 drivers
v000002e81ca52f80_0 .net "alu_op", 4 0, L_000002e81cb34790;  1 drivers
v000002e81ca549c0_0 .net "b", 31 0, v000002e81ca58de0_0;  alias, 1 drivers
v000002e81ca54880_0 .net "bitwise_res", 31 0, v000002e81ca21650_0;  1 drivers
v000002e81ca54920_0 .var "bw_op", 2 0;
v000002e81ca53020_0 .net "cmp_eq", 0 0, v000002e81ca20570_0;  1 drivers
v000002e81ca53ca0_0 .net "cmp_gt_s", 0 0, v000002e81ca21010_0;  1 drivers
v000002e81ca530c0_0 .net "cmp_gt_u", 0 0, v000002e81ca204d0_0;  1 drivers
v000002e81ca53340_0 .net "cmp_lt_s", 0 0, v000002e81ca20e30_0;  1 drivers
v000002e81ca53fc0_0 .net "cmp_lt_u", 0 0, v000002e81ca1fa30_0;  1 drivers
v000002e81ca533e0_0 .var "result", 31 0;
v000002e81ca535c0_0 .net "shift_cout", 0 0, v000002e81ca1fd50_0;  1 drivers
v000002e81ca53660_0 .net "shift_res", 31 0, v000002e81ca20f70_0;  1 drivers
v000002e81ca537a0_0 .var "shift_type", 1 0;
v000002e81ca53980_0 .net "sub_borrow", 0 0, L_000002e81cb2b650;  1 drivers
v000002e81ca53ac0_0 .net "sub_ovf", 0 0, L_000002e81cb2b730;  1 drivers
v000002e81ca53b60_0 .net "sub_res", 31 0, L_000002e81cb33610;  1 drivers
E_000002e81c9341f0/0 .event anyedge, v000002e81ca52f80_0, v000002e81ca1ebd0_0, v000002e81ca1e950_0, v000002e81ca1e9f0_0;
E_000002e81c9341f0/1 .event anyedge, v000002e81ca551e0_0, v000002e81ca53de0_0, v000002e81ca54740_0, v000002e81ca21650_0;
E_000002e81c9341f0/2 .event anyedge, v000002e81ca20f70_0, v000002e81ca1fd50_0, v000002e81ca20e30_0, v000002e81ca1fa30_0;
E_000002e81c9341f0 .event/or E_000002e81c9341f0/0, E_000002e81c9341f0/1, E_000002e81c9341f0/2;
E_000002e81c935330 .event anyedge, v000002e81ca52f80_0;
L_000002e81cb33bb0 .part v000002e81ca58de0_0, 0, 5;
L_000002e81cb33430 .part v000002e81ca533e0_0, 31, 1;
L_000002e81cb337f0 .cmp/eq 32, v000002e81ca533e0_0, L_000002e81cab9a18;
S_000002e81c9e54d0 .scope module, "adder" "cla_32bit" 10 36, 11 3 0, S_000002e81c9e5980;
 .timescale -9 -12;
    .port_info 0 /INPUT 32 "a";
    .port_info 1 /INPUT 32 "b";
    .port_info 2 /INPUT 1 "cin";
    .port_info 3 /OUTPUT 32 "sum";
    .port_info 4 /OUTPUT 1 "cout";
    .port_info 5 /OUTPUT 1 "overflow";
L_000002e81cab98f8 .functor BUFT 1, C4<0>, C4<0>, C4<0>, C4<0>;
L_000002e81c97c4c0 .functor AND 1, L_000002e81ca59740, L_000002e81cab98f8, C4<1>, C4<1>;
L_000002e81c97cae0 .functor OR 1, L_000002e81ca59f60, L_000002e81c97c4c0, C4<0>, C4<0>;
L_000002e81c97ced0 .functor AND 1, L_000002e81ca591a0, L_000002e81c97cae0, C4<1>, C4<1>;
L_000002e81c97c840 .functor OR 1, L_000002e81ca59880, L_000002e81c97ced0, C4<0>, C4<0>;
L_000002e81caa62b0 .functor XNOR 1, L_000002e81ca91a30, L_000002e81ca91fd0, C4<0>, C4<0>;
L_000002e81caa53d0 .functor XOR 1, L_000002e81ca92070, L_000002e81ca91530, C4<0>, C4<0>;
L_000002e81caa5a60 .functor AND 1, L_000002e81caa62b0, L_000002e81caa53d0, C4<1>, C4<1>;
v000002e81ca1d190_0 .net "G_16", 1 0, L_000002e81ca931f0;  1 drivers
v000002e81ca1f850_0 .net "P_16", 1 0, L_000002e81ca929d0;  1 drivers
v000002e81ca1eef0_0 .net *"_ivl_1", 0 0, L_000002e81ca59f60;  1 drivers
v000002e81ca1d870_0 .net *"_ivl_11", 0 0, L_000002e81ca591a0;  1 drivers
v000002e81ca1e450_0 .net *"_ivl_12", 0 0, L_000002e81c97ced0;  1 drivers
v000002e81ca1deb0_0 .net *"_ivl_3", 0 0, L_000002e81ca59740;  1 drivers
v000002e81ca1f170_0 .net *"_ivl_4", 0 0, L_000002e81c97c4c0;  1 drivers
v000002e81ca1e270_0 .net *"_ivl_40", 0 0, L_000002e81ca91a30;  1 drivers
v000002e81ca1f8f0_0 .net *"_ivl_42", 0 0, L_000002e81ca91fd0;  1 drivers
v000002e81ca1e4f0_0 .net *"_ivl_43", 0 0, L_000002e81caa62b0;  1 drivers
v000002e81ca1d690_0 .net *"_ivl_46", 0 0, L_000002e81ca92070;  1 drivers
v000002e81ca1d410_0 .net *"_ivl_48", 0 0, L_000002e81ca91530;  1 drivers
v000002e81ca1d550_0 .net *"_ivl_49", 0 0, L_000002e81caa53d0;  1 drivers
v000002e81ca1d5f0_0 .net *"_ivl_9", 0 0, L_000002e81ca59880;  1 drivers
v000002e81ca1df50_0 .net "a", 31 0, v000002e81ca58e80_0;  alias, 1 drivers
v000002e81ca1e090_0 .net "b", 31 0, v000002e81ca58de0_0;  alias, 1 drivers
v000002e81ca1ea90_0 .net "c16", 0 0, L_000002e81c97cae0;  1 drivers
v000002e81ca1e8b0_0 .net "cin", 0 0, L_000002e81cab98f8;  1 drivers
v000002e81ca1e950_0 .net "cout", 0 0, L_000002e81c97c840;  alias, 1 drivers
v000002e81ca1e9f0_0 .net "overflow", 0 0, L_000002e81caa5a60;  alias, 1 drivers
v000002e81ca1ebd0_0 .net "sum", 31 0, L_000002e81ca935b0;  alias, 1 drivers
L_000002e81ca59f60 .part L_000002e81ca931f0, 0, 1;
L_000002e81ca59740 .part L_000002e81ca929d0, 0, 1;
L_000002e81ca59880 .part L_000002e81ca931f0, 1, 1;
L_000002e81ca591a0 .part L_000002e81ca929d0, 1, 1;
L_000002e81ca41640 .part v000002e81ca58e80_0, 0, 16;
L_000002e81ca416e0 .part v000002e81ca58de0_0, 0, 16;
L_000002e81ca92570 .part v000002e81ca58e80_0, 16, 16;
L_000002e81ca91f30 .part v000002e81ca58de0_0, 16, 16;
L_000002e81ca935b0 .concat8 [ 16 16 0 0], L_000002e81ca40560, L_000002e81ca90d10;
L_000002e81ca931f0 .concat8 [ 1 1 0 0], L_000002e81c983530, L_000002e81caa59f0;
L_000002e81ca929d0 .concat8 [ 1 1 0 0], L_000002e81ca41b40, L_000002e81ca90b30;
L_000002e81ca91a30 .part v000002e81ca58e80_0, 31, 1;
L_000002e81ca91fd0 .part v000002e81ca58de0_0, 31, 1;
L_000002e81ca92070 .part L_000002e81ca935b0, 31, 1;
L_000002e81ca91530 .part v000002e81ca58e80_0, 31, 1;
S_000002e81c9e5660 .scope module, "cla_lower" "cla_16bit" 11 28, 12 3 0, S_000002e81c9e54d0;
 .timescale -9 -12;
    .port_info 0 /INPUT 16 "a";
    .port_info 1 /INPUT 16 "b";
    .port_info 2 /INPUT 1 "cin";
    .port_info 3 /OUTPUT 16 "sum";
    .port_info 4 /OUTPUT 1 "group_G";
    .port_info 5 /OUTPUT 1 "group_P";
    .port_info 6 /OUTPUT 1 "cout";
    .port_info 7 /OUTPUT 1 "overflow";
L_000002e81c981a80 .functor BUFZ 1, L_000002e81cab98f8, C4<0>, C4<0>, C4<0>;
L_000002e81c981700 .functor AND 1, L_000002e81ca41460, L_000002e81ca433a0, C4<1>, C4<1>;
L_000002e81c982ab0 .functor OR 1, L_000002e81ca41fa0, L_000002e81c981700, C4<0>, C4<0>;
L_000002e81c981fc0 .functor AND 1, L_000002e81ca424a0, L_000002e81ca43120, C4<1>, C4<1>;
L_000002e81c982260 .functor OR 1, L_000002e81ca431c0, L_000002e81c981fc0, C4<0>, C4<0>;
L_000002e81c982500 .functor AND 1, L_000002e81ca418c0, L_000002e81ca43260, C4<1>, C4<1>;
L_000002e81c9815b0 .functor AND 1, L_000002e81c982500, L_000002e81ca41dc0, C4<1>, C4<1>;
L_000002e81c982b20 .functor OR 1, L_000002e81c982260, L_000002e81c9815b0, C4<0>, C4<0>;
L_000002e81c982b90 .functor AND 1, L_000002e81ca439e0, L_000002e81ca41d20, C4<1>, C4<1>;
L_000002e81c982c00 .functor OR 1, L_000002e81ca43080, L_000002e81c982b90, C4<0>, C4<0>;
L_000002e81c982ce0 .functor AND 1, L_000002e81ca43300, L_000002e81ca43440, C4<1>, C4<1>;
L_000002e81c9822d0 .functor AND 1, L_000002e81c982ce0, L_000002e81ca42720, C4<1>, C4<1>;
L_000002e81c981690 .functor OR 1, L_000002e81c982c00, L_000002e81c9822d0, C4<0>, C4<0>;
L_000002e81c981bd0 .functor AND 1, L_000002e81ca41e60, L_000002e81ca41f00, C4<1>, C4<1>;
L_000002e81c981cb0 .functor AND 1, L_000002e81c981bd0, L_000002e81ca41820, C4<1>, C4<1>;
L_000002e81c981d90 .functor AND 1, L_000002e81c981cb0, L_000002e81ca41960, C4<1>, C4<1>;
L_000002e81c981b60 .functor OR 1, L_000002e81c981690, L_000002e81c981d90, C4<0>, C4<0>;
L_000002e81c9823b0 .functor AND 1, L_000002e81ca438a0, L_000002e81ca41c80, C4<1>, C4<1>;
L_000002e81c982d50 .functor OR 1, L_000002e81ca42a40, L_000002e81c9823b0, C4<0>, C4<0>;
L_000002e81c9820a0 .functor AND 1, L_000002e81ca43580, L_000002e81ca42040, C4<1>, C4<1>;
L_000002e81c981c40 .functor AND 1, L_000002e81c9820a0, L_000002e81ca425e0, C4<1>, C4<1>;
L_000002e81c982dc0 .functor OR 1, L_000002e81c982d50, L_000002e81c981c40, C4<0>, C4<0>;
L_000002e81c982e30 .functor AND 1, L_000002e81ca42ae0, L_000002e81ca43940, C4<1>, C4<1>;
L_000002e81c982ea0 .functor AND 1, L_000002e81c982e30, L_000002e81ca420e0, C4<1>, C4<1>;
L_000002e81c982570 .functor AND 1, L_000002e81c982ea0, L_000002e81ca42220, C4<1>, C4<1>;
L_000002e81c981e00 .functor OR 1, L_000002e81c982dc0, L_000002e81c982570, C4<0>, C4<0>;
L_000002e81c982f10 .functor AND 1, L_000002e81ca43620, L_000002e81ca43a80, C4<1>, C4<1>;
L_000002e81c981ee0 .functor AND 1, L_000002e81c982f10, L_000002e81ca41be0, C4<1>, C4<1>;
L_000002e81c9825e0 .functor AND 1, L_000002e81c981ee0, L_000002e81ca42b80, C4<1>, C4<1>;
L_000002e81c981f50 .functor AND 1, L_000002e81c9825e0, L_000002e81ca42400, C4<1>, C4<1>;
L_000002e81c982030 .functor OR 1, L_000002e81c981e00, L_000002e81c981f50, C4<0>, C4<0>;
L_000002e81c982180 .functor AND 1, L_000002e81ca42540, L_000002e81ca43b20, C4<1>, C4<1>;
L_000002e81c9821f0 .functor OR 1, L_000002e81ca41500, L_000002e81c982180, C4<0>, C4<0>;
L_000002e81c9834c0 .functor AND 1, L_000002e81ca42ea0, L_000002e81ca42180, C4<1>, C4<1>;
L_000002e81c983140 .functor AND 1, L_000002e81c9834c0, L_000002e81ca42680, C4<1>, C4<1>;
L_000002e81c983680 .functor OR 1, L_000002e81c9821f0, L_000002e81c983140, C4<0>, C4<0>;
L_000002e81c983990 .functor AND 1, L_000002e81ca434e0, L_000002e81ca415a0, C4<1>, C4<1>;
L_000002e81c983ca0 .functor AND 1, L_000002e81c983990, L_000002e81ca436c0, C4<1>, C4<1>;
L_000002e81c983450 .functor AND 1, L_000002e81c983ca0, L_000002e81ca41780, C4<1>, C4<1>;
L_000002e81c983530 .functor OR 1, L_000002e81c983680, L_000002e81c983450, C4<0>, C4<0>;
L_000002e81c983ed0 .functor XNOR 1, L_000002e81ca427c0, L_000002e81ca43800, C4<0>, C4<0>;
L_000002e81c983a70 .functor XOR 1, L_000002e81ca43bc0, L_000002e81ca42f40, C4<0>, C4<0>;
L_000002e81c983370 .functor AND 1, L_000002e81c983ed0, L_000002e81c983a70, C4<1>, C4<1>;
v000002e81c9e8590_0 .net *"_ivl_101", 0 0, L_000002e81c981690;  1 drivers
v000002e81c9e7730_0 .net *"_ivl_104", 0 0, L_000002e81ca41e60;  1 drivers
v000002e81c9e6a10_0 .net *"_ivl_106", 0 0, L_000002e81ca41f00;  1 drivers
v000002e81c9e7d70_0 .net *"_ivl_107", 0 0, L_000002e81c981bd0;  1 drivers
v000002e81c9e8c70_0 .net *"_ivl_110", 0 0, L_000002e81ca41820;  1 drivers
v000002e81c9e6650_0 .net *"_ivl_111", 0 0, L_000002e81c981cb0;  1 drivers
v000002e81c9e7a50_0 .net *"_ivl_114", 0 0, L_000002e81ca41960;  1 drivers
v000002e81c9e6c90_0 .net *"_ivl_115", 0 0, L_000002e81c981d90;  1 drivers
v000002e81c9e6dd0_0 .net *"_ivl_117", 0 0, L_000002e81c981b60;  1 drivers
v000002e81c9e7af0_0 .net *"_ivl_123", 0 0, L_000002e81ca42a40;  1 drivers
v000002e81c9e6e70_0 .net *"_ivl_125", 0 0, L_000002e81ca438a0;  1 drivers
v000002e81c9e8770_0 .net *"_ivl_127", 0 0, L_000002e81ca41c80;  1 drivers
v000002e81c9e6f10_0 .net *"_ivl_128", 0 0, L_000002e81c9823b0;  1 drivers
v000002e81c9e7b90_0 .net *"_ivl_130", 0 0, L_000002e81c982d50;  1 drivers
v000002e81c9e6fb0_0 .net *"_ivl_133", 0 0, L_000002e81ca43580;  1 drivers
v000002e81c9e7230_0 .net *"_ivl_135", 0 0, L_000002e81ca42040;  1 drivers
v000002e81c9e7410_0 .net *"_ivl_136", 0 0, L_000002e81c9820a0;  1 drivers
v000002e81c9e7c30_0 .net *"_ivl_139", 0 0, L_000002e81ca425e0;  1 drivers
v000002e81c9e7cd0_0 .net *"_ivl_140", 0 0, L_000002e81c981c40;  1 drivers
v000002e81c9e7e10_0 .net *"_ivl_142", 0 0, L_000002e81c982dc0;  1 drivers
v000002e81c9e7ff0_0 .net *"_ivl_145", 0 0, L_000002e81ca42ae0;  1 drivers
v000002e81c9e81d0_0 .net *"_ivl_147", 0 0, L_000002e81ca43940;  1 drivers
v000002e81ca00b80_0 .net *"_ivl_148", 0 0, L_000002e81c982e30;  1 drivers
v000002e81ca02b60_0 .net *"_ivl_151", 0 0, L_000002e81ca420e0;  1 drivers
v000002e81ca005e0_0 .net *"_ivl_152", 0 0, L_000002e81c982ea0;  1 drivers
v000002e81ca019e0_0 .net *"_ivl_155", 0 0, L_000002e81ca42220;  1 drivers
v000002e81ca02480_0 .net *"_ivl_156", 0 0, L_000002e81c982570;  1 drivers
v000002e81ca01120_0 .net *"_ivl_158", 0 0, L_000002e81c981e00;  1 drivers
v000002e81ca01800_0 .net *"_ivl_161", 0 0, L_000002e81ca43620;  1 drivers
v000002e81ca020c0_0 .net *"_ivl_163", 0 0, L_000002e81ca43a80;  1 drivers
v000002e81ca00540_0 .net *"_ivl_164", 0 0, L_000002e81c982f10;  1 drivers
v000002e81ca02660_0 .net *"_ivl_167", 0 0, L_000002e81ca41be0;  1 drivers
v000002e81ca02340_0 .net *"_ivl_168", 0 0, L_000002e81c981ee0;  1 drivers
v000002e81ca00900_0 .net *"_ivl_171", 0 0, L_000002e81ca42b80;  1 drivers
v000002e81ca02980_0 .net *"_ivl_172", 0 0, L_000002e81c9825e0;  1 drivers
v000002e81ca01ee0_0 .net *"_ivl_175", 0 0, L_000002e81ca42400;  1 drivers
v000002e81ca02840_0 .net *"_ivl_176", 0 0, L_000002e81c981f50;  1 drivers
v000002e81ca009a0_0 .net *"_ivl_178", 0 0, L_000002e81c982030;  1 drivers
v000002e81ca01080_0 .net *"_ivl_183", 0 0, L_000002e81ca41500;  1 drivers
v000002e81ca01580_0 .net *"_ivl_185", 0 0, L_000002e81ca42540;  1 drivers
v000002e81ca014e0_0 .net *"_ivl_187", 0 0, L_000002e81ca43b20;  1 drivers
v000002e81ca028e0_0 .net *"_ivl_188", 0 0, L_000002e81c982180;  1 drivers
v000002e81ca01300_0 .net *"_ivl_190", 0 0, L_000002e81c9821f0;  1 drivers
v000002e81ca011c0_0 .net *"_ivl_193", 0 0, L_000002e81ca42ea0;  1 drivers
v000002e81ca01940_0 .net *"_ivl_195", 0 0, L_000002e81ca42180;  1 drivers
v000002e81ca013a0_0 .net *"_ivl_196", 0 0, L_000002e81c9834c0;  1 drivers
v000002e81ca02c00_0 .net *"_ivl_199", 0 0, L_000002e81ca42680;  1 drivers
v000002e81ca02520_0 .net *"_ivl_200", 0 0, L_000002e81c983140;  1 drivers
v000002e81ca00860_0 .net *"_ivl_202", 0 0, L_000002e81c983680;  1 drivers
v000002e81ca02700_0 .net *"_ivl_205", 0 0, L_000002e81ca434e0;  1 drivers
v000002e81ca01f80_0 .net *"_ivl_207", 0 0, L_000002e81ca415a0;  1 drivers
v000002e81ca00c20_0 .net *"_ivl_208", 0 0, L_000002e81c983990;  1 drivers
v000002e81ca022a0_0 .net *"_ivl_211", 0 0, L_000002e81ca436c0;  1 drivers
v000002e81ca01620_0 .net *"_ivl_212", 0 0, L_000002e81c983ca0;  1 drivers
v000002e81ca02200_0 .net *"_ivl_215", 0 0, L_000002e81ca41780;  1 drivers
v000002e81ca02160_0 .net *"_ivl_216", 0 0, L_000002e81c983450;  1 drivers
v000002e81ca00a40_0 .net *"_ivl_223", 0 0, L_000002e81ca427c0;  1 drivers
v000002e81ca023e0_0 .net *"_ivl_225", 0 0, L_000002e81ca43800;  1 drivers
v000002e81ca025c0_0 .net *"_ivl_226", 0 0, L_000002e81c983ed0;  1 drivers
v000002e81ca02a20_0 .net *"_ivl_229", 0 0, L_000002e81ca43bc0;  1 drivers
v000002e81ca02ca0_0 .net *"_ivl_231", 0 0, L_000002e81ca42f40;  1 drivers
v000002e81ca00680_0 .net *"_ivl_232", 0 0, L_000002e81c983a70;  1 drivers
v000002e81ca02ac0_0 .net *"_ivl_42", 0 0, L_000002e81c981a80;  1 drivers
v000002e81ca01a80_0 .net *"_ivl_46", 0 0, L_000002e81ca41fa0;  1 drivers
v000002e81ca016c0_0 .net *"_ivl_48", 0 0, L_000002e81ca41460;  1 drivers
v000002e81ca01da0_0 .net *"_ivl_50", 0 0, L_000002e81ca433a0;  1 drivers
v000002e81ca00720_0 .net *"_ivl_51", 0 0, L_000002e81c981700;  1 drivers
v000002e81ca00d60_0 .net *"_ivl_53", 0 0, L_000002e81c982ab0;  1 drivers
v000002e81ca007c0_0 .net *"_ivl_58", 0 0, L_000002e81ca431c0;  1 drivers
v000002e81ca027a0_0 .net *"_ivl_60", 0 0, L_000002e81ca424a0;  1 drivers
v000002e81ca00ae0_0 .net *"_ivl_62", 0 0, L_000002e81ca43120;  1 drivers
v000002e81ca00cc0_0 .net *"_ivl_63", 0 0, L_000002e81c981fc0;  1 drivers
v000002e81ca00e00_0 .net *"_ivl_65", 0 0, L_000002e81c982260;  1 drivers
v000002e81ca00ea0_0 .net *"_ivl_68", 0 0, L_000002e81ca418c0;  1 drivers
v000002e81ca00f40_0 .net *"_ivl_70", 0 0, L_000002e81ca43260;  1 drivers
v000002e81ca00fe0_0 .net *"_ivl_71", 0 0, L_000002e81c982500;  1 drivers
v000002e81ca01260_0 .net *"_ivl_74", 0 0, L_000002e81ca41dc0;  1 drivers
v000002e81ca01b20_0 .net *"_ivl_75", 0 0, L_000002e81c9815b0;  1 drivers
v000002e81ca018a0_0 .net *"_ivl_77", 0 0, L_000002e81c982b20;  1 drivers
v000002e81ca01440_0 .net *"_ivl_82", 0 0, L_000002e81ca43080;  1 drivers
v000002e81ca01760_0 .net *"_ivl_84", 0 0, L_000002e81ca439e0;  1 drivers
v000002e81ca01bc0_0 .net *"_ivl_86", 0 0, L_000002e81ca41d20;  1 drivers
v000002e81ca01c60_0 .net *"_ivl_87", 0 0, L_000002e81c982b90;  1 drivers
v000002e81ca01d00_0 .net *"_ivl_89", 0 0, L_000002e81c982c00;  1 drivers
v000002e81ca01e40_0 .net *"_ivl_92", 0 0, L_000002e81ca43300;  1 drivers
v000002e81ca02020_0 .net *"_ivl_94", 0 0, L_000002e81ca43440;  1 drivers
v000002e81ca03100_0 .net *"_ivl_95", 0 0, L_000002e81c982ce0;  1 drivers
v000002e81ca04f00_0 .net *"_ivl_98", 0 0, L_000002e81ca42720;  1 drivers
v000002e81ca02de0_0 .net *"_ivl_99", 0 0, L_000002e81c9822d0;  1 drivers
v000002e81ca03ce0_0 .net "a", 15 0, L_000002e81ca41640;  1 drivers
v000002e81ca04500_0 .net "b", 15 0, L_000002e81ca416e0;  1 drivers
v000002e81ca031a0_0 .net "c", 4 0, L_000002e81ca42e00;  1 drivers
v000002e81ca05180_0 .net "cin", 0 0, L_000002e81cab98f8;  alias, 1 drivers
v000002e81ca04b40_0 .net "cout", 0 0, L_000002e81ca43760;  1 drivers
v000002e81ca034c0_0 .net "gg", 3 0, L_000002e81ca429a0;  1 drivers
v000002e81ca048c0_0 .net "gp", 3 0, L_000002e81ca42fe0;  1 drivers
v000002e81ca046e0_0 .net "group_G", 0 0, L_000002e81c983530;  1 drivers
v000002e81ca03880_0 .net "group_P", 0 0, L_000002e81ca41b40;  1 drivers
v000002e81ca03380_0 .net "overflow", 0 0, L_000002e81c983370;  1 drivers
v000002e81ca03560_0 .net "sum", 15 0, L_000002e81ca40560;  1 drivers
L_000002e81ca5aaa0 .part L_000002e81ca41640, 0, 4;
L_000002e81ca5b720 .part L_000002e81ca416e0, 0, 4;
L_000002e81ca5b0e0 .part L_000002e81ca42e00, 0, 1;
L_000002e81ca5e6a0 .part L_000002e81ca41640, 4, 4;
L_000002e81ca5d520 .part L_000002e81ca416e0, 4, 4;
L_000002e81ca5d200 .part L_000002e81ca42e00, 1, 1;
L_000002e81ca3f700 .part L_000002e81ca41640, 8, 4;
L_000002e81ca40740 .part L_000002e81ca416e0, 8, 4;
L_000002e81ca40a60 .part L_000002e81ca42e00, 2, 1;
L_000002e81ca3fe80 .part L_000002e81ca41640, 12, 4;
L_000002e81ca40420 .part L_000002e81ca416e0, 12, 4;
L_000002e81ca404c0 .part L_000002e81ca42e00, 3, 1;
L_000002e81ca40560 .concat8 [ 4 4 4 4], L_000002e81c97f320, L_000002e81c97fef0, L_000002e81c9802e0, L_000002e81c982110;
L_000002e81ca429a0 .concat8 [ 1 1 1 1], L_000002e81c97e1a0, L_000002e81c980040, L_000002e81c980270, L_000002e81c982490;
L_000002e81ca42fe0 .concat8 [ 1 1 1 1], L_000002e81c97f010, L_000002e81c97ed70, L_000002e81c980d60, L_000002e81c981a10;
L_000002e81ca41fa0 .part L_000002e81ca429a0, 0, 1;
L_000002e81ca41460 .part L_000002e81ca42fe0, 0, 1;
L_000002e81ca433a0 .part L_000002e81ca42e00, 0, 1;
L_000002e81ca431c0 .part L_000002e81ca429a0, 1, 1;
L_000002e81ca424a0 .part L_000002e81ca42fe0, 1, 1;
L_000002e81ca43120 .part L_000002e81ca429a0, 0, 1;
L_000002e81ca418c0 .part L_000002e81ca42fe0, 1, 1;
L_000002e81ca43260 .part L_000002e81ca42fe0, 0, 1;
L_000002e81ca41dc0 .part L_000002e81ca42e00, 0, 1;
L_000002e81ca43080 .part L_000002e81ca429a0, 2, 1;
L_000002e81ca439e0 .part L_000002e81ca42fe0, 2, 1;
L_000002e81ca41d20 .part L_000002e81ca429a0, 1, 1;
L_000002e81ca43300 .part L_000002e81ca42fe0, 2, 1;
L_000002e81ca43440 .part L_000002e81ca42fe0, 1, 1;
L_000002e81ca42720 .part L_000002e81ca429a0, 0, 1;
L_000002e81ca41e60 .part L_000002e81ca42fe0, 2, 1;
L_000002e81ca41f00 .part L_000002e81ca42fe0, 1, 1;
L_000002e81ca41820 .part L_000002e81ca42fe0, 0, 1;
L_000002e81ca41960 .part L_000002e81ca42e00, 0, 1;
LS_000002e81ca42e00_0_0 .concat8 [ 1 1 1 1], L_000002e81c981a80, L_000002e81c982ab0, L_000002e81c982b20, L_000002e81c981b60;
LS_000002e81ca42e00_0_4 .concat8 [ 1 0 0 0], L_000002e81c982030;
L_000002e81ca42e00 .concat8 [ 4 1 0 0], LS_000002e81ca42e00_0_0, LS_000002e81ca42e00_0_4;
L_000002e81ca42a40 .part L_000002e81ca429a0, 3, 1;
L_000002e81ca438a0 .part L_000002e81ca42fe0, 3, 1;
L_000002e81ca41c80 .part L_000002e81ca429a0, 2, 1;
L_000002e81ca43580 .part L_000002e81ca42fe0, 3, 1;
L_000002e81ca42040 .part L_000002e81ca42fe0, 2, 1;
L_000002e81ca425e0 .part L_000002e81ca429a0, 1, 1;
L_000002e81ca42ae0 .part L_000002e81ca42fe0, 3, 1;
L_000002e81ca43940 .part L_000002e81ca42fe0, 2, 1;
L_000002e81ca420e0 .part L_000002e81ca42fe0, 1, 1;
L_000002e81ca42220 .part L_000002e81ca429a0, 0, 1;
L_000002e81ca43620 .part L_000002e81ca42fe0, 3, 1;
L_000002e81ca43a80 .part L_000002e81ca42fe0, 2, 1;
L_000002e81ca41be0 .part L_000002e81ca42fe0, 1, 1;
L_000002e81ca42b80 .part L_000002e81ca42fe0, 0, 1;
L_000002e81ca42400 .part L_000002e81ca42e00, 0, 1;
L_000002e81ca41b40 .reduce/and L_000002e81ca42fe0;
L_000002e81ca41500 .part L_000002e81ca429a0, 3, 1;
L_000002e81ca42540 .part L_000002e81ca42fe0, 3, 1;
L_000002e81ca43b20 .part L_000002e81ca429a0, 2, 1;
L_000002e81ca42ea0 .part L_000002e81ca42fe0, 3, 1;
L_000002e81ca42180 .part L_000002e81ca42fe0, 2, 1;
L_000002e81ca42680 .part L_000002e81ca429a0, 1, 1;
L_000002e81ca434e0 .part L_000002e81ca42fe0, 3, 1;
L_000002e81ca415a0 .part L_000002e81ca42fe0, 2, 1;
L_000002e81ca436c0 .part L_000002e81ca42fe0, 1, 1;
L_000002e81ca41780 .part L_000002e81ca429a0, 0, 1;
L_000002e81ca43760 .part L_000002e81ca42e00, 4, 1;
L_000002e81ca427c0 .part L_000002e81ca41640, 15, 1;
L_000002e81ca43800 .part L_000002e81ca416e0, 15, 1;
L_000002e81ca43bc0 .part L_000002e81ca40560, 15, 1;
L_000002e81ca42f40 .part L_000002e81ca41640, 15, 1;
S_000002e81c9e62e0 .scope generate, "cla4_blocks[0]" "cla4_blocks[0]" 12 32, 12 32 0, S_000002e81c9e5660;
 .timescale -9 -12;
P_000002e81c935bf0 .param/l "i" 0 12 32, +C4<00>;
S_000002e81c9e6150 .scope module, "block" "cla_4bit" 12 33, 13 3 0, S_000002e81c9e62e0;
 .timescale -9 -12;
    .port_info 0 /INPUT 4 "a";
    .port_info 1 /INPUT 4 "b";
    .port_info 2 /INPUT 1 "cin";
    .port_info 3 /OUTPUT 4 "sum";
    .port_info 4 /OUTPUT 1 "group_G";
    .port_info 5 /OUTPUT 1 "group_P";
    .port_info 6 /OUTPUT 1 "cout";
L_000002e81c97d3a0 .functor AND 4, L_000002e81ca5aaa0, L_000002e81ca5b720, C4<1111>, C4<1111>;
L_000002e81c97c300 .functor XOR 4, L_000002e81ca5aaa0, L_000002e81ca5b720, C4<0000>, C4<0000>;
L_000002e81c97c6f0 .functor BUFZ 1, L_000002e81ca5b0e0, C4<0>, C4<0>, C4<0>;
L_000002e81c97cf40 .functor AND 1, L_000002e81ca58f20, L_000002e81ca58340, C4<1>, C4<1>;
L_000002e81c97c530 .functor OR 1, L_000002e81ca58ca0, L_000002e81c97cf40, C4<0>, C4<0>;
L_000002e81c97d720 .functor AND 1, L_000002e81ca59060, L_000002e81ca592e0, C4<1>, C4<1>;
L_000002e81c97c5a0 .functor OR 1, L_000002e81ca58fc0, L_000002e81c97d720, C4<0>, C4<0>;
L_000002e81c97c990 .functor AND 1, L_000002e81ca594c0, L_000002e81ca59920, C4<1>, C4<1>;
L_000002e81c97dc60 .functor AND 1, L_000002e81c97c990, L_000002e81ca599c0, C4<1>, C4<1>;
L_000002e81c97d8e0 .functor OR 1, L_000002e81c97c5a0, L_000002e81c97dc60, C4<0>, C4<0>;
L_000002e81c97cfb0 .functor AND 1, L_000002e81ca57da0, L_000002e81ca58700, C4<1>, C4<1>;
L_000002e81c97d4f0 .functor OR 1, L_000002e81ca59ba0, L_000002e81c97cfb0, C4<0>, C4<0>;
L_000002e81c97c760 .functor AND 1, L_000002e81ca583e0, L_000002e81ca585c0, C4<1>, C4<1>;
L_000002e81c97d950 .functor AND 1, L_000002e81c97c760, L_000002e81ca580c0, C4<1>, C4<1>;
L_000002e81c97c7d0 .functor OR 1, L_000002e81c97d4f0, L_000002e81c97d950, C4<0>, C4<0>;
L_000002e81c97c8b0 .functor AND 1, L_000002e81ca59100, L_000002e81ca5a280, C4<1>, C4<1>;
L_000002e81c97d330 .functor AND 1, L_000002e81c97c8b0, L_000002e81ca58160, C4<1>, C4<1>;
L_000002e81c97daa0 .functor AND 1, L_000002e81c97d330, L_000002e81ca57d00, C4<1>, C4<1>;
L_000002e81c97c920 .functor OR 1, L_000002e81c97c7d0, L_000002e81c97daa0, C4<0>, C4<0>;
L_000002e81c97ca00 .functor AND 1, L_000002e81ca587a0, L_000002e81ca58840, C4<1>, C4<1>;
L_000002e81c97da30 .functor OR 1, L_000002e81ca57ee0, L_000002e81c97ca00, C4<0>, C4<0>;
L_000002e81c97d480 .functor AND 1, L_000002e81ca588e0, L_000002e81ca58a20, C4<1>, C4<1>;
L_000002e81c97d790 .functor AND 1, L_000002e81c97d480, L_000002e81ca5a000, C4<1>, C4<1>;
L_000002e81c97cb50 .functor OR 1, L_000002e81c97da30, L_000002e81c97d790, C4<0>, C4<0>;
L_000002e81c97cbc0 .functor AND 1, L_000002e81ca59c40, L_000002e81ca58ac0, C4<1>, C4<1>;
L_000002e81c97eec0 .functor AND 1, L_000002e81c97cbc0, L_000002e81ca59ce0, C4<1>, C4<1>;
L_000002e81c97f7f0 .functor AND 1, L_000002e81c97eec0, L_000002e81ca58d40, C4<1>, C4<1>;
L_000002e81c97e830 .functor OR 1, L_000002e81c97cb50, L_000002e81c97f7f0, C4<0>, C4<0>;
L_000002e81c97e4b0 .functor AND 1, L_000002e81ca58b60, L_000002e81ca5a0a0, C4<1>, C4<1>;
L_000002e81c97e2f0 .functor AND 1, L_000002e81c97e4b0, L_000002e81ca5a320, C4<1>, C4<1>;
L_000002e81c97f400 .functor AND 1, L_000002e81c97e2f0, L_000002e81ca5a140, C4<1>, C4<1>;
L_000002e81c97e440 .functor AND 1, L_000002e81c97f400, L_000002e81ca58c00, C4<1>, C4<1>;
L_000002e81c97e8a0 .functor OR 1, L_000002e81c97e830, L_000002e81c97e440, C4<0>, C4<0>;
L_000002e81c97e050 .functor AND 1, L_000002e81ca5a1e0, L_000002e81ca57c60, C4<1>, C4<1>;
L_000002e81c97ec90 .functor AND 1, L_000002e81c97e050, L_000002e81ca57e40, C4<1>, C4<1>;
L_000002e81c97f010 .functor AND 1, L_000002e81c97ec90, L_000002e81ca57f80, C4<1>, C4<1>;
L_000002e81c97f2b0 .functor AND 1, L_000002e81ca5c8a0, L_000002e81ca5c620, C4<1>, C4<1>;
L_000002e81c97ee50 .functor OR 1, L_000002e81ca5bae0, L_000002e81c97f2b0, C4<0>, C4<0>;
L_000002e81c97e520 .functor AND 1, L_000002e81ca5b220, L_000002e81ca5ba40, C4<1>, C4<1>;
L_000002e81c97df70 .functor AND 1, L_000002e81c97e520, L_000002e81ca5aa00, C4<1>, C4<1>;
L_000002e81c97f1d0 .functor OR 1, L_000002e81c97ee50, L_000002e81c97df70, C4<0>, C4<0>;
L_000002e81c97ebb0 .functor AND 1, L_000002e81ca5bfe0, L_000002e81ca5a8c0, C4<1>, C4<1>;
L_000002e81c97e7c0 .functor AND 1, L_000002e81c97ebb0, L_000002e81ca5abe0, C4<1>, C4<1>;
L_000002e81c97ef30 .functor AND 1, L_000002e81c97e7c0, L_000002e81ca5be00, C4<1>, C4<1>;
L_000002e81c97e1a0 .functor OR 1, L_000002e81c97f1d0, L_000002e81c97ef30, C4<0>, C4<0>;
L_000002e81c97f320 .functor XOR 4, L_000002e81c97c300, L_000002e81ca5a460, C4<0000>, C4<0000>;
v000002e81c970ba0_0 .net *"_ivl_100", 0 0, L_000002e81ca58a20;  1 drivers
v000002e81c96f520_0 .net *"_ivl_101", 0 0, L_000002e81c97d480;  1 drivers
v000002e81c96f660_0 .net *"_ivl_104", 0 0, L_000002e81ca5a000;  1 drivers
v000002e81c96ff20_0 .net *"_ivl_105", 0 0, L_000002e81c97d790;  1 drivers
v000002e81c96f700_0 .net *"_ivl_107", 0 0, L_000002e81c97cb50;  1 drivers
v000002e81c96f7a0_0 .net *"_ivl_11", 0 0, L_000002e81ca58ca0;  1 drivers
v000002e81c96ffc0_0 .net *"_ivl_110", 0 0, L_000002e81ca59c40;  1 drivers
v000002e81c972180_0 .net *"_ivl_112", 0 0, L_000002e81ca58ac0;  1 drivers
v000002e81c972400_0 .net *"_ivl_113", 0 0, L_000002e81c97cbc0;  1 drivers
v000002e81c8ddc80_0 .net *"_ivl_116", 0 0, L_000002e81ca59ce0;  1 drivers
v000002e81c8dde60_0 .net *"_ivl_117", 0 0, L_000002e81c97eec0;  1 drivers
v000002e81c8dce20_0 .net *"_ivl_120", 0 0, L_000002e81ca58d40;  1 drivers
v000002e81c8d01c0_0 .net *"_ivl_121", 0 0, L_000002e81c97f7f0;  1 drivers
v000002e81c8d0800_0 .net *"_ivl_123", 0 0, L_000002e81c97e830;  1 drivers
v000002e81c9e9670_0 .net *"_ivl_126", 0 0, L_000002e81ca58b60;  1 drivers
v000002e81c9e9990_0 .net *"_ivl_128", 0 0, L_000002e81ca5a0a0;  1 drivers
v000002e81c9e92b0_0 .net *"_ivl_129", 0 0, L_000002e81c97e4b0;  1 drivers
v000002e81c9e8db0_0 .net *"_ivl_13", 0 0, L_000002e81ca58f20;  1 drivers
v000002e81c9eb1f0_0 .net *"_ivl_132", 0 0, L_000002e81ca5a320;  1 drivers
v000002e81c9ea1b0_0 .net *"_ivl_133", 0 0, L_000002e81c97e2f0;  1 drivers
v000002e81c9e8d10_0 .net *"_ivl_136", 0 0, L_000002e81ca5a140;  1 drivers
v000002e81c9eb330_0 .net *"_ivl_137", 0 0, L_000002e81c97f400;  1 drivers
v000002e81c9e9530_0 .net *"_ivl_140", 0 0, L_000002e81ca58c00;  1 drivers
v000002e81c9eb010_0 .net *"_ivl_141", 0 0, L_000002e81c97e440;  1 drivers
v000002e81c9e9df0_0 .net *"_ivl_143", 0 0, L_000002e81c97e8a0;  1 drivers
v000002e81c9e9d50_0 .net *"_ivl_146", 0 0, L_000002e81ca5a1e0;  1 drivers
v000002e81c9e9350_0 .net *"_ivl_148", 0 0, L_000002e81ca57c60;  1 drivers
v000002e81c9eb0b0_0 .net *"_ivl_149", 0 0, L_000002e81c97e050;  1 drivers
v000002e81c9e9e90_0 .net *"_ivl_15", 0 0, L_000002e81ca58340;  1 drivers
v000002e81c9e8e50_0 .net *"_ivl_152", 0 0, L_000002e81ca57e40;  1 drivers
v000002e81c9ea250_0 .net *"_ivl_153", 0 0, L_000002e81c97ec90;  1 drivers
v000002e81c9eac50_0 .net *"_ivl_156", 0 0, L_000002e81ca57f80;  1 drivers
v000002e81c9e98f0_0 .net *"_ivl_16", 0 0, L_000002e81c97cf40;  1 drivers
v000002e81c9e9fd0_0 .net *"_ivl_160", 0 0, L_000002e81ca5bae0;  1 drivers
v000002e81c9ea890_0 .net *"_ivl_162", 0 0, L_000002e81ca5c8a0;  1 drivers
v000002e81c9e8ef0_0 .net *"_ivl_164", 0 0, L_000002e81ca5c620;  1 drivers
v000002e81c9eae30_0 .net *"_ivl_165", 0 0, L_000002e81c97f2b0;  1 drivers
v000002e81c9eab10_0 .net *"_ivl_167", 0 0, L_000002e81c97ee50;  1 drivers
v000002e81c9e90d0_0 .net *"_ivl_170", 0 0, L_000002e81ca5b220;  1 drivers
v000002e81c9eb150_0 .net *"_ivl_172", 0 0, L_000002e81ca5ba40;  1 drivers
v000002e81c9ea6b0_0 .net *"_ivl_173", 0 0, L_000002e81c97e520;  1 drivers
v000002e81c9eb290_0 .net *"_ivl_176", 0 0, L_000002e81ca5aa00;  1 drivers
v000002e81c9e9170_0 .net *"_ivl_177", 0 0, L_000002e81c97df70;  1 drivers
v000002e81c9e9850_0 .net *"_ivl_179", 0 0, L_000002e81c97f1d0;  1 drivers
v000002e81c9e9f30_0 .net *"_ivl_18", 0 0, L_000002e81c97c530;  1 drivers
v000002e81c9e9cb0_0 .net *"_ivl_182", 0 0, L_000002e81ca5bfe0;  1 drivers
v000002e81c9eb3d0_0 .net *"_ivl_184", 0 0, L_000002e81ca5a8c0;  1 drivers
v000002e81c9e9ad0_0 .net *"_ivl_185", 0 0, L_000002e81c97ebb0;  1 drivers
v000002e81c9e9a30_0 .net *"_ivl_188", 0 0, L_000002e81ca5abe0;  1 drivers
v000002e81c9ea110_0 .net *"_ivl_189", 0 0, L_000002e81c97e7c0;  1 drivers
v000002e81c9e9b70_0 .net *"_ivl_192", 0 0, L_000002e81ca5be00;  1 drivers
v000002e81c9eb470_0 .net *"_ivl_193", 0 0, L_000002e81c97ef30;  1 drivers
v000002e81c9eacf0_0 .net *"_ivl_198", 3 0, L_000002e81ca5a460;  1 drivers
v000002e81c9e8f90_0 .net *"_ivl_23", 0 0, L_000002e81ca58fc0;  1 drivers
v000002e81c9e9030_0 .net *"_ivl_25", 0 0, L_000002e81ca59060;  1 drivers
v000002e81c9ea750_0 .net *"_ivl_27", 0 0, L_000002e81ca592e0;  1 drivers
v000002e81c9e93f0_0 .net *"_ivl_28", 0 0, L_000002e81c97d720;  1 drivers
v000002e81c9eaa70_0 .net *"_ivl_30", 0 0, L_000002e81c97c5a0;  1 drivers
v000002e81c9ea070_0 .net *"_ivl_33", 0 0, L_000002e81ca594c0;  1 drivers
v000002e81c9ea9d0_0 .net *"_ivl_35", 0 0, L_000002e81ca59920;  1 drivers
v000002e81c9ea930_0 .net *"_ivl_36", 0 0, L_000002e81c97c990;  1 drivers
v000002e81c9e9210_0 .net *"_ivl_39", 0 0, L_000002e81ca599c0;  1 drivers
v000002e81c9eabb0_0 .net *"_ivl_40", 0 0, L_000002e81c97dc60;  1 drivers
v000002e81c9ead90_0 .net *"_ivl_42", 0 0, L_000002e81c97d8e0;  1 drivers
v000002e81c9e9490_0 .net *"_ivl_47", 0 0, L_000002e81ca59ba0;  1 drivers
v000002e81c9eaed0_0 .net *"_ivl_49", 0 0, L_000002e81ca57da0;  1 drivers
v000002e81c9ea610_0 .net *"_ivl_51", 0 0, L_000002e81ca58700;  1 drivers
v000002e81c9ea2f0_0 .net *"_ivl_52", 0 0, L_000002e81c97cfb0;  1 drivers
v000002e81c9e95d0_0 .net *"_ivl_54", 0 0, L_000002e81c97d4f0;  1 drivers
v000002e81c9eaf70_0 .net *"_ivl_57", 0 0, L_000002e81ca583e0;  1 drivers
v000002e81c9e9710_0 .net *"_ivl_59", 0 0, L_000002e81ca585c0;  1 drivers
v000002e81c9ea390_0 .net *"_ivl_60", 0 0, L_000002e81c97c760;  1 drivers
v000002e81c9e97b0_0 .net *"_ivl_63", 0 0, L_000002e81ca580c0;  1 drivers
v000002e81c9e9c10_0 .net *"_ivl_64", 0 0, L_000002e81c97d950;  1 drivers
v000002e81c9ea430_0 .net *"_ivl_66", 0 0, L_000002e81c97c7d0;  1 drivers
v000002e81c9ea4d0_0 .net *"_ivl_69", 0 0, L_000002e81ca59100;  1 drivers
v000002e81c9ea7f0_0 .net *"_ivl_7", 0 0, L_000002e81c97c6f0;  1 drivers
v000002e81c9ea570_0 .net *"_ivl_71", 0 0, L_000002e81ca5a280;  1 drivers
v000002e81c9edc70_0 .net *"_ivl_72", 0 0, L_000002e81c97c8b0;  1 drivers
v000002e81c9ed090_0 .net *"_ivl_75", 0 0, L_000002e81ca58160;  1 drivers
v000002e81c9eb650_0 .net *"_ivl_76", 0 0, L_000002e81c97d330;  1 drivers
v000002e81c9ebfb0_0 .net *"_ivl_79", 0 0, L_000002e81ca57d00;  1 drivers
v000002e81c9ec9b0_0 .net *"_ivl_80", 0 0, L_000002e81c97daa0;  1 drivers
v000002e81c9ec910_0 .net *"_ivl_82", 0 0, L_000002e81c97c920;  1 drivers
v000002e81c9ecff0_0 .net *"_ivl_88", 0 0, L_000002e81ca57ee0;  1 drivers
v000002e81c9eb6f0_0 .net *"_ivl_90", 0 0, L_000002e81ca587a0;  1 drivers
v000002e81c9ebc90_0 .net *"_ivl_92", 0 0, L_000002e81ca58840;  1 drivers
v000002e81c9ebe70_0 .net *"_ivl_93", 0 0, L_000002e81c97ca00;  1 drivers
v000002e81c9ec2d0_0 .net *"_ivl_95", 0 0, L_000002e81c97da30;  1 drivers
v000002e81c9ed130_0 .net *"_ivl_98", 0 0, L_000002e81ca588e0;  1 drivers
v000002e81c9ec050_0 .net "a", 3 0, L_000002e81ca5aaa0;  1 drivers
v000002e81c9eca50_0 .net "b", 3 0, L_000002e81ca5b720;  1 drivers
v000002e81c9ecaf0_0 .net "c", 4 0, L_000002e81ca58660;  1 drivers
v000002e81c9ed1d0_0 .net "cin", 0 0, L_000002e81ca5b0e0;  1 drivers
v000002e81c9ec4b0_0 .net "cout", 0 0, L_000002e81ca5a780;  1 drivers
v000002e81c9ec690_0 .net "g", 3 0, L_000002e81c97d3a0;  1 drivers
v000002e81c9ed270_0 .net "group_G", 0 0, L_000002e81c97e1a0;  1 drivers
v000002e81c9ebf10_0 .net "group_P", 0 0, L_000002e81c97f010;  1 drivers
v000002e81c9ec0f0_0 .net "p", 3 0, L_000002e81c97c300;  1 drivers
v000002e81c9eceb0_0 .net "sum", 3 0, L_000002e81c97f320;  1 drivers
L_000002e81ca58ca0 .part L_000002e81c97d3a0, 0, 1;
L_000002e81ca58f20 .part L_000002e81c97c300, 0, 1;
L_000002e81ca58340 .part L_000002e81ca58660, 0, 1;
L_000002e81ca58fc0 .part L_000002e81c97d3a0, 1, 1;
L_000002e81ca59060 .part L_000002e81c97c300, 1, 1;
L_000002e81ca592e0 .part L_000002e81c97d3a0, 0, 1;
L_000002e81ca594c0 .part L_000002e81c97c300, 1, 1;
L_000002e81ca59920 .part L_000002e81c97c300, 0, 1;
L_000002e81ca599c0 .part L_000002e81ca58660, 0, 1;
L_000002e81ca59ba0 .part L_000002e81c97d3a0, 2, 1;
L_000002e81ca57da0 .part L_000002e81c97c300, 2, 1;
L_000002e81ca58700 .part L_000002e81c97d3a0, 1, 1;
L_000002e81ca583e0 .part L_000002e81c97c300, 2, 1;
L_000002e81ca585c0 .part L_000002e81c97c300, 1, 1;
L_000002e81ca580c0 .part L_000002e81c97d3a0, 0, 1;
L_000002e81ca59100 .part L_000002e81c97c300, 2, 1;
L_000002e81ca5a280 .part L_000002e81c97c300, 1, 1;
L_000002e81ca58160 .part L_000002e81c97c300, 0, 1;
L_000002e81ca57d00 .part L_000002e81ca58660, 0, 1;
LS_000002e81ca58660_0_0 .concat8 [ 1 1 1 1], L_000002e81c97c6f0, L_000002e81c97c530, L_000002e81c97d8e0, L_000002e81c97c920;
LS_000002e81ca58660_0_4 .concat8 [ 1 0 0 0], L_000002e81c97e8a0;
L_000002e81ca58660 .concat8 [ 4 1 0 0], LS_000002e81ca58660_0_0, LS_000002e81ca58660_0_4;
L_000002e81ca57ee0 .part L_000002e81c97d3a0, 3, 1;
L_000002e81ca587a0 .part L_000002e81c97c300, 3, 1;
L_000002e81ca58840 .part L_000002e81c97d3a0, 2, 1;
L_000002e81ca588e0 .part L_000002e81c97c300, 3, 1;
L_000002e81ca58a20 .part L_000002e81c97c300, 2, 1;
L_000002e81ca5a000 .part L_000002e81c97d3a0, 1, 1;
L_000002e81ca59c40 .part L_000002e81c97c300, 3, 1;
L_000002e81ca58ac0 .part L_000002e81c97c300, 2, 1;
L_000002e81ca59ce0 .part L_000002e81c97c300, 1, 1;
L_000002e81ca58d40 .part L_000002e81c97d3a0, 0, 1;
L_000002e81ca58b60 .part L_000002e81c97c300, 3, 1;
L_000002e81ca5a0a0 .part L_000002e81c97c300, 2, 1;
L_000002e81ca5a320 .part L_000002e81c97c300, 1, 1;
L_000002e81ca5a140 .part L_000002e81c97c300, 0, 1;
L_000002e81ca58c00 .part L_000002e81ca58660, 0, 1;
L_000002e81ca5a1e0 .part L_000002e81c97c300, 3, 1;
L_000002e81ca57c60 .part L_000002e81c97c300, 2, 1;
L_000002e81ca57e40 .part L_000002e81c97c300, 1, 1;
L_000002e81ca57f80 .part L_000002e81c97c300, 0, 1;
L_000002e81ca5bae0 .part L_000002e81c97d3a0, 3, 1;
L_000002e81ca5c8a0 .part L_000002e81c97c300, 3, 1;
L_000002e81ca5c620 .part L_000002e81c97d3a0, 2, 1;
L_000002e81ca5b220 .part L_000002e81c97c300, 3, 1;
L_000002e81ca5ba40 .part L_000002e81c97c300, 2, 1;
L_000002e81ca5aa00 .part L_000002e81c97d3a0, 1, 1;
L_000002e81ca5bfe0 .part L_000002e81c97c300, 3, 1;
L_000002e81ca5a8c0 .part L_000002e81c97c300, 2, 1;
L_000002e81ca5abe0 .part L_000002e81c97c300, 1, 1;
L_000002e81ca5be00 .part L_000002e81c97d3a0, 0, 1;
L_000002e81ca5a460 .part L_000002e81ca58660, 0, 4;
L_000002e81ca5a780 .part L_000002e81ca58660, 4, 1;
S_000002e81c9e57f0 .scope generate, "cla4_blocks[1]" "cla4_blocks[1]" 12 32, 12 32 0, S_000002e81c9e5660;
 .timescale -9 -12;
P_000002e81c935df0 .param/l "i" 0 12 32, +C4<01>;
S_000002e81c9e5e30 .scope module, "block" "cla_4bit" 12 33, 13 3 0, S_000002e81c9e57f0;
 .timescale -9 -12;
    .port_info 0 /INPUT 4 "a";
    .port_info 1 /INPUT 4 "b";
    .port_info 2 /INPUT 1 "cin";
    .port_info 3 /OUTPUT 4 "sum";
    .port_info 4 /OUTPUT 1 "group_G";
    .port_info 5 /OUTPUT 1 "group_P";
    .port_info 6 /OUTPUT 1 "cout";
L_000002e81c97f160 .functor AND 4, L_000002e81ca5e6a0, L_000002e81ca5d520, C4<1111>, C4<1111>;
L_000002e81c97f0f0 .functor XOR 4, L_000002e81ca5e6a0, L_000002e81ca5d520, C4<0000>, C4<0000>;
L_000002e81c97e0c0 .functor BUFZ 1, L_000002e81ca5d200, C4<0>, C4<0>, C4<0>;
L_000002e81c97dfe0 .functor AND 1, L_000002e81ca5c940, L_000002e81ca5c260, C4<1>, C4<1>;
L_000002e81c97dd40 .functor OR 1, L_000002e81ca5a500, L_000002e81c97dfe0, C4<0>, C4<0>;
L_000002e81c97e360 .functor AND 1, L_000002e81ca5b180, L_000002e81ca5c080, C4<1>, C4<1>;
L_000002e81c97efa0 .functor OR 1, L_000002e81ca5c120, L_000002e81c97e360, C4<0>, C4<0>;
L_000002e81c97f240 .functor AND 1, L_000002e81ca5cbc0, L_000002e81ca5c1c0, C4<1>, C4<1>;
L_000002e81c97e910 .functor AND 1, L_000002e81c97f240, L_000002e81ca5b7c0, C4<1>, C4<1>;
L_000002e81c97e980 .functor OR 1, L_000002e81c97efa0, L_000002e81c97e910, C4<0>, C4<0>;
L_000002e81c97e590 .functor AND 1, L_000002e81ca5bea0, L_000002e81ca5b540, C4<1>, C4<1>;
L_000002e81c97e9f0 .functor OR 1, L_000002e81ca5adc0, L_000002e81c97e590, C4<0>, C4<0>;
L_000002e81c97f080 .functor AND 1, L_000002e81ca5bb80, L_000002e81ca5a820, C4<1>, C4<1>;
L_000002e81c97e600 .functor AND 1, L_000002e81c97f080, L_000002e81ca5ae60, C4<1>, C4<1>;
L_000002e81c97e280 .functor OR 1, L_000002e81c97e9f0, L_000002e81c97e600, C4<0>, C4<0>;
L_000002e81c97e670 .functor AND 1, L_000002e81ca5bf40, L_000002e81ca5af00, C4<1>, C4<1>;
L_000002e81c97ea60 .functor AND 1, L_000002e81c97e670, L_000002e81ca5b5e0, C4<1>, C4<1>;
L_000002e81c97f550 .functor AND 1, L_000002e81c97ea60, L_000002e81ca5bc20, C4<1>, C4<1>;
L_000002e81c97e130 .functor OR 1, L_000002e81c97e280, L_000002e81c97f550, C4<0>, C4<0>;
L_000002e81c97e6e0 .functor AND 1, L_000002e81ca5ab40, L_000002e81ca5c300, C4<1>, C4<1>;
L_000002e81c97de20 .functor OR 1, L_000002e81ca5a960, L_000002e81c97e6e0, C4<0>, C4<0>;
L_000002e81c97e210 .functor AND 1, L_000002e81ca5b360, L_000002e81ca5b400, C4<1>, C4<1>;
L_000002e81c97ed00 .functor AND 1, L_000002e81c97e210, L_000002e81ca5a5a0, C4<1>, C4<1>;
L_000002e81c97f470 .functor OR 1, L_000002e81c97de20, L_000002e81c97ed00, C4<0>, C4<0>;
L_000002e81c97e3d0 .functor AND 1, L_000002e81ca5ac80, L_000002e81ca5ad20, C4<1>, C4<1>;
L_000002e81c97f5c0 .functor AND 1, L_000002e81c97e3d0, L_000002e81ca5afa0, C4<1>, C4<1>;
L_000002e81c97f390 .functor AND 1, L_000002e81c97f5c0, L_000002e81ca5b4a0, C4<1>, C4<1>;
L_000002e81c97f4e0 .functor OR 1, L_000002e81c97f470, L_000002e81c97f390, C4<0>, C4<0>;
L_000002e81c97e750 .functor AND 1, L_000002e81ca5c3a0, L_000002e81ca5bd60, C4<1>, C4<1>;
L_000002e81c97f860 .functor AND 1, L_000002e81c97e750, L_000002e81ca5c440, C4<1>, C4<1>;
L_000002e81c97eb40 .functor AND 1, L_000002e81c97f860, L_000002e81ca5b900, C4<1>, C4<1>;
L_000002e81c97ead0 .functor AND 1, L_000002e81c97eb40, L_000002e81ca5b680, C4<1>, C4<1>;
L_000002e81c97ec20 .functor OR 1, L_000002e81c97f4e0, L_000002e81c97ead0, C4<0>, C4<0>;
L_000002e81c97f630 .functor AND 1, L_000002e81ca5b040, L_000002e81ca5a640, C4<1>, C4<1>;
L_000002e81c97f6a0 .functor AND 1, L_000002e81c97f630, L_000002e81ca5b860, C4<1>, C4<1>;
L_000002e81c97ed70 .functor AND 1, L_000002e81c97f6a0, L_000002e81ca5b9a0, C4<1>, C4<1>;
L_000002e81c97ddb0 .functor AND 1, L_000002e81ca5c4e0, L_000002e81ca5c580, C4<1>, C4<1>;
L_000002e81c97ede0 .functor OR 1, L_000002e81ca5bcc0, L_000002e81c97ddb0, C4<0>, C4<0>;
L_000002e81c97f710 .functor AND 1, L_000002e81ca5c6c0, L_000002e81ca5c9e0, C4<1>, C4<1>;
L_000002e81c97f780 .functor AND 1, L_000002e81c97f710, L_000002e81ca5c800, C4<1>, C4<1>;
L_000002e81c97dcd0 .functor OR 1, L_000002e81c97ede0, L_000002e81c97f780, C4<0>, C4<0>;
L_000002e81c97de90 .functor AND 1, L_000002e81ca5c760, L_000002e81ca5ca80, C4<1>, C4<1>;
L_000002e81c97df00 .functor AND 1, L_000002e81c97de90, L_000002e81ca5a6e0, C4<1>, C4<1>;
L_000002e81c981460 .functor AND 1, L_000002e81c97df00, L_000002e81ca5cb20, C4<1>, C4<1>;
L_000002e81c980040 .functor OR 1, L_000002e81c97dcd0, L_000002e81c981460, C4<0>, C4<0>;
L_000002e81c97fef0 .functor XOR 4, L_000002e81c97f0f0, L_000002e81ca5d0c0, C4<0000>, C4<0000>;
v000002e81c9ed630_0 .net *"_ivl_100", 0 0, L_000002e81ca5b400;  1 drivers
v000002e81c9ec230_0 .net *"_ivl_101", 0 0, L_000002e81c97e210;  1 drivers
v000002e81c9eb8d0_0 .net *"_ivl_104", 0 0, L_000002e81ca5a5a0;  1 drivers
v000002e81c9ed6d0_0 .net *"_ivl_105", 0 0, L_000002e81c97ed00;  1 drivers
v000002e81c9ed450_0 .net *"_ivl_107", 0 0, L_000002e81c97f470;  1 drivers
v000002e81c9ecc30_0 .net *"_ivl_11", 0 0, L_000002e81ca5a500;  1 drivers
v000002e81c9ecf50_0 .net *"_ivl_110", 0 0, L_000002e81ca5ac80;  1 drivers
v000002e81c9ec190_0 .net *"_ivl_112", 0 0, L_000002e81ca5ad20;  1 drivers
v000002e81c9ec370_0 .net *"_ivl_113", 0 0, L_000002e81c97e3d0;  1 drivers
v000002e81c9ebd30_0 .net *"_ivl_116", 0 0, L_000002e81ca5afa0;  1 drivers
v000002e81c9ed810_0 .net *"_ivl_117", 0 0, L_000002e81c97f5c0;  1 drivers
v000002e81c9ec5f0_0 .net *"_ivl_120", 0 0, L_000002e81ca5b4a0;  1 drivers
v000002e81c9eb830_0 .net *"_ivl_121", 0 0, L_000002e81c97f390;  1 drivers
v000002e81c9ebdd0_0 .net *"_ivl_123", 0 0, L_000002e81c97f4e0;  1 drivers
v000002e81c9ed4f0_0 .net *"_ivl_126", 0 0, L_000002e81ca5c3a0;  1 drivers
v000002e81c9ed310_0 .net *"_ivl_128", 0 0, L_000002e81ca5bd60;  1 drivers
v000002e81c9ed3b0_0 .net *"_ivl_129", 0 0, L_000002e81c97e750;  1 drivers
v000002e81c9ec410_0 .net *"_ivl_13", 0 0, L_000002e81ca5c940;  1 drivers
v000002e81c9ebab0_0 .net *"_ivl_132", 0 0, L_000002e81ca5c440;  1 drivers
v000002e81c9ece10_0 .net *"_ivl_133", 0 0, L_000002e81c97f860;  1 drivers
v000002e81c9ed590_0 .net *"_ivl_136", 0 0, L_000002e81ca5b900;  1 drivers
v000002e81c9ebb50_0 .net *"_ivl_137", 0 0, L_000002e81c97eb40;  1 drivers
v000002e81c9ec730_0 .net *"_ivl_140", 0 0, L_000002e81ca5b680;  1 drivers
v000002e81c9ebbf0_0 .net *"_ivl_141", 0 0, L_000002e81c97ead0;  1 drivers
v000002e81c9eba10_0 .net *"_ivl_143", 0 0, L_000002e81c97ec20;  1 drivers
v000002e81c9ed770_0 .net *"_ivl_146", 0 0, L_000002e81ca5b040;  1 drivers
v000002e81c9ed8b0_0 .net *"_ivl_148", 0 0, L_000002e81ca5a640;  1 drivers
v000002e81c9ed950_0 .net *"_ivl_149", 0 0, L_000002e81c97f630;  1 drivers
v000002e81c9ed9f0_0 .net *"_ivl_15", 0 0, L_000002e81ca5c260;  1 drivers
v000002e81c9ecb90_0 .net *"_ivl_152", 0 0, L_000002e81ca5b860;  1 drivers
v000002e81c9ec550_0 .net *"_ivl_153", 0 0, L_000002e81c97f6a0;  1 drivers
v000002e81c9edbd0_0 .net *"_ivl_156", 0 0, L_000002e81ca5b9a0;  1 drivers
v000002e81c9ec7d0_0 .net *"_ivl_16", 0 0, L_000002e81c97dfe0;  1 drivers
v000002e81c9eda90_0 .net *"_ivl_160", 0 0, L_000002e81ca5bcc0;  1 drivers
v000002e81c9edb30_0 .net *"_ivl_162", 0 0, L_000002e81ca5c4e0;  1 drivers
v000002e81c9eb970_0 .net *"_ivl_164", 0 0, L_000002e81ca5c580;  1 drivers
v000002e81c9eb510_0 .net *"_ivl_165", 0 0, L_000002e81c97ddb0;  1 drivers
v000002e81c9eb5b0_0 .net *"_ivl_167", 0 0, L_000002e81c97ede0;  1 drivers
v000002e81c9ec870_0 .net *"_ivl_170", 0 0, L_000002e81ca5c6c0;  1 drivers
v000002e81c9eccd0_0 .net *"_ivl_172", 0 0, L_000002e81ca5c9e0;  1 drivers
v000002e81c9eb790_0 .net *"_ivl_173", 0 0, L_000002e81c97f710;  1 drivers
v000002e81c9ecd70_0 .net *"_ivl_176", 0 0, L_000002e81ca5c800;  1 drivers
v000002e81c9ee990_0 .net *"_ivl_177", 0 0, L_000002e81c97f780;  1 drivers
v000002e81c9ee5d0_0 .net *"_ivl_179", 0 0, L_000002e81c97dcd0;  1 drivers
v000002e81c9edef0_0 .net *"_ivl_18", 0 0, L_000002e81c97dd40;  1 drivers
v000002e81c9ede50_0 .net *"_ivl_182", 0 0, L_000002e81ca5c760;  1 drivers
v000002e81c9eead0_0 .net *"_ivl_184", 0 0, L_000002e81ca5ca80;  1 drivers
v000002e81c9f0290_0 .net *"_ivl_185", 0 0, L_000002e81c97de90;  1 drivers
v000002e81c9efa70_0 .net *"_ivl_188", 0 0, L_000002e81ca5a6e0;  1 drivers
v000002e81c9eddb0_0 .net *"_ivl_189", 0 0, L_000002e81c97df00;  1 drivers
v000002e81c9f01f0_0 .net *"_ivl_192", 0 0, L_000002e81ca5cb20;  1 drivers
v000002e81c9f0330_0 .net *"_ivl_193", 0 0, L_000002e81c981460;  1 drivers
v000002e81c9f03d0_0 .net *"_ivl_198", 3 0, L_000002e81ca5d0c0;  1 drivers
v000002e81c9eedf0_0 .net *"_ivl_23", 0 0, L_000002e81ca5c120;  1 drivers
v000002e81c9eeb70_0 .net *"_ivl_25", 0 0, L_000002e81ca5b180;  1 drivers
v000002e81c9edf90_0 .net *"_ivl_27", 0 0, L_000002e81ca5c080;  1 drivers
v000002e81c9ee7b0_0 .net *"_ivl_28", 0 0, L_000002e81c97e360;  1 drivers
v000002e81c9ef9d0_0 .net *"_ivl_30", 0 0, L_000002e81c97efa0;  1 drivers
v000002e81c9f0150_0 .net *"_ivl_33", 0 0, L_000002e81ca5cbc0;  1 drivers
v000002e81c9f0470_0 .net *"_ivl_35", 0 0, L_000002e81ca5c1c0;  1 drivers
v000002e81c9efb10_0 .net *"_ivl_36", 0 0, L_000002e81c97f240;  1 drivers
v000002e81c9efbb0_0 .net *"_ivl_39", 0 0, L_000002e81ca5b7c0;  1 drivers
v000002e81c9eefd0_0 .net *"_ivl_40", 0 0, L_000002e81c97e910;  1 drivers
v000002e81c9ef610_0 .net *"_ivl_42", 0 0, L_000002e81c97e980;  1 drivers
v000002e81c9ee710_0 .net *"_ivl_47", 0 0, L_000002e81ca5adc0;  1 drivers
v000002e81c9efc50_0 .net *"_ivl_49", 0 0, L_000002e81ca5bea0;  1 drivers
v000002e81c9edd10_0 .net *"_ivl_51", 0 0, L_000002e81ca5b540;  1 drivers
v000002e81c9ee030_0 .net *"_ivl_52", 0 0, L_000002e81c97e590;  1 drivers
v000002e81c9ef890_0 .net *"_ivl_54", 0 0, L_000002e81c97e9f0;  1 drivers
v000002e81c9ef6b0_0 .net *"_ivl_57", 0 0, L_000002e81ca5bb80;  1 drivers
v000002e81c9ef390_0 .net *"_ivl_59", 0 0, L_000002e81ca5a820;  1 drivers
v000002e81c9ee490_0 .net *"_ivl_60", 0 0, L_000002e81c97f080;  1 drivers
v000002e81c9ef930_0 .net *"_ivl_63", 0 0, L_000002e81ca5ae60;  1 drivers
v000002e81c9eed50_0 .net *"_ivl_64", 0 0, L_000002e81c97e600;  1 drivers
v000002e81c9efcf0_0 .net *"_ivl_66", 0 0, L_000002e81c97e280;  1 drivers
v000002e81c9ef750_0 .net *"_ivl_69", 0 0, L_000002e81ca5bf40;  1 drivers
v000002e81c9efd90_0 .net *"_ivl_7", 0 0, L_000002e81c97e0c0;  1 drivers
v000002e81c9eee90_0 .net *"_ivl_71", 0 0, L_000002e81ca5af00;  1 drivers
v000002e81c9efe30_0 .net *"_ivl_72", 0 0, L_000002e81c97e670;  1 drivers
v000002e81c9f00b0_0 .net *"_ivl_75", 0 0, L_000002e81ca5b5e0;  1 drivers
v000002e81c9ee0d0_0 .net *"_ivl_76", 0 0, L_000002e81c97ea60;  1 drivers
v000002e81c9efed0_0 .net *"_ivl_79", 0 0, L_000002e81ca5bc20;  1 drivers
v000002e81c9ee850_0 .net *"_ivl_80", 0 0, L_000002e81c97f550;  1 drivers
v000002e81c9ee8f0_0 .net *"_ivl_82", 0 0, L_000002e81c97e130;  1 drivers
v000002e81c9eef30_0 .net *"_ivl_88", 0 0, L_000002e81ca5a960;  1 drivers
v000002e81c9ef070_0 .net *"_ivl_90", 0 0, L_000002e81ca5ab40;  1 drivers
v000002e81c9ee170_0 .net *"_ivl_92", 0 0, L_000002e81ca5c300;  1 drivers
v000002e81c9eecb0_0 .net *"_ivl_93", 0 0, L_000002e81c97e6e0;  1 drivers
v000002e81c9ef110_0 .net *"_ivl_95", 0 0, L_000002e81c97de20;  1 drivers
v000002e81c9ef1b0_0 .net *"_ivl_98", 0 0, L_000002e81ca5b360;  1 drivers
v000002e81c9ef430_0 .net "a", 3 0, L_000002e81ca5e6a0;  1 drivers
v000002e81c9ee210_0 .net "b", 3 0, L_000002e81ca5d520;  1 drivers
v000002e81c9eff70_0 .net "c", 4 0, L_000002e81ca5b2c0;  1 drivers
v000002e81c9f0010_0 .net "cin", 0 0, L_000002e81ca5d200;  1 drivers
v000002e81c9ef250_0 .net "cout", 0 0, L_000002e81ca5d160;  1 drivers
v000002e81c9eec10_0 .net "g", 3 0, L_000002e81c97f160;  1 drivers
v000002e81c9ee2b0_0 .net "group_G", 0 0, L_000002e81c980040;  1 drivers
v000002e81c9ef570_0 .net "group_P", 0 0, L_000002e81c97ed70;  1 drivers
v000002e81c9ee350_0 .net "p", 3 0, L_000002e81c97f0f0;  1 drivers
v000002e81c9ef2f0_0 .net "sum", 3 0, L_000002e81c97fef0;  1 drivers
L_000002e81ca5a500 .part L_000002e81c97f160, 0, 1;
L_000002e81ca5c940 .part L_000002e81c97f0f0, 0, 1;
L_000002e81ca5c260 .part L_000002e81ca5b2c0, 0, 1;
L_000002e81ca5c120 .part L_000002e81c97f160, 1, 1;
L_000002e81ca5b180 .part L_000002e81c97f0f0, 1, 1;
L_000002e81ca5c080 .part L_000002e81c97f160, 0, 1;
L_000002e81ca5cbc0 .part L_000002e81c97f0f0, 1, 1;
L_000002e81ca5c1c0 .part L_000002e81c97f0f0, 0, 1;
L_000002e81ca5b7c0 .part L_000002e81ca5b2c0, 0, 1;
L_000002e81ca5adc0 .part L_000002e81c97f160, 2, 1;
L_000002e81ca5bea0 .part L_000002e81c97f0f0, 2, 1;
L_000002e81ca5b540 .part L_000002e81c97f160, 1, 1;
L_000002e81ca5bb80 .part L_000002e81c97f0f0, 2, 1;
L_000002e81ca5a820 .part L_000002e81c97f0f0, 1, 1;
L_000002e81ca5ae60 .part L_000002e81c97f160, 0, 1;
L_000002e81ca5bf40 .part L_000002e81c97f0f0, 2, 1;
L_000002e81ca5af00 .part L_000002e81c97f0f0, 1, 1;
L_000002e81ca5b5e0 .part L_000002e81c97f0f0, 0, 1;
L_000002e81ca5bc20 .part L_000002e81ca5b2c0, 0, 1;
LS_000002e81ca5b2c0_0_0 .concat8 [ 1 1 1 1], L_000002e81c97e0c0, L_000002e81c97dd40, L_000002e81c97e980, L_000002e81c97e130;
LS_000002e81ca5b2c0_0_4 .concat8 [ 1 0 0 0], L_000002e81c97ec20;
L_000002e81ca5b2c0 .concat8 [ 4 1 0 0], LS_000002e81ca5b2c0_0_0, LS_000002e81ca5b2c0_0_4;
L_000002e81ca5a960 .part L_000002e81c97f160, 3, 1;
L_000002e81ca5ab40 .part L_000002e81c97f0f0, 3, 1;
L_000002e81ca5c300 .part L_000002e81c97f160, 2, 1;
L_000002e81ca5b360 .part L_000002e81c97f0f0, 3, 1;
L_000002e81ca5b400 .part L_000002e81c97f0f0, 2, 1;
L_000002e81ca5a5a0 .part L_000002e81c97f160, 1, 1;
L_000002e81ca5ac80 .part L_000002e81c97f0f0, 3, 1;
L_000002e81ca5ad20 .part L_000002e81c97f0f0, 2, 1;
L_000002e81ca5afa0 .part L_000002e81c97f0f0, 1, 1;
L_000002e81ca5b4a0 .part L_000002e81c97f160, 0, 1;
L_000002e81ca5c3a0 .part L_000002e81c97f0f0, 3, 1;
L_000002e81ca5bd60 .part L_000002e81c97f0f0, 2, 1;
L_000002e81ca5c440 .part L_000002e81c97f0f0, 1, 1;
L_000002e81ca5b900 .part L_000002e81c97f0f0, 0, 1;
L_000002e81ca5b680 .part L_000002e81ca5b2c0, 0, 1;
L_000002e81ca5b040 .part L_000002e81c97f0f0, 3, 1;
L_000002e81ca5a640 .part L_000002e81c97f0f0, 2, 1;
L_000002e81ca5b860 .part L_000002e81c97f0f0, 1, 1;
L_000002e81ca5b9a0 .part L_000002e81c97f0f0, 0, 1;
L_000002e81ca5bcc0 .part L_000002e81c97f160, 3, 1;
L_000002e81ca5c4e0 .part L_000002e81c97f0f0, 3, 1;
L_000002e81ca5c580 .part L_000002e81c97f160, 2, 1;
L_000002e81ca5c6c0 .part L_000002e81c97f0f0, 3, 1;
L_000002e81ca5c9e0 .part L_000002e81c97f0f0, 2, 1;
L_000002e81ca5c800 .part L_000002e81c97f160, 1, 1;
L_000002e81ca5c760 .part L_000002e81c97f0f0, 3, 1;
L_000002e81ca5ca80 .part L_000002e81c97f0f0, 2, 1;
L_000002e81ca5a6e0 .part L_000002e81c97f0f0, 1, 1;
L_000002e81ca5cb20 .part L_000002e81c97f160, 0, 1;
L_000002e81ca5d0c0 .part L_000002e81ca5b2c0, 0, 4;
L_000002e81ca5d160 .part L_000002e81ca5b2c0, 4, 1;
S_000002e81c9e5b10 .scope generate, "cla4_blocks[2]" "cla4_blocks[2]" 12 32, 12 32 0, S_000002e81c9e5660;
 .timescale -9 -12;
P_000002e81c936db0 .param/l "i" 0 12 32, +C4<010>;
S_000002e81c9e5fc0 .scope module, "block" "cla_4bit" 12 33, 13 3 0, S_000002e81c9e5b10;
 .timescale -9 -12;
    .port_info 0 /INPUT 4 "a";
    .port_info 1 /INPUT 4 "b";
    .port_info 2 /INPUT 1 "cin";
    .port_info 3 /OUTPUT 4 "sum";
    .port_info 4 /OUTPUT 1 "group_G";
    .port_info 5 /OUTPUT 1 "group_P";
    .port_info 6 /OUTPUT 1 "cout";
L_000002e81c97fb70 .functor AND 4, L_000002e81ca3f700, L_000002e81ca40740, C4<1111>, C4<1111>;
L_000002e81c980ac0 .functor XOR 4, L_000002e81ca3f700, L_000002e81ca40740, C4<0000>, C4<0000>;
L_000002e81c97fbe0 .functor BUFZ 1, L_000002e81ca40a60, C4<0>, C4<0>, C4<0>;
L_000002e81c981070 .functor AND 1, L_000002e81ca5d840, L_000002e81ca5e560, C4<1>, C4<1>;
L_000002e81c97fcc0 .functor OR 1, L_000002e81ca5d2a0, L_000002e81c981070, C4<0>, C4<0>;
L_000002e81c97fc50 .functor AND 1, L_000002e81ca5e4c0, L_000002e81ca5e380, C4<1>, C4<1>;
L_000002e81c980430 .functor OR 1, L_000002e81ca5e420, L_000002e81c97fc50, C4<0>, C4<0>;
L_000002e81c97fd30 .functor AND 1, L_000002e81ca5e740, L_000002e81ca5e100, C4<1>, C4<1>;
L_000002e81c97ff60 .functor AND 1, L_000002e81c97fd30, L_000002e81ca5d980, C4<1>, C4<1>;
L_000002e81c97fda0 .functor OR 1, L_000002e81c980430, L_000002e81c97ff60, C4<0>, C4<0>;
L_000002e81c97f9b0 .functor AND 1, L_000002e81ca5d340, L_000002e81ca5cda0, C4<1>, C4<1>;
L_000002e81c981310 .functor OR 1, L_000002e81ca5d660, L_000002e81c97f9b0, C4<0>, C4<0>;
L_000002e81c981000 .functor AND 1, L_000002e81ca5cc60, L_000002e81ca5e9c0, C4<1>, C4<1>;
L_000002e81c97ffd0 .functor AND 1, L_000002e81c981000, L_000002e81ca5dd40, C4<1>, C4<1>;
L_000002e81c980cf0 .functor OR 1, L_000002e81c981310, L_000002e81c97ffd0, C4<0>, C4<0>;
L_000002e81c9800b0 .functor AND 1, L_000002e81ca5da20, L_000002e81ca5e600, C4<1>, C4<1>;
L_000002e81c9810e0 .functor AND 1, L_000002e81c9800b0, L_000002e81ca5e1a0, C4<1>, C4<1>;
L_000002e81c97fa20 .functor AND 1, L_000002e81c9810e0, L_000002e81ca5e240, C4<1>, C4<1>;
L_000002e81c980740 .functor OR 1, L_000002e81c980cf0, L_000002e81c97fa20, C4<0>, C4<0>;
L_000002e81c9804a0 .functor AND 1, L_000002e81ca5cd00, L_000002e81ca5e7e0, C4<1>, C4<1>;
L_000002e81c97f8d0 .functor OR 1, L_000002e81ca5d3e0, L_000002e81c9804a0, C4<0>, C4<0>;
L_000002e81c980120 .functor AND 1, L_000002e81ca5d7a0, L_000002e81ca5e880, C4<1>, C4<1>;
L_000002e81c97f940 .functor AND 1, L_000002e81c980120, L_000002e81ca5e920, C4<1>, C4<1>;
L_000002e81c980190 .functor OR 1, L_000002e81c97f8d0, L_000002e81c97f940, C4<0>, C4<0>;
L_000002e81c97fe80 .functor AND 1, L_000002e81ca5ea60, L_000002e81ca5eb00, C4<1>, C4<1>;
L_000002e81c9807b0 .functor AND 1, L_000002e81c97fe80, L_000002e81ca5ce40, C4<1>, C4<1>;
L_000002e81c981150 .functor AND 1, L_000002e81c9807b0, L_000002e81ca5d8e0, C4<1>, C4<1>;
L_000002e81c980820 .functor OR 1, L_000002e81c980190, L_000002e81c981150, C4<0>, C4<0>;
L_000002e81c980c80 .functor AND 1, L_000002e81ca5dca0, L_000002e81ca5cf80, C4<1>, C4<1>;
L_000002e81c97fa90 .functor AND 1, L_000002e81c980c80, L_000002e81ca5cee0, C4<1>, C4<1>;
L_000002e81c980ba0 .functor AND 1, L_000002e81c97fa90, L_000002e81ca5dac0, C4<1>, C4<1>;
L_000002e81c9813f0 .functor AND 1, L_000002e81c980ba0, L_000002e81ca5d700, C4<1>, C4<1>;
L_000002e81c980890 .functor OR 1, L_000002e81c980820, L_000002e81c9813f0, C4<0>, C4<0>;
L_000002e81c97fe10 .functor AND 1, L_000002e81ca5dfc0, L_000002e81ca5dde0, C4<1>, C4<1>;
L_000002e81c97fb00 .functor AND 1, L_000002e81c97fe10, L_000002e81ca5d5c0, C4<1>, C4<1>;
L_000002e81c980d60 .functor AND 1, L_000002e81c97fb00, L_000002e81ca5d020, C4<1>, C4<1>;
L_000002e81c9805f0 .functor AND 1, L_000002e81ca5d480, L_000002e81ca5db60, C4<1>, C4<1>;
L_000002e81c980f20 .functor OR 1, L_000002e81ca5de80, L_000002e81c9805f0, C4<0>, C4<0>;
L_000002e81c980200 .functor AND 1, L_000002e81ca5dc00, L_000002e81ca5df20, C4<1>, C4<1>;
L_000002e81c9811c0 .functor AND 1, L_000002e81c980200, L_000002e81ca5e060, C4<1>, C4<1>;
L_000002e81c981230 .functor OR 1, L_000002e81c980f20, L_000002e81c9811c0, C4<0>, C4<0>;
L_000002e81c980900 .functor AND 1, L_000002e81ca40380, L_000002e81ca41000, C4<1>, C4<1>;
L_000002e81c9812a0 .functor AND 1, L_000002e81c980900, L_000002e81ca3f840, C4<1>, C4<1>;
L_000002e81c980580 .functor AND 1, L_000002e81c9812a0, L_000002e81ca40100, C4<1>, C4<1>;
L_000002e81c980270 .functor OR 1, L_000002e81c981230, L_000002e81c980580, C4<0>, C4<0>;
L_000002e81c9802e0 .functor XOR 4, L_000002e81c980ac0, L_000002e81ca3f2a0, C4<0000>, C4<0000>;
v000002e81c9ee3f0_0 .net *"_ivl_100", 0 0, L_000002e81ca5e880;  1 drivers
v000002e81c9ee530_0 .net *"_ivl_101", 0 0, L_000002e81c980120;  1 drivers
v000002e81c9ef7f0_0 .net *"_ivl_104", 0 0, L_000002e81ca5e920;  1 drivers
v000002e81c9ef4d0_0 .net *"_ivl_105", 0 0, L_000002e81c97f940;  1 drivers
v000002e81c9ee670_0 .net *"_ivl_107", 0 0, L_000002e81c980190;  1 drivers
v000002e81c9eea30_0 .net *"_ivl_11", 0 0, L_000002e81ca5d2a0;  1 drivers
v000002e81c9f21d0_0 .net *"_ivl_110", 0 0, L_000002e81ca5ea60;  1 drivers
v000002e81c9f0d30_0 .net *"_ivl_112", 0 0, L_000002e81ca5eb00;  1 drivers
v000002e81c9f0510_0 .net *"_ivl_113", 0 0, L_000002e81c97fe80;  1 drivers
v000002e81c9f15f0_0 .net *"_ivl_116", 0 0, L_000002e81ca5ce40;  1 drivers
v000002e81c9f1050_0 .net *"_ivl_117", 0 0, L_000002e81c9807b0;  1 drivers
v000002e81c9f05b0_0 .net *"_ivl_120", 0 0, L_000002e81ca5d8e0;  1 drivers
v000002e81c9f0790_0 .net *"_ivl_121", 0 0, L_000002e81c981150;  1 drivers
v000002e81c9f0dd0_0 .net *"_ivl_123", 0 0, L_000002e81c980820;  1 drivers
v000002e81c9f1730_0 .net *"_ivl_126", 0 0, L_000002e81ca5dca0;  1 drivers
v000002e81c9f08d0_0 .net *"_ivl_128", 0 0, L_000002e81ca5cf80;  1 drivers
v000002e81c9f2630_0 .net *"_ivl_129", 0 0, L_000002e81c980c80;  1 drivers
v000002e81c9f1230_0 .net *"_ivl_13", 0 0, L_000002e81ca5d840;  1 drivers
v000002e81c9f0e70_0 .net *"_ivl_132", 0 0, L_000002e81ca5cee0;  1 drivers
v000002e81c9f1190_0 .net *"_ivl_133", 0 0, L_000002e81c97fa90;  1 drivers
v000002e81c9f0ab0_0 .net *"_ivl_136", 0 0, L_000002e81ca5dac0;  1 drivers
v000002e81c9f0f10_0 .net *"_ivl_137", 0 0, L_000002e81c980ba0;  1 drivers
v000002e81c9f1c30_0 .net *"_ivl_140", 0 0, L_000002e81ca5d700;  1 drivers
v000002e81c9f1f50_0 .net *"_ivl_141", 0 0, L_000002e81c9813f0;  1 drivers
v000002e81c9f0fb0_0 .net *"_ivl_143", 0 0, L_000002e81c980890;  1 drivers
v000002e81c9f10f0_0 .net *"_ivl_146", 0 0, L_000002e81ca5dfc0;  1 drivers
v000002e81c9f06f0_0 .net *"_ivl_148", 0 0, L_000002e81ca5dde0;  1 drivers
v000002e81c9f1690_0 .net *"_ivl_149", 0 0, L_000002e81c97fe10;  1 drivers
v000002e81c9f17d0_0 .net *"_ivl_15", 0 0, L_000002e81ca5e560;  1 drivers
v000002e81c9f1af0_0 .net *"_ivl_152", 0 0, L_000002e81ca5d5c0;  1 drivers
v000002e81c9f1910_0 .net *"_ivl_153", 0 0, L_000002e81c97fb00;  1 drivers
v000002e81c9f0650_0 .net *"_ivl_156", 0 0, L_000002e81ca5d020;  1 drivers
v000002e81c9f0830_0 .net *"_ivl_16", 0 0, L_000002e81c981070;  1 drivers
v000002e81c9f1410_0 .net *"_ivl_160", 0 0, L_000002e81ca5de80;  1 drivers
v000002e81c9f1550_0 .net *"_ivl_162", 0 0, L_000002e81ca5d480;  1 drivers
v000002e81c9f12d0_0 .net *"_ivl_164", 0 0, L_000002e81ca5db60;  1 drivers
v000002e81c9f0b50_0 .net *"_ivl_165", 0 0, L_000002e81c9805f0;  1 drivers
v000002e81c9f1e10_0 .net *"_ivl_167", 0 0, L_000002e81c980f20;  1 drivers
v000002e81c9f2590_0 .net *"_ivl_170", 0 0, L_000002e81ca5dc00;  1 drivers
v000002e81c9f0bf0_0 .net *"_ivl_172", 0 0, L_000002e81ca5df20;  1 drivers
v000002e81c9f1870_0 .net *"_ivl_173", 0 0, L_000002e81c980200;  1 drivers
v000002e81c9f0c90_0 .net *"_ivl_176", 0 0, L_000002e81ca5e060;  1 drivers
v000002e81c9f0a10_0 .net *"_ivl_177", 0 0, L_000002e81c9811c0;  1 drivers
v000002e81c9f23b0_0 .net *"_ivl_179", 0 0, L_000002e81c981230;  1 drivers
v000002e81c9f2310_0 .net *"_ivl_18", 0 0, L_000002e81c97fcc0;  1 drivers
v000002e81c9f19b0_0 .net *"_ivl_182", 0 0, L_000002e81ca40380;  1 drivers
v000002e81c9f1a50_0 .net *"_ivl_184", 0 0, L_000002e81ca41000;  1 drivers
v000002e81c9f1ff0_0 .net *"_ivl_185", 0 0, L_000002e81c980900;  1 drivers
v000002e81c9f0970_0 .net *"_ivl_188", 0 0, L_000002e81ca3f840;  1 drivers
v000002e81c9f1370_0 .net *"_ivl_189", 0 0, L_000002e81c9812a0;  1 drivers
v000002e81c9f14b0_0 .net *"_ivl_192", 0 0, L_000002e81ca40100;  1 drivers
v000002e81c9f1b90_0 .net *"_ivl_193", 0 0, L_000002e81c980580;  1 drivers
v000002e81c9f2130_0 .net *"_ivl_198", 3 0, L_000002e81ca3f2a0;  1 drivers
v000002e81c9f1cd0_0 .net *"_ivl_23", 0 0, L_000002e81ca5e420;  1 drivers
v000002e81c9f1d70_0 .net *"_ivl_25", 0 0, L_000002e81ca5e4c0;  1 drivers
v000002e81c9f1eb0_0 .net *"_ivl_27", 0 0, L_000002e81ca5e380;  1 drivers
v000002e81c9f2090_0 .net *"_ivl_28", 0 0, L_000002e81c97fc50;  1 drivers
v000002e81c9f26d0_0 .net *"_ivl_30", 0 0, L_000002e81c980430;  1 drivers
v000002e81c9f2270_0 .net *"_ivl_33", 0 0, L_000002e81ca5e740;  1 drivers
v000002e81c9f2450_0 .net *"_ivl_35", 0 0, L_000002e81ca5e100;  1 drivers
v000002e81c9f24f0_0 .net *"_ivl_36", 0 0, L_000002e81c97fd30;  1 drivers
v000002e81c9f2770_0 .net *"_ivl_39", 0 0, L_000002e81ca5d980;  1 drivers
v000002e81c9f2810_0 .net *"_ivl_40", 0 0, L_000002e81c97ff60;  1 drivers
v000002e81c9f28b0_0 .net *"_ivl_42", 0 0, L_000002e81c97fda0;  1 drivers
v000002e81c9f2950_0 .net *"_ivl_47", 0 0, L_000002e81ca5d660;  1 drivers
v000002e81c9f29f0_0 .net *"_ivl_49", 0 0, L_000002e81ca5d340;  1 drivers
v000002e81c9f2a90_0 .net *"_ivl_51", 0 0, L_000002e81ca5cda0;  1 drivers
v000002e81c9f2b30_0 .net *"_ivl_52", 0 0, L_000002e81c97f9b0;  1 drivers
v000002e81c9f2bd0_0 .net *"_ivl_54", 0 0, L_000002e81c981310;  1 drivers
v000002e81c9f2c70_0 .net *"_ivl_57", 0 0, L_000002e81ca5cc60;  1 drivers
v000002e81c9f2ef0_0 .net *"_ivl_59", 0 0, L_000002e81ca5e9c0;  1 drivers
v000002e81c9f3df0_0 .net *"_ivl_60", 0 0, L_000002e81c981000;  1 drivers
v000002e81c9f3f30_0 .net *"_ivl_63", 0 0, L_000002e81ca5dd40;  1 drivers
v000002e81c9f42f0_0 .net *"_ivl_64", 0 0, L_000002e81c97ffd0;  1 drivers
v000002e81c9f4110_0 .net *"_ivl_66", 0 0, L_000002e81c980cf0;  1 drivers
v000002e81c9f2e50_0 .net *"_ivl_69", 0 0, L_000002e81ca5da20;  1 drivers
v000002e81c9f3030_0 .net *"_ivl_7", 0 0, L_000002e81c97fbe0;  1 drivers
v000002e81c9f3c10_0 .net *"_ivl_71", 0 0, L_000002e81ca5e600;  1 drivers
v000002e81c9f3d50_0 .net *"_ivl_72", 0 0, L_000002e81c9800b0;  1 drivers
v000002e81c9f3990_0 .net *"_ivl_75", 0 0, L_000002e81ca5e1a0;  1 drivers
v000002e81c9f32b0_0 .net *"_ivl_76", 0 0, L_000002e81c9810e0;  1 drivers
v000002e81c9f4610_0 .net *"_ivl_79", 0 0, L_000002e81ca5e240;  1 drivers
v000002e81c9f4d90_0 .net *"_ivl_80", 0 0, L_000002e81c97fa20;  1 drivers
v000002e81c9f3350_0 .net *"_ivl_82", 0 0, L_000002e81c980740;  1 drivers
v000002e81c9f3e90_0 .net *"_ivl_88", 0 0, L_000002e81ca5d3e0;  1 drivers
v000002e81c9f33f0_0 .net *"_ivl_90", 0 0, L_000002e81ca5cd00;  1 drivers
v000002e81c9f3210_0 .net *"_ivl_92", 0 0, L_000002e81ca5e7e0;  1 drivers
v000002e81c9f4bb0_0 .net *"_ivl_93", 0 0, L_000002e81c9804a0;  1 drivers
v000002e81c9f4b10_0 .net *"_ivl_95", 0 0, L_000002e81c97f8d0;  1 drivers
v000002e81c9f4a70_0 .net *"_ivl_98", 0 0, L_000002e81ca5d7a0;  1 drivers
v000002e81c9f4e30_0 .net "a", 3 0, L_000002e81ca3f700;  1 drivers
v000002e81c9f4250_0 .net "b", 3 0, L_000002e81ca40740;  1 drivers
v000002e81c9f3490_0 .net "c", 4 0, L_000002e81ca5e2e0;  1 drivers
v000002e81c9f53d0_0 .net "cin", 0 0, L_000002e81ca40a60;  1 drivers
v000002e81c9f4890_0 .net "cout", 0 0, L_000002e81ca40ec0;  1 drivers
v000002e81c9f5010_0 .net "g", 3 0, L_000002e81c97fb70;  1 drivers
v000002e81c9f3ad0_0 .net "group_G", 0 0, L_000002e81c980270;  1 drivers
v000002e81c9f5330_0 .net "group_P", 0 0, L_000002e81c980d60;  1 drivers
v000002e81c9f4750_0 .net "p", 3 0, L_000002e81c980ac0;  1 drivers
v000002e81c9f4ed0_0 .net "sum", 3 0, L_000002e81c9802e0;  1 drivers
L_000002e81ca5d2a0 .part L_000002e81c97fb70, 0, 1;
L_000002e81ca5d840 .part L_000002e81c980ac0, 0, 1;
L_000002e81ca5e560 .part L_000002e81ca5e2e0, 0, 1;
L_000002e81ca5e420 .part L_000002e81c97fb70, 1, 1;
L_000002e81ca5e4c0 .part L_000002e81c980ac0, 1, 1;
L_000002e81ca5e380 .part L_000002e81c97fb70, 0, 1;
L_000002e81ca5e740 .part L_000002e81c980ac0, 1, 1;
L_000002e81ca5e100 .part L_000002e81c980ac0, 0, 1;
L_000002e81ca5d980 .part L_000002e81ca5e2e0, 0, 1;
L_000002e81ca5d660 .part L_000002e81c97fb70, 2, 1;
L_000002e81ca5d340 .part L_000002e81c980ac0, 2, 1;
L_000002e81ca5cda0 .part L_000002e81c97fb70, 1, 1;
L_000002e81ca5cc60 .part L_000002e81c980ac0, 2, 1;
L_000002e81ca5e9c0 .part L_000002e81c980ac0, 1, 1;
L_000002e81ca5dd40 .part L_000002e81c97fb70, 0, 1;
L_000002e81ca5da20 .part L_000002e81c980ac0, 2, 1;
L_000002e81ca5e600 .part L_000002e81c980ac0, 1, 1;
L_000002e81ca5e1a0 .part L_000002e81c980ac0, 0, 1;
L_000002e81ca5e240 .part L_000002e81ca5e2e0, 0, 1;
LS_000002e81ca5e2e0_0_0 .concat8 [ 1 1 1 1], L_000002e81c97fbe0, L_000002e81c97fcc0, L_000002e81c97fda0, L_000002e81c980740;
LS_000002e81ca5e2e0_0_4 .concat8 [ 1 0 0 0], L_000002e81c980890;
L_000002e81ca5e2e0 .concat8 [ 4 1 0 0], LS_000002e81ca5e2e0_0_0, LS_000002e81ca5e2e0_0_4;
L_000002e81ca5d3e0 .part L_000002e81c97fb70, 3, 1;
L_000002e81ca5cd00 .part L_000002e81c980ac0, 3, 1;
L_000002e81ca5e7e0 .part L_000002e81c97fb70, 2, 1;
L_000002e81ca5d7a0 .part L_000002e81c980ac0, 3, 1;
L_000002e81ca5e880 .part L_000002e81c980ac0, 2, 1;
L_000002e81ca5e920 .part L_000002e81c97fb70, 1, 1;
L_000002e81ca5ea60 .part L_000002e81c980ac0, 3, 1;
L_000002e81ca5eb00 .part L_000002e81c980ac0, 2, 1;
L_000002e81ca5ce40 .part L_000002e81c980ac0, 1, 1;
L_000002e81ca5d8e0 .part L_000002e81c97fb70, 0, 1;
L_000002e81ca5dca0 .part L_000002e81c980ac0, 3, 1;
L_000002e81ca5cf80 .part L_000002e81c980ac0, 2, 1;
L_000002e81ca5cee0 .part L_000002e81c980ac0, 1, 1;
L_000002e81ca5dac0 .part L_000002e81c980ac0, 0, 1;
L_000002e81ca5d700 .part L_000002e81ca5e2e0, 0, 1;
L_000002e81ca5dfc0 .part L_000002e81c980ac0, 3, 1;
L_000002e81ca5dde0 .part L_000002e81c980ac0, 2, 1;
L_000002e81ca5d5c0 .part L_000002e81c980ac0, 1, 1;
L_000002e81ca5d020 .part L_000002e81c980ac0, 0, 1;
L_000002e81ca5de80 .part L_000002e81c97fb70, 3, 1;
L_000002e81ca5d480 .part L_000002e81c980ac0, 3, 1;
L_000002e81ca5db60 .part L_000002e81c97fb70, 2, 1;
L_000002e81ca5dc00 .part L_000002e81c980ac0, 3, 1;
L_000002e81ca5df20 .part L_000002e81c980ac0, 2, 1;
L_000002e81ca5e060 .part L_000002e81c97fb70, 1, 1;
L_000002e81ca40380 .part L_000002e81c980ac0, 3, 1;
L_000002e81ca41000 .part L_000002e81c980ac0, 2, 1;
L_000002e81ca3f840 .part L_000002e81c980ac0, 1, 1;
L_000002e81ca40100 .part L_000002e81c97fb70, 0, 1;
L_000002e81ca3f2a0 .part L_000002e81ca5e2e0, 0, 4;
L_000002e81ca40ec0 .part L_000002e81ca5e2e0, 4, 1;
S_000002e81c9ff180 .scope generate, "cla4_blocks[3]" "cla4_blocks[3]" 12 32, 12 32 0, S_000002e81c9e5660;
 .timescale -9 -12;
P_000002e81c9366b0 .param/l "i" 0 12 32, +C4<011>;
S_000002e81c9fee60 .scope module, "block" "cla_4bit" 12 33, 13 3 0, S_000002e81c9ff180;
 .timescale -9 -12;
    .port_info 0 /INPUT 4 "a";
    .port_info 1 /INPUT 4 "b";
    .port_info 2 /INPUT 1 "cin";
    .port_info 3 /OUTPUT 4 "sum";
    .port_info 4 /OUTPUT 1 "group_G";
    .port_info 5 /OUTPUT 1 "group_P";
    .port_info 6 /OUTPUT 1 "cout";
L_000002e81c980350 .functor AND 4, L_000002e81ca3fe80, L_000002e81ca40420, C4<1111>, C4<1111>;
L_000002e81c9803c0 .functor XOR 4, L_000002e81ca3fe80, L_000002e81ca40420, C4<0000>, C4<0000>;
L_000002e81c980510 .functor BUFZ 1, L_000002e81ca404c0, C4<0>, C4<0>, C4<0>;
L_000002e81c980660 .functor AND 1, L_000002e81ca3fac0, L_000002e81ca409c0, C4<1>, C4<1>;
L_000002e81c9806d0 .functor OR 1, L_000002e81ca3f020, L_000002e81c980660, C4<0>, C4<0>;
L_000002e81c980970 .functor AND 1, L_000002e81ca40240, L_000002e81ca3f160, C4<1>, C4<1>;
L_000002e81c980eb0 .functor OR 1, L_000002e81ca40f60, L_000002e81c980970, C4<0>, C4<0>;
L_000002e81c9809e0 .functor AND 1, L_000002e81ca3fca0, L_000002e81ca3ff20, C4<1>, C4<1>;
L_000002e81c980dd0 .functor AND 1, L_000002e81c9809e0, L_000002e81ca3ee40, C4<1>, C4<1>;
L_000002e81c980a50 .functor OR 1, L_000002e81c980eb0, L_000002e81c980dd0, C4<0>, C4<0>;
L_000002e81c980b30 .functor AND 1, L_000002e81ca41140, L_000002e81ca40d80, C4<1>, C4<1>;
L_000002e81c980c10 .functor OR 1, L_000002e81ca407e0, L_000002e81c980b30, C4<0>, C4<0>;
L_000002e81c980f90 .functor AND 1, L_000002e81ca40920, L_000002e81ca401a0, C4<1>, C4<1>;
L_000002e81c980e40 .functor AND 1, L_000002e81c980f90, L_000002e81ca40e20, C4<1>, C4<1>;
L_000002e81c981380 .functor OR 1, L_000002e81c980c10, L_000002e81c980e40, C4<0>, C4<0>;
L_000002e81c982730 .functor AND 1, L_000002e81ca40880, L_000002e81ca411e0, C4<1>, C4<1>;
L_000002e81c982810 .functor AND 1, L_000002e81c982730, L_000002e81ca413c0, C4<1>, C4<1>;
L_000002e81c982340 .functor AND 1, L_000002e81c982810, L_000002e81ca3f7a0, C4<1>, C4<1>;
L_000002e81c9827a0 .functor OR 1, L_000002e81c981380, L_000002e81c982340, C4<0>, C4<0>;
L_000002e81c9814d0 .functor AND 1, L_000002e81ca3f0c0, L_000002e81ca3f8e0, C4<1>, C4<1>;
L_000002e81c981d20 .functor OR 1, L_000002e81ca40b00, L_000002e81c9814d0, C4<0>, C4<0>;
L_000002e81c982880 .functor AND 1, L_000002e81ca3f200, L_000002e81ca41280, C4<1>, C4<1>;
L_000002e81c981770 .functor AND 1, L_000002e81c982880, L_000002e81ca3fde0, C4<1>, C4<1>;
L_000002e81c9818c0 .functor OR 1, L_000002e81c981d20, L_000002e81c981770, C4<0>, C4<0>;
L_000002e81c9828f0 .functor AND 1, L_000002e81ca402e0, L_000002e81ca41320, C4<1>, C4<1>;
L_000002e81c982f80 .functor AND 1, L_000002e81c9828f0, L_000002e81ca3f480, C4<1>, C4<1>;
L_000002e81c983060 .functor AND 1, L_000002e81c982f80, L_000002e81ca3fd40, C4<1>, C4<1>;
L_000002e81c981620 .functor OR 1, L_000002e81c9818c0, L_000002e81c983060, C4<0>, C4<0>;
L_000002e81c982ff0 .functor AND 1, L_000002e81ca3ec60, L_000002e81ca40ba0, C4<1>, C4<1>;
L_000002e81c982c70 .functor AND 1, L_000002e81c982ff0, L_000002e81ca410a0, C4<1>, C4<1>;
L_000002e81c982650 .functor AND 1, L_000002e81c982c70, L_000002e81ca3f980, C4<1>, C4<1>;
L_000002e81c982420 .functor AND 1, L_000002e81c982650, L_000002e81ca3fa20, C4<1>, C4<1>;
L_000002e81c981930 .functor OR 1, L_000002e81c981620, L_000002e81c982420, C4<0>, C4<0>;
L_000002e81c9829d0 .functor AND 1, L_000002e81ca3ed00, L_000002e81ca3eda0, C4<1>, C4<1>;
L_000002e81c9817e0 .functor AND 1, L_000002e81c9829d0, L_000002e81ca40c40, C4<1>, C4<1>;
L_000002e81c981a10 .functor AND 1, L_000002e81c9817e0, L_000002e81ca3f340, C4<1>, C4<1>;
L_000002e81c981850 .functor AND 1, L_000002e81ca40600, L_000002e81ca406a0, C4<1>, C4<1>;
L_000002e81c981540 .functor OR 1, L_000002e81ca3eee0, L_000002e81c981850, C4<0>, C4<0>;
L_000002e81c9826c0 .functor AND 1, L_000002e81ca40ce0, L_000002e81ca3ef80, C4<1>, C4<1>;
L_000002e81c982960 .functor AND 1, L_000002e81c9826c0, L_000002e81ca3f520, C4<1>, C4<1>;
L_000002e81c981af0 .functor OR 1, L_000002e81c981540, L_000002e81c982960, C4<0>, C4<0>;
L_000002e81c981e70 .functor AND 1, L_000002e81ca3ffc0, L_000002e81ca3f5c0, C4<1>, C4<1>;
L_000002e81c982a40 .functor AND 1, L_000002e81c981e70, L_000002e81ca40060, C4<1>, C4<1>;
L_000002e81c9819a0 .functor AND 1, L_000002e81c982a40, L_000002e81ca3f660, C4<1>, C4<1>;
L_000002e81c982490 .functor OR 1, L_000002e81c981af0, L_000002e81c9819a0, C4<0>, C4<0>;
L_000002e81c982110 .functor XOR 4, L_000002e81c9803c0, L_000002e81ca3fb60, C4<0000>, C4<0000>;
v000002e81c9f3fd0_0 .net *"_ivl_100", 0 0, L_000002e81ca41280;  1 drivers
v000002e81c9f2f90_0 .net *"_ivl_101", 0 0, L_000002e81c982880;  1 drivers
v000002e81c9f4930_0 .net *"_ivl_104", 0 0, L_000002e81ca3fde0;  1 drivers
v000002e81c9f4070_0 .net *"_ivl_105", 0 0, L_000002e81c981770;  1 drivers
v000002e81c9f41b0_0 .net *"_ivl_107", 0 0, L_000002e81c9818c0;  1 drivers
v000002e81c9f51f0_0 .net *"_ivl_11", 0 0, L_000002e81ca3f020;  1 drivers
v000002e81c9f5470_0 .net *"_ivl_110", 0 0, L_000002e81ca402e0;  1 drivers
v000002e81c9f2d10_0 .net *"_ivl_112", 0 0, L_000002e81ca41320;  1 drivers
v000002e81c9f4390_0 .net *"_ivl_113", 0 0, L_000002e81c9828f0;  1 drivers
v000002e81c9f30d0_0 .net *"_ivl_116", 0 0, L_000002e81ca3f480;  1 drivers
v000002e81c9f4c50_0 .net *"_ivl_117", 0 0, L_000002e81c982f80;  1 drivers
v000002e81c9f49d0_0 .net *"_ivl_120", 0 0, L_000002e81ca3fd40;  1 drivers
v000002e81c9f4430_0 .net *"_ivl_121", 0 0, L_000002e81c983060;  1 drivers
v000002e81c9f2db0_0 .net *"_ivl_123", 0 0, L_000002e81c981620;  1 drivers
v000002e81c9f3530_0 .net *"_ivl_126", 0 0, L_000002e81ca3ec60;  1 drivers
v000002e81c9f35d0_0 .net *"_ivl_128", 0 0, L_000002e81ca40ba0;  1 drivers
v000002e81c9f5290_0 .net *"_ivl_129", 0 0, L_000002e81c982ff0;  1 drivers
v000002e81c9f3170_0 .net *"_ivl_13", 0 0, L_000002e81ca3fac0;  1 drivers
v000002e81c9f3670_0 .net *"_ivl_132", 0 0, L_000002e81ca410a0;  1 drivers
v000002e81c9f3710_0 .net *"_ivl_133", 0 0, L_000002e81c982c70;  1 drivers
v000002e81c9f4cf0_0 .net *"_ivl_136", 0 0, L_000002e81ca3f980;  1 drivers
v000002e81c9f4f70_0 .net *"_ivl_137", 0 0, L_000002e81c982650;  1 drivers
v000002e81c9f44d0_0 .net *"_ivl_140", 0 0, L_000002e81ca3fa20;  1 drivers
v000002e81c9f37b0_0 .net *"_ivl_141", 0 0, L_000002e81c982420;  1 drivers
v000002e81c9f50b0_0 .net *"_ivl_143", 0 0, L_000002e81c981930;  1 drivers
v000002e81c9f5150_0 .net *"_ivl_146", 0 0, L_000002e81ca3ed00;  1 drivers
v000002e81c9f3850_0 .net *"_ivl_148", 0 0, L_000002e81ca3eda0;  1 drivers
v000002e81c9f38f0_0 .net *"_ivl_149", 0 0, L_000002e81c9829d0;  1 drivers
v000002e81c9f3a30_0 .net *"_ivl_15", 0 0, L_000002e81ca409c0;  1 drivers
v000002e81c9f3b70_0 .net *"_ivl_152", 0 0, L_000002e81ca40c40;  1 drivers
v000002e81c9f3cb0_0 .net *"_ivl_153", 0 0, L_000002e81c9817e0;  1 drivers
v000002e81c9f4570_0 .net *"_ivl_156", 0 0, L_000002e81ca3f340;  1 drivers
v000002e81c9f46b0_0 .net *"_ivl_16", 0 0, L_000002e81c980660;  1 drivers
v000002e81c9f47f0_0 .net *"_ivl_160", 0 0, L_000002e81ca3eee0;  1 drivers
v000002e81c9f6230_0 .net *"_ivl_162", 0 0, L_000002e81ca40600;  1 drivers
v000002e81c9f5790_0 .net *"_ivl_164", 0 0, L_000002e81ca406a0;  1 drivers
v000002e81c9f5b50_0 .net *"_ivl_165", 0 0, L_000002e81c981850;  1 drivers
v000002e81c9f5fb0_0 .net *"_ivl_167", 0 0, L_000002e81c981540;  1 drivers
v000002e81c9f5830_0 .net *"_ivl_170", 0 0, L_000002e81ca40ce0;  1 drivers
v000002e81c9f5510_0 .net *"_ivl_172", 0 0, L_000002e81ca3ef80;  1 drivers
v000002e81c9f5bf0_0 .net *"_ivl_173", 0 0, L_000002e81c9826c0;  1 drivers
v000002e81c9f56f0_0 .net *"_ivl_176", 0 0, L_000002e81ca3f520;  1 drivers
v000002e81c9f62d0_0 .net *"_ivl_177", 0 0, L_000002e81c982960;  1 drivers
v000002e81c9f55b0_0 .net *"_ivl_179", 0 0, L_000002e81c981af0;  1 drivers
v000002e81c9f5c90_0 .net *"_ivl_18", 0 0, L_000002e81c9806d0;  1 drivers
v000002e81c9f5f10_0 .net *"_ivl_182", 0 0, L_000002e81ca3ffc0;  1 drivers
v000002e81c9f5dd0_0 .net *"_ivl_184", 0 0, L_000002e81ca3f5c0;  1 drivers
v000002e81c9f5650_0 .net *"_ivl_185", 0 0, L_000002e81c981e70;  1 drivers
v000002e81c9f58d0_0 .net *"_ivl_188", 0 0, L_000002e81ca40060;  1 drivers
v000002e81c9f5e70_0 .net *"_ivl_189", 0 0, L_000002e81c982a40;  1 drivers
v000002e81c9f5ab0_0 .net *"_ivl_192", 0 0, L_000002e81ca3f660;  1 drivers
v000002e81c9f6190_0 .net *"_ivl_193", 0 0, L_000002e81c9819a0;  1 drivers
v000002e81c9f5970_0 .net *"_ivl_198", 3 0, L_000002e81ca3fb60;  1 drivers
v000002e81c9f5a10_0 .net *"_ivl_23", 0 0, L_000002e81ca40f60;  1 drivers
v000002e81c9f5d30_0 .net *"_ivl_25", 0 0, L_000002e81ca40240;  1 drivers
v000002e81c9f6050_0 .net *"_ivl_27", 0 0, L_000002e81ca3f160;  1 drivers
v000002e81c9f60f0_0 .net *"_ivl_28", 0 0, L_000002e81c980970;  1 drivers
v000002e81c9f6370_0 .net *"_ivl_30", 0 0, L_000002e81c980eb0;  1 drivers
v000002e81c9e6d30_0 .net *"_ivl_33", 0 0, L_000002e81ca3fca0;  1 drivers
v000002e81c9e7550_0 .net *"_ivl_35", 0 0, L_000002e81ca3ff20;  1 drivers
v000002e81c9e6b50_0 .net *"_ivl_36", 0 0, L_000002e81c9809e0;  1 drivers
v000002e81c9e88b0_0 .net *"_ivl_39", 0 0, L_000002e81ca3ee40;  1 drivers
v000002e81c9e6ab0_0 .net *"_ivl_40", 0 0, L_000002e81c980dd0;  1 drivers
v000002e81c9e8950_0 .net *"_ivl_42", 0 0, L_000002e81c980a50;  1 drivers
v000002e81c9e75f0_0 .net *"_ivl_47", 0 0, L_000002e81ca407e0;  1 drivers
v000002e81c9e65b0_0 .net *"_ivl_49", 0 0, L_000002e81ca41140;  1 drivers
v000002e81c9e79b0_0 .net *"_ivl_51", 0 0, L_000002e81ca40d80;  1 drivers
v000002e81c9e8450_0 .net *"_ivl_52", 0 0, L_000002e81c980b30;  1 drivers
v000002e81c9e70f0_0 .net *"_ivl_54", 0 0, L_000002e81c980c10;  1 drivers
v000002e81c9e77d0_0 .net *"_ivl_57", 0 0, L_000002e81ca40920;  1 drivers
v000002e81c9e8090_0 .net *"_ivl_59", 0 0, L_000002e81ca401a0;  1 drivers
v000002e81c9e6510_0 .net *"_ivl_60", 0 0, L_000002e81c980f90;  1 drivers
v000002e81c9e8630_0 .net *"_ivl_63", 0 0, L_000002e81ca40e20;  1 drivers
v000002e81c9e8310_0 .net *"_ivl_64", 0 0, L_000002e81c980e40;  1 drivers
v000002e81c9e68d0_0 .net *"_ivl_66", 0 0, L_000002e81c981380;  1 drivers
v000002e81c9e89f0_0 .net *"_ivl_69", 0 0, L_000002e81ca40880;  1 drivers
v000002e81c9e7eb0_0 .net *"_ivl_7", 0 0, L_000002e81c980510;  1 drivers
v000002e81c9e8810_0 .net *"_ivl_71", 0 0, L_000002e81ca411e0;  1 drivers
v000002e81c9e6970_0 .net *"_ivl_72", 0 0, L_000002e81c982730;  1 drivers
v000002e81c9e7050_0 .net *"_ivl_75", 0 0, L_000002e81ca413c0;  1 drivers
v000002e81c9e7690_0 .net *"_ivl_76", 0 0, L_000002e81c982810;  1 drivers
v000002e81c9e74b0_0 .net *"_ivl_79", 0 0, L_000002e81ca3f7a0;  1 drivers
v000002e81c9e8a90_0 .net *"_ivl_80", 0 0, L_000002e81c982340;  1 drivers
v000002e81c9e72d0_0 .net *"_ivl_82", 0 0, L_000002e81c9827a0;  1 drivers
v000002e81c9e7190_0 .net *"_ivl_88", 0 0, L_000002e81ca40b00;  1 drivers
v000002e81c9e7910_0 .net *"_ivl_90", 0 0, L_000002e81ca3f0c0;  1 drivers
v000002e81c9e7370_0 .net *"_ivl_92", 0 0, L_000002e81ca3f8e0;  1 drivers
v000002e81c9e8b30_0 .net *"_ivl_93", 0 0, L_000002e81c9814d0;  1 drivers
v000002e81c9e84f0_0 .net *"_ivl_95", 0 0, L_000002e81c981d20;  1 drivers
v000002e81c9e6830_0 .net *"_ivl_98", 0 0, L_000002e81ca3f200;  1 drivers
v000002e81c9e86d0_0 .net "a", 3 0, L_000002e81ca3fe80;  1 drivers
v000002e81c9e7f50_0 .net "b", 3 0, L_000002e81ca40420;  1 drivers
v000002e81c9e6bf0_0 .net "c", 4 0, L_000002e81ca3f3e0;  1 drivers
v000002e81c9e8270_0 .net "cin", 0 0, L_000002e81ca404c0;  1 drivers
v000002e81c9e66f0_0 .net "cout", 0 0, L_000002e81ca3fc00;  1 drivers
v000002e81c9e7870_0 .net "g", 3 0, L_000002e81c980350;  1 drivers
v000002e81c9e6790_0 .net "group_G", 0 0, L_000002e81c982490;  1 drivers
v000002e81c9e8130_0 .net "group_P", 0 0, L_000002e81c981a10;  1 drivers
v000002e81c9e8bd0_0 .net "p", 3 0, L_000002e81c9803c0;  1 drivers
v000002e81c9e83b0_0 .net "sum", 3 0, L_000002e81c982110;  1 drivers
L_000002e81ca3f020 .part L_000002e81c980350, 0, 1;
L_000002e81ca3fac0 .part L_000002e81c9803c0, 0, 1;
L_000002e81ca409c0 .part L_000002e81ca3f3e0, 0, 1;
L_000002e81ca40f60 .part L_000002e81c980350, 1, 1;
L_000002e81ca40240 .part L_000002e81c9803c0, 1, 1;
L_000002e81ca3f160 .part L_000002e81c980350, 0, 1;
L_000002e81ca3fca0 .part L_000002e81c9803c0, 1, 1;
L_000002e81ca3ff20 .part L_000002e81c9803c0, 0, 1;
L_000002e81ca3ee40 .part L_000002e81ca3f3e0, 0, 1;
L_000002e81ca407e0 .part L_000002e81c980350, 2, 1;
L_000002e81ca41140 .part L_000002e81c9803c0, 2, 1;
L_000002e81ca40d80 .part L_000002e81c980350, 1, 1;
L_000002e81ca40920 .part L_000002e81c9803c0, 2, 1;
L_000002e81ca401a0 .part L_000002e81c9803c0, 1, 1;
L_000002e81ca40e20 .part L_000002e81c980350, 0, 1;
L_000002e81ca40880 .part L_000002e81c9803c0, 2, 1;
L_000002e81ca411e0 .part L_000002e81c9803c0, 1, 1;
L_000002e81ca413c0 .part L_000002e81c9803c0, 0, 1;
L_000002e81ca3f7a0 .part L_000002e81ca3f3e0, 0, 1;
LS_000002e81ca3f3e0_0_0 .concat8 [ 1 1 1 1], L_000002e81c980510, L_000002e81c9806d0, L_000002e81c980a50, L_000002e81c9827a0;
LS_000002e81ca3f3e0_0_4 .concat8 [ 1 0 0 0], L_000002e81c981930;
L_000002e81ca3f3e0 .concat8 [ 4 1 0 0], LS_000002e81ca3f3e0_0_0, LS_000002e81ca3f3e0_0_4;
L_000002e81ca40b00 .part L_000002e81c980350, 3, 1;
L_000002e81ca3f0c0 .part L_000002e81c9803c0, 3, 1;
L_000002e81ca3f8e0 .part L_000002e81c980350, 2, 1;
L_000002e81ca3f200 .part L_000002e81c9803c0, 3, 1;
L_000002e81ca41280 .part L_000002e81c9803c0, 2, 1;
L_000002e81ca3fde0 .part L_000002e81c980350, 1, 1;
L_000002e81ca402e0 .part L_000002e81c9803c0, 3, 1;
L_000002e81ca41320 .part L_000002e81c9803c0, 2, 1;
L_000002e81ca3f480 .part L_000002e81c9803c0, 1, 1;
L_000002e81ca3fd40 .part L_000002e81c980350, 0, 1;
L_000002e81ca3ec60 .part L_000002e81c9803c0, 3, 1;
L_000002e81ca40ba0 .part L_000002e81c9803c0, 2, 1;
L_000002e81ca410a0 .part L_000002e81c9803c0, 1, 1;
L_000002e81ca3f980 .part L_000002e81c9803c0, 0, 1;
L_000002e81ca3fa20 .part L_000002e81ca3f3e0, 0, 1;
L_000002e81ca3ed00 .part L_000002e81c9803c0, 3, 1;
L_000002e81ca3eda0 .part L_000002e81c9803c0, 2, 1;
L_000002e81ca40c40 .part L_000002e81c9803c0, 1, 1;
L_000002e81ca3f340 .part L_000002e81c9803c0, 0, 1;
L_000002e81ca3eee0 .part L_000002e81c980350, 3, 1;
L_000002e81ca40600 .part L_000002e81c9803c0, 3, 1;
L_000002e81ca406a0 .part L_000002e81c980350, 2, 1;
L_000002e81ca40ce0 .part L_000002e81c9803c0, 3, 1;
L_000002e81ca3ef80 .part L_000002e81c9803c0, 2, 1;
L_000002e81ca3f520 .part L_000002e81c980350, 1, 1;
L_000002e81ca3ffc0 .part L_000002e81c9803c0, 3, 1;
L_000002e81ca3f5c0 .part L_000002e81c9803c0, 2, 1;
L_000002e81ca40060 .part L_000002e81c9803c0, 1, 1;
L_000002e81ca3f660 .part L_000002e81c980350, 0, 1;
L_000002e81ca3fb60 .part L_000002e81ca3f3e0, 0, 4;
L_000002e81ca3fc00 .part L_000002e81ca3f3e0, 4, 1;
S_000002e81c9ff950 .scope module, "cla_upper" "cla_16bit" 11 38, 12 3 0, S_000002e81c9e54d0;
 .timescale -9 -12;
    .port_info 0 /INPUT 16 "a";
    .port_info 1 /INPUT 16 "b";
    .port_info 2 /INPUT 1 "cin";
    .port_info 3 /OUTPUT 16 "sum";
    .port_info 4 /OUTPUT 1 "group_G";
    .port_info 5 /OUTPUT 1 "group_P";
    .port_info 6 /OUTPUT 1 "cout";
    .port_info 7 /OUTPUT 1 "overflow";
L_000002e81caa3290 .functor BUFZ 1, L_000002e81c97cae0, C4<0>, C4<0>, C4<0>;
L_000002e81caa3680 .functor AND 1, L_000002e81ca90bd0, L_000002e81ca90810, C4<1>, C4<1>;
L_000002e81caa3f40 .functor OR 1, L_000002e81ca8eb50, L_000002e81caa3680, C4<0>, C4<0>;
L_000002e81caa4790 .functor AND 1, L_000002e81ca8e790, L_000002e81ca8fa50, C4<1>, C4<1>;
L_000002e81caa4a30 .functor OR 1, L_000002e81ca906d0, L_000002e81caa4790, C4<0>, C4<0>;
L_000002e81caa3d80 .functor AND 1, L_000002e81ca90e50, L_000002e81ca90270, C4<1>, C4<1>;
L_000002e81caa38b0 .functor AND 1, L_000002e81caa3d80, L_000002e81ca8f0f0, C4<1>, C4<1>;
L_000002e81caa3e60 .functor OR 1, L_000002e81caa4a30, L_000002e81caa38b0, C4<0>, C4<0>;
L_000002e81caa4020 .functor AND 1, L_000002e81ca8faf0, L_000002e81ca8fcd0, C4<1>, C4<1>;
L_000002e81caa30d0 .functor OR 1, L_000002e81ca8f690, L_000002e81caa4020, C4<0>, C4<0>;
L_000002e81caa4560 .functor AND 1, L_000002e81ca8ea10, L_000002e81ca8f050, C4<1>, C4<1>;
L_000002e81caa3990 .functor AND 1, L_000002e81caa4560, L_000002e81ca8fd70, C4<1>, C4<1>;
L_000002e81caa46b0 .functor OR 1, L_000002e81caa30d0, L_000002e81caa3990, C4<0>, C4<0>;
L_000002e81caa4950 .functor AND 1, L_000002e81ca8f9b0, L_000002e81ca8e830, C4<1>, C4<1>;
L_000002e81caa3300 .functor AND 1, L_000002e81caa4950, L_000002e81ca90450, C4<1>, C4<1>;
L_000002e81caa3df0 .functor AND 1, L_000002e81caa3300, L_000002e81ca901d0, C4<1>, C4<1>;
L_000002e81caa36f0 .functor OR 1, L_000002e81caa46b0, L_000002e81caa3df0, C4<0>, C4<0>;
L_000002e81caa49c0 .functor AND 1, L_000002e81ca8feb0, L_000002e81ca8f2d0, C4<1>, C4<1>;
L_000002e81caa3370 .functor OR 1, L_000002e81ca90590, L_000002e81caa49c0, C4<0>, C4<0>;
L_000002e81caa4800 .functor AND 1, L_000002e81ca8ff50, L_000002e81ca90770, C4<1>, C4<1>;
L_000002e81caa33e0 .functor AND 1, L_000002e81caa4800, L_000002e81ca8f870, C4<1>, C4<1>;
L_000002e81caa35a0 .functor OR 1, L_000002e81caa3370, L_000002e81caa33e0, C4<0>, C4<0>;
L_000002e81caa4aa0 .functor AND 1, L_000002e81ca90c70, L_000002e81ca90130, C4<1>, C4<1>;
L_000002e81caa3920 .functor AND 1, L_000002e81caa4aa0, L_000002e81ca908b0, C4<1>, C4<1>;
L_000002e81caa4100 .functor AND 1, L_000002e81caa3920, L_000002e81ca8f370, C4<1>, C4<1>;
L_000002e81caa3a00 .functor OR 1, L_000002e81caa35a0, L_000002e81caa4100, C4<0>, C4<0>;
L_000002e81caa3a70 .functor AND 1, L_000002e81ca8e8d0, L_000002e81ca90950, C4<1>, C4<1>;
L_000002e81caa4720 .functor AND 1, L_000002e81caa3a70, L_000002e81ca8f410, C4<1>, C4<1>;
L_000002e81caa4170 .functor AND 1, L_000002e81caa4720, L_000002e81ca8f4b0, C4<1>, C4<1>;
L_000002e81caa3ae0 .functor AND 1, L_000002e81caa4170, L_000002e81ca90a90, C4<1>, C4<1>;
L_000002e81caa3450 .functor OR 1, L_000002e81caa3a00, L_000002e81caa3ae0, C4<0>, C4<0>;
L_000002e81caa41e0 .functor AND 1, L_000002e81ca8ec90, L_000002e81ca8eab0, C4<1>, C4<1>;
L_000002e81caa34c0 .functor OR 1, L_000002e81ca8e970, L_000002e81caa41e0, C4<0>, C4<0>;
L_000002e81caa3530 .functor AND 1, L_000002e81ca8ed30, L_000002e81ca8edd0, C4<1>, C4<1>;
L_000002e81caa3b50 .functor AND 1, L_000002e81caa3530, L_000002e81ca8f550, C4<1>, C4<1>;
L_000002e81caa5980 .functor OR 1, L_000002e81caa34c0, L_000002e81caa3b50, C4<0>, C4<0>;
L_000002e81caa5520 .functor AND 1, L_000002e81ca8f5f0, L_000002e81ca8f730, C4<1>, C4<1>;
L_000002e81caa5c90 .functor AND 1, L_000002e81caa5520, L_000002e81ca8f7d0, C4<1>, C4<1>;
L_000002e81caa61d0 .functor AND 1, L_000002e81caa5c90, L_000002e81ca8f910, C4<1>, C4<1>;
L_000002e81caa59f0 .functor OR 1, L_000002e81caa5980, L_000002e81caa61d0, C4<0>, C4<0>;
L_000002e81caa6320 .functor XNOR 1, L_000002e81ca921b0, L_000002e81ca92930, C4<0>, C4<0>;
L_000002e81caa5ec0 .functor XOR 1, L_000002e81ca92bb0, L_000002e81ca91d50, C4<0>, C4<0>;
L_000002e81caa6390 .functor AND 1, L_000002e81caa6320, L_000002e81caa5ec0, C4<1>, C4<1>;
v000002e81ca1b110_0 .net *"_ivl_101", 0 0, L_000002e81caa46b0;  1 drivers
v000002e81ca1ab70_0 .net *"_ivl_104", 0 0, L_000002e81ca8f9b0;  1 drivers
v000002e81ca1b9d0_0 .net *"_ivl_106", 0 0, L_000002e81ca8e830;  1 drivers
v000002e81ca1cf10_0 .net *"_ivl_107", 0 0, L_000002e81caa4950;  1 drivers
v000002e81ca1acb0_0 .net *"_ivl_110", 0 0, L_000002e81ca90450;  1 drivers
v000002e81ca1ce70_0 .net *"_ivl_111", 0 0, L_000002e81caa3300;  1 drivers
v000002e81ca1d0f0_0 .net *"_ivl_114", 0 0, L_000002e81ca901d0;  1 drivers
v000002e81ca1b890_0 .net *"_ivl_115", 0 0, L_000002e81caa3df0;  1 drivers
v000002e81ca1ba70_0 .net *"_ivl_117", 0 0, L_000002e81caa36f0;  1 drivers
v000002e81ca1c8d0_0 .net *"_ivl_123", 0 0, L_000002e81ca90590;  1 drivers
v000002e81ca1b570_0 .net *"_ivl_125", 0 0, L_000002e81ca8feb0;  1 drivers
v000002e81ca1bc50_0 .net *"_ivl_127", 0 0, L_000002e81ca8f2d0;  1 drivers
v000002e81ca1c510_0 .net *"_ivl_128", 0 0, L_000002e81caa49c0;  1 drivers
v000002e81ca1a990_0 .net *"_ivl_130", 0 0, L_000002e81caa3370;  1 drivers
v000002e81ca1cab0_0 .net *"_ivl_133", 0 0, L_000002e81ca8ff50;  1 drivers
v000002e81ca1c790_0 .net *"_ivl_135", 0 0, L_000002e81ca90770;  1 drivers
v000002e81ca1ad50_0 .net *"_ivl_136", 0 0, L_000002e81caa4800;  1 drivers
v000002e81ca1b7f0_0 .net *"_ivl_139", 0 0, L_000002e81ca8f870;  1 drivers
v000002e81ca1b250_0 .net *"_ivl_140", 0 0, L_000002e81caa33e0;  1 drivers
v000002e81ca1c5b0_0 .net *"_ivl_142", 0 0, L_000002e81caa35a0;  1 drivers
v000002e81ca1c330_0 .net *"_ivl_145", 0 0, L_000002e81ca90c70;  1 drivers
v000002e81ca1c010_0 .net *"_ivl_147", 0 0, L_000002e81ca90130;  1 drivers
v000002e81ca1b2f0_0 .net *"_ivl_148", 0 0, L_000002e81caa4aa0;  1 drivers
v000002e81ca1c650_0 .net *"_ivl_151", 0 0, L_000002e81ca908b0;  1 drivers
v000002e81ca1bbb0_0 .net *"_ivl_152", 0 0, L_000002e81caa3920;  1 drivers
v000002e81ca1c830_0 .net *"_ivl_155", 0 0, L_000002e81ca8f370;  1 drivers
v000002e81ca1c3d0_0 .net *"_ivl_156", 0 0, L_000002e81caa4100;  1 drivers
v000002e81ca1ca10_0 .net *"_ivl_158", 0 0, L_000002e81caa3a00;  1 drivers
v000002e81ca1bcf0_0 .net *"_ivl_161", 0 0, L_000002e81ca8e8d0;  1 drivers
v000002e81ca1c970_0 .net *"_ivl_163", 0 0, L_000002e81ca90950;  1 drivers
v000002e81ca1c6f0_0 .net *"_ivl_164", 0 0, L_000002e81caa3a70;  1 drivers
v000002e81ca1bd90_0 .net *"_ivl_167", 0 0, L_000002e81ca8f410;  1 drivers
v000002e81ca1afd0_0 .net *"_ivl_168", 0 0, L_000002e81caa4720;  1 drivers
v000002e81ca1b390_0 .net *"_ivl_171", 0 0, L_000002e81ca8f4b0;  1 drivers
v000002e81ca1b430_0 .net *"_ivl_172", 0 0, L_000002e81caa4170;  1 drivers
v000002e81ca1be30_0 .net *"_ivl_175", 0 0, L_000002e81ca90a90;  1 drivers
v000002e81ca1bed0_0 .net *"_ivl_176", 0 0, L_000002e81caa3ae0;  1 drivers
v000002e81ca1ac10_0 .net *"_ivl_178", 0 0, L_000002e81caa3450;  1 drivers
v000002e81ca1b930_0 .net *"_ivl_183", 0 0, L_000002e81ca8e970;  1 drivers
v000002e81ca1c0b0_0 .net *"_ivl_185", 0 0, L_000002e81ca8ec90;  1 drivers
v000002e81ca1c150_0 .net *"_ivl_187", 0 0, L_000002e81ca8eab0;  1 drivers
v000002e81ca1c1f0_0 .net *"_ivl_188", 0 0, L_000002e81caa41e0;  1 drivers
v000002e81ca1adf0_0 .net *"_ivl_190", 0 0, L_000002e81caa34c0;  1 drivers
v000002e81ca1cb50_0 .net *"_ivl_193", 0 0, L_000002e81ca8ed30;  1 drivers
v000002e81ca1cc90_0 .net *"_ivl_195", 0 0, L_000002e81ca8edd0;  1 drivers
v000002e81ca1c290_0 .net *"_ivl_196", 0 0, L_000002e81caa3530;  1 drivers
v000002e81ca1c470_0 .net *"_ivl_199", 0 0, L_000002e81ca8f550;  1 drivers
v000002e81ca1cbf0_0 .net *"_ivl_200", 0 0, L_000002e81caa3b50;  1 drivers
v000002e81ca1cdd0_0 .net *"_ivl_202", 0 0, L_000002e81caa5980;  1 drivers
v000002e81ca1b4d0_0 .net *"_ivl_205", 0 0, L_000002e81ca8f5f0;  1 drivers
v000002e81ca1d050_0 .net *"_ivl_207", 0 0, L_000002e81ca8f730;  1 drivers
v000002e81ca1cfb0_0 .net *"_ivl_208", 0 0, L_000002e81caa5520;  1 drivers
v000002e81ca1aa30_0 .net *"_ivl_211", 0 0, L_000002e81ca8f7d0;  1 drivers
v000002e81ca1aad0_0 .net *"_ivl_212", 0 0, L_000002e81caa5c90;  1 drivers
v000002e81ca1ae90_0 .net *"_ivl_215", 0 0, L_000002e81ca8f910;  1 drivers
v000002e81ca1b610_0 .net *"_ivl_216", 0 0, L_000002e81caa61d0;  1 drivers
v000002e81ca1b750_0 .net *"_ivl_223", 0 0, L_000002e81ca921b0;  1 drivers
v000002e81ca1b070_0 .net *"_ivl_225", 0 0, L_000002e81ca92930;  1 drivers
v000002e81ca1f030_0 .net *"_ivl_226", 0 0, L_000002e81caa6320;  1 drivers
v000002e81ca1dc30_0 .net *"_ivl_229", 0 0, L_000002e81ca92bb0;  1 drivers
v000002e81ca1e630_0 .net *"_ivl_231", 0 0, L_000002e81ca91d50;  1 drivers
v000002e81ca1e590_0 .net *"_ivl_232", 0 0, L_000002e81caa5ec0;  1 drivers
v000002e81ca1e310_0 .net *"_ivl_42", 0 0, L_000002e81caa3290;  1 drivers
v000002e81ca1e130_0 .net *"_ivl_46", 0 0, L_000002e81ca8eb50;  1 drivers
v000002e81ca1e3b0_0 .net *"_ivl_48", 0 0, L_000002e81ca90bd0;  1 drivers
v000002e81ca1d230_0 .net *"_ivl_50", 0 0, L_000002e81ca90810;  1 drivers
v000002e81ca1daf0_0 .net *"_ivl_51", 0 0, L_000002e81caa3680;  1 drivers
v000002e81ca1eb30_0 .net *"_ivl_53", 0 0, L_000002e81caa3f40;  1 drivers
v000002e81ca1f0d0_0 .net *"_ivl_58", 0 0, L_000002e81ca906d0;  1 drivers
v000002e81ca1e6d0_0 .net *"_ivl_60", 0 0, L_000002e81ca8e790;  1 drivers
v000002e81ca1f530_0 .net *"_ivl_62", 0 0, L_000002e81ca8fa50;  1 drivers
v000002e81ca1f2b0_0 .net *"_ivl_63", 0 0, L_000002e81caa4790;  1 drivers
v000002e81ca1d910_0 .net *"_ivl_65", 0 0, L_000002e81caa4a30;  1 drivers
v000002e81ca1f350_0 .net *"_ivl_68", 0 0, L_000002e81ca90e50;  1 drivers
v000002e81ca1e770_0 .net *"_ivl_70", 0 0, L_000002e81ca90270;  1 drivers
v000002e81ca1d2d0_0 .net *"_ivl_71", 0 0, L_000002e81caa3d80;  1 drivers
v000002e81ca1f710_0 .net *"_ivl_74", 0 0, L_000002e81ca8f0f0;  1 drivers
v000002e81ca1d4b0_0 .net *"_ivl_75", 0 0, L_000002e81caa38b0;  1 drivers
v000002e81ca1d9b0_0 .net *"_ivl_77", 0 0, L_000002e81caa3e60;  1 drivers
v000002e81ca1ed10_0 .net *"_ivl_82", 0 0, L_000002e81ca8f690;  1 drivers
v000002e81ca1edb0_0 .net *"_ivl_84", 0 0, L_000002e81ca8faf0;  1 drivers
v000002e81ca1ee50_0 .net *"_ivl_86", 0 0, L_000002e81ca8fcd0;  1 drivers
v000002e81ca1f3f0_0 .net *"_ivl_87", 0 0, L_000002e81caa4020;  1 drivers
v000002e81ca1ef90_0 .net *"_ivl_89", 0 0, L_000002e81caa30d0;  1 drivers
v000002e81ca1da50_0 .net *"_ivl_92", 0 0, L_000002e81ca8ea10;  1 drivers
v000002e81ca1f210_0 .net *"_ivl_94", 0 0, L_000002e81ca8f050;  1 drivers
v000002e81ca1dd70_0 .net *"_ivl_95", 0 0, L_000002e81caa4560;  1 drivers
v000002e81ca1f5d0_0 .net *"_ivl_98", 0 0, L_000002e81ca8fd70;  1 drivers
v000002e81ca1d370_0 .net *"_ivl_99", 0 0, L_000002e81caa3990;  1 drivers
v000002e81ca1d730_0 .net "a", 15 0, L_000002e81ca92570;  1 drivers
v000002e81ca1f490_0 .net "b", 15 0, L_000002e81ca91f30;  1 drivers
v000002e81ca1dff0_0 .net "c", 4 0, L_000002e81ca904f0;  1 drivers
v000002e81ca1db90_0 .net "cin", 0 0, L_000002e81c97cae0;  alias, 1 drivers
v000002e81ca1f670_0 .net "cout", 0 0, L_000002e81ca930b0;  1 drivers
v000002e81ca1f7b0_0 .net "gg", 3 0, L_000002e81ca8efb0;  1 drivers
v000002e81ca1e810_0 .net "gp", 3 0, L_000002e81ca90090;  1 drivers
v000002e81ca1d7d0_0 .net "group_G", 0 0, L_000002e81caa59f0;  1 drivers
v000002e81ca1dcd0_0 .net "group_P", 0 0, L_000002e81ca90b30;  1 drivers
v000002e81ca1e1d0_0 .net "overflow", 0 0, L_000002e81caa6390;  1 drivers
v000002e81ca1de10_0 .net "sum", 15 0, L_000002e81ca90d10;  1 drivers
L_000002e81ca87d50 .part L_000002e81ca92570, 0, 4;
L_000002e81ca88c50 .part L_000002e81ca91f30, 0, 4;
L_000002e81ca891f0 .part L_000002e81ca904f0, 0, 1;
L_000002e81ca8aaf0 .part L_000002e81ca92570, 4, 4;
L_000002e81ca89c90 .part L_000002e81ca91f30, 4, 4;
L_000002e81ca8a690 .part L_000002e81ca904f0, 1, 1;
L_000002e81ca8da70 .part L_000002e81ca92570, 8, 4;
L_000002e81ca8c530 .part L_000002e81ca91f30, 8, 4;
L_000002e81ca8c5d0 .part L_000002e81ca904f0, 2, 1;
L_000002e81ca903b0 .part L_000002e81ca92570, 12, 4;
L_000002e81ca8fe10 .part L_000002e81ca91f30, 12, 4;
L_000002e81ca8f230 .part L_000002e81ca904f0, 3, 1;
L_000002e81ca90d10 .concat8 [ 4 4 4 4], L_000002e81caa1310, L_000002e81caa1930, L_000002e81caa2880, L_000002e81caa31b0;
L_000002e81ca8efb0 .concat8 [ 1 1 1 1], L_000002e81caa0660, L_000002e81caa0cf0, L_000002e81caa1e00, L_000002e81caa3610;
L_000002e81ca90090 .concat8 [ 1 1 1 1], L_000002e81ca9fcc0, L_000002e81caa0430, L_000002e81caa2180, L_000002e81caa3140;
L_000002e81ca8eb50 .part L_000002e81ca8efb0, 0, 1;
L_000002e81ca90bd0 .part L_000002e81ca90090, 0, 1;
L_000002e81ca90810 .part L_000002e81ca904f0, 0, 1;
L_000002e81ca906d0 .part L_000002e81ca8efb0, 1, 1;
L_000002e81ca8e790 .part L_000002e81ca90090, 1, 1;
L_000002e81ca8fa50 .part L_000002e81ca8efb0, 0, 1;
L_000002e81ca90e50 .part L_000002e81ca90090, 1, 1;
L_000002e81ca90270 .part L_000002e81ca90090, 0, 1;
L_000002e81ca8f0f0 .part L_000002e81ca904f0, 0, 1;
L_000002e81ca8f690 .part L_000002e81ca8efb0, 2, 1;
L_000002e81ca8faf0 .part L_000002e81ca90090, 2, 1;
L_000002e81ca8fcd0 .part L_000002e81ca8efb0, 1, 1;
L_000002e81ca8ea10 .part L_000002e81ca90090, 2, 1;
L_000002e81ca8f050 .part L_000002e81ca90090, 1, 1;
L_000002e81ca8fd70 .part L_000002e81ca8efb0, 0, 1;
L_000002e81ca8f9b0 .part L_000002e81ca90090, 2, 1;
L_000002e81ca8e830 .part L_000002e81ca90090, 1, 1;
L_000002e81ca90450 .part L_000002e81ca90090, 0, 1;
L_000002e81ca901d0 .part L_000002e81ca904f0, 0, 1;
LS_000002e81ca904f0_0_0 .concat8 [ 1 1 1 1], L_000002e81caa3290, L_000002e81caa3f40, L_000002e81caa3e60, L_000002e81caa36f0;
LS_000002e81ca904f0_0_4 .concat8 [ 1 0 0 0], L_000002e81caa3450;
L_000002e81ca904f0 .concat8 [ 4 1 0 0], LS_000002e81ca904f0_0_0, LS_000002e81ca904f0_0_4;
L_000002e81ca90590 .part L_000002e81ca8efb0, 3, 1;
L_000002e81ca8feb0 .part L_000002e81ca90090, 3, 1;
L_000002e81ca8f2d0 .part L_000002e81ca8efb0, 2, 1;
L_000002e81ca8ff50 .part L_000002e81ca90090, 3, 1;
L_000002e81ca90770 .part L_000002e81ca90090, 2, 1;
L_000002e81ca8f870 .part L_000002e81ca8efb0, 1, 1;
L_000002e81ca90c70 .part L_000002e81ca90090, 3, 1;
L_000002e81ca90130 .part L_000002e81ca90090, 2, 1;
L_000002e81ca908b0 .part L_000002e81ca90090, 1, 1;
L_000002e81ca8f370 .part L_000002e81ca8efb0, 0, 1;
L_000002e81ca8e8d0 .part L_000002e81ca90090, 3, 1;
L_000002e81ca90950 .part L_000002e81ca90090, 2, 1;
L_000002e81ca8f410 .part L_000002e81ca90090, 1, 1;
L_000002e81ca8f4b0 .part L_000002e81ca90090, 0, 1;
L_000002e81ca90a90 .part L_000002e81ca904f0, 0, 1;
L_000002e81ca90b30 .reduce/and L_000002e81ca90090;
L_000002e81ca8e970 .part L_000002e81ca8efb0, 3, 1;
L_000002e81ca8ec90 .part L_000002e81ca90090, 3, 1;
L_000002e81ca8eab0 .part L_000002e81ca8efb0, 2, 1;
L_000002e81ca8ed30 .part L_000002e81ca90090, 3, 1;
L_000002e81ca8edd0 .part L_000002e81ca90090, 2, 1;
L_000002e81ca8f550 .part L_000002e81ca8efb0, 1, 1;
L_000002e81ca8f5f0 .part L_000002e81ca90090, 3, 1;
L_000002e81ca8f730 .part L_000002e81ca90090, 2, 1;
L_000002e81ca8f7d0 .part L_000002e81ca90090, 1, 1;
L_000002e81ca8f910 .part L_000002e81ca8efb0, 0, 1;
L_000002e81ca930b0 .part L_000002e81ca904f0, 4, 1;
L_000002e81ca921b0 .part L_000002e81ca92570, 15, 1;
L_000002e81ca92930 .part L_000002e81ca91f30, 15, 1;
L_000002e81ca92bb0 .part L_000002e81ca90d10, 15, 1;
L_000002e81ca91d50 .part L_000002e81ca92570, 15, 1;
S_000002e81c9feff0 .scope generate, "cla4_blocks[0]" "cla4_blocks[0]" 12 32, 12 32 0, S_000002e81c9ff950;
 .timescale -9 -12;
P_000002e81c936f70 .param/l "i" 0 12 32, +C4<00>;
S_000002e81c9ff7c0 .scope module, "block" "cla_4bit" 12 33, 13 3 0, S_000002e81c9feff0;
 .timescale -9 -12;
    .port_info 0 /INPUT 4 "a";
    .port_info 1 /INPUT 4 "b";
    .port_info 2 /INPUT 1 "cin";
    .port_info 3 /OUTPUT 4 "sum";
    .port_info 4 /OUTPUT 1 "group_G";
    .port_info 5 /OUTPUT 1 "group_P";
    .port_info 6 /OUTPUT 1 "cout";
L_000002e81c9838b0 .functor AND 4, L_000002e81ca87d50, L_000002e81ca88c50, C4<1111>, C4<1111>;
L_000002e81c983e60 .functor XOR 4, L_000002e81ca87d50, L_000002e81ca88c50, C4<0000>, C4<0000>;
L_000002e81c983760 .functor BUFZ 1, L_000002e81ca891f0, C4<0>, C4<0>, C4<0>;
L_000002e81c9835a0 .functor AND 1, L_000002e81ca41a00, L_000002e81ca42860, C4<1>, C4<1>;
L_000002e81c983290 .functor OR 1, L_000002e81ca422c0, L_000002e81c9835a0, C4<0>, C4<0>;
L_000002e81c983610 .functor AND 1, L_000002e81ca41aa0, L_000002e81ca42900, C4<1>, C4<1>;
L_000002e81c983920 .functor OR 1, L_000002e81ca42360, L_000002e81c983610, C4<0>, C4<0>;
L_000002e81c983d80 .functor AND 1, L_000002e81ca42c20, L_000002e81ca42cc0, C4<1>, C4<1>;
L_000002e81c9836f0 .functor AND 1, L_000002e81c983d80, L_000002e81ca42d60, C4<1>, C4<1>;
L_000002e81c9837d0 .functor OR 1, L_000002e81c983920, L_000002e81c9836f0, C4<0>, C4<0>;
L_000002e81c983840 .functor AND 1, L_000002e81ca87670, L_000002e81ca88570, C4<1>, C4<1>;
L_000002e81c983a00 .functor OR 1, L_000002e81ca88610, L_000002e81c983840, C4<0>, C4<0>;
L_000002e81c9830d0 .functor AND 1, L_000002e81ca87530, L_000002e81ca884d0, C4<1>, C4<1>;
L_000002e81c983d10 .functor AND 1, L_000002e81c9830d0, L_000002e81ca89010, C4<1>, C4<1>;
L_000002e81c983fb0 .functor OR 1, L_000002e81c983a00, L_000002e81c983d10, C4<0>, C4<0>;
L_000002e81c983ae0 .functor AND 1, L_000002e81ca886b0, L_000002e81ca88390, C4<1>, C4<1>;
L_000002e81c983b50 .functor AND 1, L_000002e81c983ae0, L_000002e81ca88bb0, C4<1>, C4<1>;
L_000002e81c983bc0 .functor AND 1, L_000002e81c983b50, L_000002e81ca88f70, C4<1>, C4<1>;
L_000002e81c983c30 .functor OR 1, L_000002e81c983fb0, L_000002e81c983bc0, C4<0>, C4<0>;
L_000002e81c983df0 .functor AND 1, L_000002e81ca881b0, L_000002e81ca882f0, C4<1>, C4<1>;
L_000002e81c983f40 .functor OR 1, L_000002e81ca87990, L_000002e81c983df0, C4<0>, C4<0>;
L_000002e81c9831b0 .functor AND 1, L_000002e81ca87850, L_000002e81ca86ef0, C4<1>, C4<1>;
L_000002e81c983220 .functor AND 1, L_000002e81c9831b0, L_000002e81ca87a30, C4<1>, C4<1>;
L_000002e81c983300 .functor OR 1, L_000002e81c983f40, L_000002e81c983220, C4<0>, C4<0>;
L_000002e81c9833e0 .functor AND 1, L_000002e81ca88750, L_000002e81ca88430, C4<1>, C4<1>;
L_000002e81c9250a0 .functor AND 1, L_000002e81c9833e0, L_000002e81ca88890, C4<1>, C4<1>;
L_000002e81c9240e0 .functor AND 1, L_000002e81c9250a0, L_000002e81ca87b70, C4<1>, C4<1>;
L_000002e81caa0f90 .functor OR 1, L_000002e81c983300, L_000002e81c9240e0, C4<0>, C4<0>;
L_000002e81ca9fe10 .functor AND 1, L_000002e81ca887f0, L_000002e81ca87ad0, C4<1>, C4<1>;
L_000002e81caa04a0 .functor AND 1, L_000002e81ca9fe10, L_000002e81ca87710, C4<1>, C4<1>;
L_000002e81ca9fa20 .functor AND 1, L_000002e81caa04a0, L_000002e81ca88e30, C4<1>, C4<1>;
L_000002e81caa0d60 .functor AND 1, L_000002e81ca9fa20, L_000002e81ca87c10, C4<1>, C4<1>;
L_000002e81caa0890 .functor OR 1, L_000002e81caa0f90, L_000002e81caa0d60, C4<0>, C4<0>;
L_000002e81caa0120 .functor AND 1, L_000002e81ca889d0, L_000002e81ca88cf0, C4<1>, C4<1>;
L_000002e81caa0270 .functor AND 1, L_000002e81caa0120, L_000002e81ca88d90, C4<1>, C4<1>;
L_000002e81ca9fcc0 .functor AND 1, L_000002e81caa0270, L_000002e81ca88930, C4<1>, C4<1>;
L_000002e81ca9fe80 .functor AND 1, L_000002e81ca89330, L_000002e81ca88ed0, C4<1>, C4<1>;
L_000002e81ca9fbe0 .functor OR 1, L_000002e81ca890b0, L_000002e81ca9fe80, C4<0>, C4<0>;
L_000002e81caa03c0 .functor AND 1, L_000002e81ca875d0, L_000002e81ca877b0, C4<1>, C4<1>;
L_000002e81caa0b30 .functor AND 1, L_000002e81caa03c0, L_000002e81ca88a70, C4<1>, C4<1>;
L_000002e81ca9fda0 .functor OR 1, L_000002e81ca9fbe0, L_000002e81caa0b30, C4<0>, C4<0>;
L_000002e81caa0eb0 .functor AND 1, L_000002e81ca86f90, L_000002e81ca89150, C4<1>, C4<1>;
L_000002e81ca9fd30 .functor AND 1, L_000002e81caa0eb0, L_000002e81ca878f0, C4<1>, C4<1>;
L_000002e81ca9fef0 .functor AND 1, L_000002e81ca9fd30, L_000002e81ca87cb0, C4<1>, C4<1>;
L_000002e81caa0660 .functor OR 1, L_000002e81ca9fda0, L_000002e81ca9fef0, C4<0>, C4<0>;
L_000002e81caa1310 .functor XOR 4, L_000002e81c983e60, L_000002e81ca88b10, C4<0000>, C4<0000>;
v000002e81ca03420_0 .net *"_ivl_100", 0 0, L_000002e81ca86ef0;  1 drivers
v000002e81ca039c0_0 .net *"_ivl_101", 0 0, L_000002e81c9831b0;  1 drivers
v000002e81ca04aa0_0 .net *"_ivl_104", 0 0, L_000002e81ca87a30;  1 drivers
v000002e81ca040a0_0 .net *"_ivl_105", 0 0, L_000002e81c983220;  1 drivers
v000002e81ca02f20_0 .net *"_ivl_107", 0 0, L_000002e81c983300;  1 drivers
v000002e81ca052c0_0 .net *"_ivl_11", 0 0, L_000002e81ca422c0;  1 drivers
v000002e81ca04be0_0 .net *"_ivl_110", 0 0, L_000002e81ca88750;  1 drivers
v000002e81ca02e80_0 .net *"_ivl_112", 0 0, L_000002e81ca88430;  1 drivers
v000002e81ca05220_0 .net *"_ivl_113", 0 0, L_000002e81c9833e0;  1 drivers
v000002e81ca04e60_0 .net *"_ivl_116", 0 0, L_000002e81ca88890;  1 drivers
v000002e81ca04640_0 .net *"_ivl_117", 0 0, L_000002e81c9250a0;  1 drivers
v000002e81ca04140_0 .net *"_ivl_120", 0 0, L_000002e81ca87b70;  1 drivers
v000002e81ca03060_0 .net *"_ivl_121", 0 0, L_000002e81c9240e0;  1 drivers
v000002e81ca04c80_0 .net *"_ivl_123", 0 0, L_000002e81caa0f90;  1 drivers
v000002e81ca04a00_0 .net *"_ivl_126", 0 0, L_000002e81ca887f0;  1 drivers
v000002e81ca03ec0_0 .net *"_ivl_128", 0 0, L_000002e81ca87ad0;  1 drivers
v000002e81ca05400_0 .net *"_ivl_129", 0 0, L_000002e81ca9fe10;  1 drivers
v000002e81ca04dc0_0 .net *"_ivl_13", 0 0, L_000002e81ca41a00;  1 drivers
v000002e81ca04fa0_0 .net *"_ivl_132", 0 0, L_000002e81ca87710;  1 drivers
v000002e81ca04d20_0 .net *"_ivl_133", 0 0, L_000002e81caa04a0;  1 drivers
v000002e81ca05360_0 .net *"_ivl_136", 0 0, L_000002e81ca88e30;  1 drivers
v000002e81ca03600_0 .net *"_ivl_137", 0 0, L_000002e81ca9fa20;  1 drivers
v000002e81ca036a0_0 .net *"_ivl_140", 0 0, L_000002e81ca87c10;  1 drivers
v000002e81ca04960_0 .net *"_ivl_141", 0 0, L_000002e81caa0d60;  1 drivers
v000002e81ca05040_0 .net *"_ivl_143", 0 0, L_000002e81caa0890;  1 drivers
v000002e81ca041e0_0 .net *"_ivl_146", 0 0, L_000002e81ca889d0;  1 drivers
v000002e81ca04000_0 .net *"_ivl_148", 0 0, L_000002e81ca88cf0;  1 drivers
v000002e81ca050e0_0 .net *"_ivl_149", 0 0, L_000002e81caa0120;  1 drivers
v000002e81ca03740_0 .net *"_ivl_15", 0 0, L_000002e81ca42860;  1 drivers
v000002e81ca03f60_0 .net *"_ivl_152", 0 0, L_000002e81ca88d90;  1 drivers
v000002e81ca054a0_0 .net *"_ivl_153", 0 0, L_000002e81caa0270;  1 drivers
v000002e81ca037e0_0 .net *"_ivl_156", 0 0, L_000002e81ca88930;  1 drivers
v000002e81ca02d40_0 .net *"_ivl_16", 0 0, L_000002e81c9835a0;  1 drivers
v000002e81ca03e20_0 .net *"_ivl_160", 0 0, L_000002e81ca890b0;  1 drivers
v000002e81ca03240_0 .net *"_ivl_162", 0 0, L_000002e81ca89330;  1 drivers
v000002e81ca02fc0_0 .net *"_ivl_164", 0 0, L_000002e81ca88ed0;  1 drivers
v000002e81ca032e0_0 .net *"_ivl_165", 0 0, L_000002e81ca9fe80;  1 drivers
v000002e81ca03d80_0 .net *"_ivl_167", 0 0, L_000002e81ca9fbe0;  1 drivers
v000002e81ca045a0_0 .net *"_ivl_170", 0 0, L_000002e81ca875d0;  1 drivers
v000002e81ca04280_0 .net *"_ivl_172", 0 0, L_000002e81ca877b0;  1 drivers
v000002e81ca03920_0 .net *"_ivl_173", 0 0, L_000002e81caa03c0;  1 drivers
v000002e81ca03a60_0 .net *"_ivl_176", 0 0, L_000002e81ca88a70;  1 drivers
v000002e81ca03b00_0 .net *"_ivl_177", 0 0, L_000002e81caa0b30;  1 drivers
v000002e81ca03ba0_0 .net *"_ivl_179", 0 0, L_000002e81ca9fda0;  1 drivers
v000002e81ca04320_0 .net *"_ivl_18", 0 0, L_000002e81c983290;  1 drivers
v000002e81ca03c40_0 .net *"_ivl_182", 0 0, L_000002e81ca86f90;  1 drivers
v000002e81ca043c0_0 .net *"_ivl_184", 0 0, L_000002e81ca89150;  1 drivers
v000002e81ca04460_0 .net *"_ivl_185", 0 0, L_000002e81caa0eb0;  1 drivers
v000002e81ca04780_0 .net *"_ivl_188", 0 0, L_000002e81ca878f0;  1 drivers
v000002e81ca04820_0 .net *"_ivl_189", 0 0, L_000002e81ca9fd30;  1 drivers
v000002e81ca07b60_0 .net *"_ivl_192", 0 0, L_000002e81ca87cb0;  1 drivers
v000002e81ca05d60_0 .net *"_ivl_193", 0 0, L_000002e81ca9fef0;  1 drivers
v000002e81ca06580_0 .net *"_ivl_198", 3 0, L_000002e81ca88b10;  1 drivers
v000002e81ca05b80_0 .net *"_ivl_23", 0 0, L_000002e81ca42360;  1 drivers
v000002e81ca078e0_0 .net *"_ivl_25", 0 0, L_000002e81ca41aa0;  1 drivers
v000002e81ca07160_0 .net *"_ivl_27", 0 0, L_000002e81ca42900;  1 drivers
v000002e81ca05c20_0 .net *"_ivl_28", 0 0, L_000002e81c983610;  1 drivers
v000002e81ca07c00_0 .net *"_ivl_30", 0 0, L_000002e81c983920;  1 drivers
v000002e81ca055e0_0 .net *"_ivl_33", 0 0, L_000002e81ca42c20;  1 drivers
v000002e81ca069e0_0 .net *"_ivl_35", 0 0, L_000002e81ca42cc0;  1 drivers
v000002e81ca07480_0 .net *"_ivl_36", 0 0, L_000002e81c983d80;  1 drivers
v000002e81ca06120_0 .net *"_ivl_39", 0 0, L_000002e81ca42d60;  1 drivers
v000002e81ca06800_0 .net *"_ivl_40", 0 0, L_000002e81c9836f0;  1 drivers
v000002e81ca070c0_0 .net *"_ivl_42", 0 0, L_000002e81c9837d0;  1 drivers
v000002e81ca05540_0 .net *"_ivl_47", 0 0, L_000002e81ca88610;  1 drivers
v000002e81ca07660_0 .net *"_ivl_49", 0 0, L_000002e81ca87670;  1 drivers
v000002e81ca07340_0 .net *"_ivl_51", 0 0, L_000002e81ca88570;  1 drivers
v000002e81ca05a40_0 .net *"_ivl_52", 0 0, L_000002e81c983840;  1 drivers
v000002e81ca073e0_0 .net *"_ivl_54", 0 0, L_000002e81c983a00;  1 drivers
v000002e81ca07200_0 .net *"_ivl_57", 0 0, L_000002e81ca87530;  1 drivers
v000002e81ca07a20_0 .net *"_ivl_59", 0 0, L_000002e81ca884d0;  1 drivers
v000002e81ca07700_0 .net *"_ivl_60", 0 0, L_000002e81c9830d0;  1 drivers
v000002e81ca06e40_0 .net *"_ivl_63", 0 0, L_000002e81ca89010;  1 drivers
v000002e81ca068a0_0 .net *"_ivl_64", 0 0, L_000002e81c983d10;  1 drivers
v000002e81ca05860_0 .net *"_ivl_66", 0 0, L_000002e81c983fb0;  1 drivers
v000002e81ca072a0_0 .net *"_ivl_69", 0 0, L_000002e81ca886b0;  1 drivers
v000002e81ca07520_0 .net *"_ivl_7", 0 0, L_000002e81c983760;  1 drivers
v000002e81ca066c0_0 .net *"_ivl_71", 0 0, L_000002e81ca88390;  1 drivers
v000002e81ca07ca0_0 .net *"_ivl_72", 0 0, L_000002e81c983ae0;  1 drivers
v000002e81ca05ae0_0 .net *"_ivl_75", 0 0, L_000002e81ca88bb0;  1 drivers
v000002e81ca05e00_0 .net *"_ivl_76", 0 0, L_000002e81c983b50;  1 drivers
v000002e81ca07ac0_0 .net *"_ivl_79", 0 0, L_000002e81ca88f70;  1 drivers
v000002e81ca06f80_0 .net *"_ivl_80", 0 0, L_000002e81c983bc0;  1 drivers
v000002e81ca077a0_0 .net *"_ivl_82", 0 0, L_000002e81c983c30;  1 drivers
v000002e81ca05680_0 .net *"_ivl_88", 0 0, L_000002e81ca87990;  1 drivers
v000002e81ca075c0_0 .net *"_ivl_90", 0 0, L_000002e81ca881b0;  1 drivers
v000002e81ca05720_0 .net *"_ivl_92", 0 0, L_000002e81ca882f0;  1 drivers
v000002e81ca05fe0_0 .net *"_ivl_93", 0 0, L_000002e81c983df0;  1 drivers
v000002e81ca06a80_0 .net *"_ivl_95", 0 0, L_000002e81c983f40;  1 drivers
v000002e81ca06940_0 .net *"_ivl_98", 0 0, L_000002e81ca87850;  1 drivers
v000002e81ca07020_0 .net "a", 3 0, L_000002e81ca87d50;  1 drivers
v000002e81ca057c0_0 .net "b", 3 0, L_000002e81ca88c50;  1 drivers
v000002e81ca05cc0_0 .net "c", 4 0, L_000002e81ca89650;  1 drivers
v000002e81ca05ea0_0 .net "cin", 0 0, L_000002e81ca891f0;  1 drivers
v000002e81ca05f40_0 .net "cout", 0 0, L_000002e81ca87210;  1 drivers
v000002e81ca05900_0 .net "g", 3 0, L_000002e81c9838b0;  1 drivers
v000002e81ca06620_0 .net "group_G", 0 0, L_000002e81caa0660;  1 drivers
v000002e81ca06c60_0 .net "group_P", 0 0, L_000002e81ca9fcc0;  1 drivers
v000002e81ca06080_0 .net "p", 3 0, L_000002e81c983e60;  1 drivers
v000002e81ca059a0_0 .net "sum", 3 0, L_000002e81caa1310;  1 drivers
L_000002e81ca422c0 .part L_000002e81c9838b0, 0, 1;
L_000002e81ca41a00 .part L_000002e81c983e60, 0, 1;
L_000002e81ca42860 .part L_000002e81ca89650, 0, 1;
L_000002e81ca42360 .part L_000002e81c9838b0, 1, 1;
L_000002e81ca41aa0 .part L_000002e81c983e60, 1, 1;
L_000002e81ca42900 .part L_000002e81c9838b0, 0, 1;
L_000002e81ca42c20 .part L_000002e81c983e60, 1, 1;
L_000002e81ca42cc0 .part L_000002e81c983e60, 0, 1;
L_000002e81ca42d60 .part L_000002e81ca89650, 0, 1;
L_000002e81ca88610 .part L_000002e81c9838b0, 2, 1;
L_000002e81ca87670 .part L_000002e81c983e60, 2, 1;
L_000002e81ca88570 .part L_000002e81c9838b0, 1, 1;
L_000002e81ca87530 .part L_000002e81c983e60, 2, 1;
L_000002e81ca884d0 .part L_000002e81c983e60, 1, 1;
L_000002e81ca89010 .part L_000002e81c9838b0, 0, 1;
L_000002e81ca886b0 .part L_000002e81c983e60, 2, 1;
L_000002e81ca88390 .part L_000002e81c983e60, 1, 1;
L_000002e81ca88bb0 .part L_000002e81c983e60, 0, 1;
L_000002e81ca88f70 .part L_000002e81ca89650, 0, 1;
LS_000002e81ca89650_0_0 .concat8 [ 1 1 1 1], L_000002e81c983760, L_000002e81c983290, L_000002e81c9837d0, L_000002e81c983c30;
LS_000002e81ca89650_0_4 .concat8 [ 1 0 0 0], L_000002e81caa0890;
L_000002e81ca89650 .concat8 [ 4 1 0 0], LS_000002e81ca89650_0_0, LS_000002e81ca89650_0_4;
L_000002e81ca87990 .part L_000002e81c9838b0, 3, 1;
L_000002e81ca881b0 .part L_000002e81c983e60, 3, 1;
L_000002e81ca882f0 .part L_000002e81c9838b0, 2, 1;
L_000002e81ca87850 .part L_000002e81c983e60, 3, 1;
L_000002e81ca86ef0 .part L_000002e81c983e60, 2, 1;
L_000002e81ca87a30 .part L_000002e81c9838b0, 1, 1;
L_000002e81ca88750 .part L_000002e81c983e60, 3, 1;
L_000002e81ca88430 .part L_000002e81c983e60, 2, 1;
L_000002e81ca88890 .part L_000002e81c983e60, 1, 1;
L_000002e81ca87b70 .part L_000002e81c9838b0, 0, 1;
L_000002e81ca887f0 .part L_000002e81c983e60, 3, 1;
L_000002e81ca87ad0 .part L_000002e81c983e60, 2, 1;
L_000002e81ca87710 .part L_000002e81c983e60, 1, 1;
L_000002e81ca88e30 .part L_000002e81c983e60, 0, 1;
L_000002e81ca87c10 .part L_000002e81ca89650, 0, 1;
L_000002e81ca889d0 .part L_000002e81c983e60, 3, 1;
L_000002e81ca88cf0 .part L_000002e81c983e60, 2, 1;
L_000002e81ca88d90 .part L_000002e81c983e60, 1, 1;
L_000002e81ca88930 .part L_000002e81c983e60, 0, 1;
L_000002e81ca890b0 .part L_000002e81c9838b0, 3, 1;
L_000002e81ca89330 .part L_000002e81c983e60, 3, 1;
L_000002e81ca88ed0 .part L_000002e81c9838b0, 2, 1;
L_000002e81ca875d0 .part L_000002e81c983e60, 3, 1;
L_000002e81ca877b0 .part L_000002e81c983e60, 2, 1;
L_000002e81ca88a70 .part L_000002e81c9838b0, 1, 1;
L_000002e81ca86f90 .part L_000002e81c983e60, 3, 1;
L_000002e81ca89150 .part L_000002e81c983e60, 2, 1;
L_000002e81ca878f0 .part L_000002e81c983e60, 1, 1;
L_000002e81ca87cb0 .part L_000002e81c9838b0, 0, 1;
L_000002e81ca88b10 .part L_000002e81ca89650, 0, 4;
L_000002e81ca87210 .part L_000002e81ca89650, 4, 1;
S_000002e81c9ff4a0 .scope generate, "cla4_blocks[1]" "cla4_blocks[1]" 12 32, 12 32 0, S_000002e81c9ff950;
 .timescale -9 -12;
P_000002e81c9362b0 .param/l "i" 0 12 32, +C4<01>;
S_000002e81c9ff310 .scope module, "block" "cla_4bit" 12 33, 13 3 0, S_000002e81c9ff4a0;
 .timescale -9 -12;
    .port_info 0 /INPUT 4 "a";
    .port_info 1 /INPUT 4 "b";
    .port_info 2 /INPUT 1 "cin";
    .port_info 3 /OUTPUT 4 "sum";
    .port_info 4 /OUTPUT 1 "group_G";
    .port_info 5 /OUTPUT 1 "group_P";
    .port_info 6 /OUTPUT 1 "cout";
L_000002e81caa1000 .functor AND 4, L_000002e81ca8aaf0, L_000002e81ca89c90, C4<1111>, C4<1111>;
L_000002e81caa1380 .functor XOR 4, L_000002e81ca8aaf0, L_000002e81ca89c90, C4<0000>, C4<0000>;
L_000002e81caa0dd0 .functor BUFZ 1, L_000002e81ca8a690, C4<0>, C4<0>, C4<0>;
L_000002e81caa0040 .functor AND 1, L_000002e81ca87df0, L_000002e81ca895b0, C4<1>, C4<1>;
L_000002e81caa06d0 .functor OR 1, L_000002e81ca89290, L_000002e81caa0040, C4<0>, C4<0>;
L_000002e81ca9f8d0 .functor AND 1, L_000002e81ca87e90, L_000002e81ca87f30, C4<1>, C4<1>;
L_000002e81ca9fb70 .functor OR 1, L_000002e81ca870d0, L_000002e81ca9f8d0, C4<0>, C4<0>;
L_000002e81caa0900 .functor AND 1, L_000002e81ca89510, L_000002e81ca87fd0, C4<1>, C4<1>;
L_000002e81caa0200 .functor AND 1, L_000002e81caa0900, L_000002e81ca893d0, C4<1>, C4<1>;
L_000002e81caa0190 .functor OR 1, L_000002e81ca9fb70, L_000002e81caa0200, C4<0>, C4<0>;
L_000002e81caa00b0 .functor AND 1, L_000002e81ca89470, L_000002e81ca87030, C4<1>, C4<1>;
L_000002e81ca9fa90 .functor OR 1, L_000002e81ca87350, L_000002e81caa00b0, C4<0>, C4<0>;
L_000002e81caa1230 .functor AND 1, L_000002e81ca88110, L_000002e81ca88070, C4<1>, C4<1>;
L_000002e81caa0970 .functor AND 1, L_000002e81caa1230, L_000002e81ca88250, C4<1>, C4<1>;
L_000002e81caa0f20 .functor OR 1, L_000002e81ca9fa90, L_000002e81caa0970, C4<0>, C4<0>;
L_000002e81caa0820 .functor AND 1, L_000002e81ca87170, L_000002e81ca872b0, C4<1>, C4<1>;
L_000002e81ca9fc50 .functor AND 1, L_000002e81caa0820, L_000002e81ca873f0, C4<1>, C4<1>;
L_000002e81caa1150 .functor AND 1, L_000002e81ca9fc50, L_000002e81ca8b090, C4<1>, C4<1>;
L_000002e81caa02e0 .functor OR 1, L_000002e81caa0f20, L_000002e81caa1150, C4<0>, C4<0>;
L_000002e81ca9f940 .functor AND 1, L_000002e81ca8a230, L_000002e81ca8a4b0, C4<1>, C4<1>;
L_000002e81caa0ac0 .functor OR 1, L_000002e81ca89bf0, L_000002e81ca9f940, C4<0>, C4<0>;
L_000002e81ca9ff60 .functor AND 1, L_000002e81ca8a9b0, L_000002e81ca8a0f0, C4<1>, C4<1>;
L_000002e81caa0740 .functor AND 1, L_000002e81ca9ff60, L_000002e81ca898d0, C4<1>, C4<1>;
L_000002e81caa0c10 .functor OR 1, L_000002e81caa0ac0, L_000002e81caa0740, C4<0>, C4<0>;
L_000002e81caa0c80 .functor AND 1, L_000002e81ca8b450, L_000002e81ca8aa50, C4<1>, C4<1>;
L_000002e81caa1070 .functor AND 1, L_000002e81caa0c80, L_000002e81ca8ac30, C4<1>, C4<1>;
L_000002e81caa13f0 .functor AND 1, L_000002e81caa1070, L_000002e81ca89ab0, C4<1>, C4<1>;
L_000002e81caa0350 .functor OR 1, L_000002e81caa0c10, L_000002e81caa13f0, C4<0>, C4<0>;
L_000002e81caa10e0 .functor AND 1, L_000002e81ca8ba90, L_000002e81ca89970, C4<1>, C4<1>;
L_000002e81caa12a0 .functor AND 1, L_000002e81caa10e0, L_000002e81ca8b770, C4<1>, C4<1>;
L_000002e81ca9ffd0 .functor AND 1, L_000002e81caa12a0, L_000002e81ca8a190, C4<1>, C4<1>;
L_000002e81caa0510 .functor AND 1, L_000002e81ca9ffd0, L_000002e81ca89f10, C4<1>, C4<1>;
L_000002e81caa11c0 .functor OR 1, L_000002e81caa0350, L_000002e81caa0510, C4<0>, C4<0>;
L_000002e81caa0e40 .functor AND 1, L_000002e81ca8bb30, L_000002e81ca8a2d0, C4<1>, C4<1>;
L_000002e81caa1460 .functor AND 1, L_000002e81caa0e40, L_000002e81ca8ad70, C4<1>, C4<1>;
L_000002e81caa0430 .functor AND 1, L_000002e81caa1460, L_000002e81ca8b4f0, C4<1>, C4<1>;
L_000002e81caa0580 .functor AND 1, L_000002e81ca8a550, L_000002e81ca8acd0, C4<1>, C4<1>;
L_000002e81caa05f0 .functor OR 1, L_000002e81ca8b590, L_000002e81caa0580, C4<0>, C4<0>;
L_000002e81caa07b0 .functor AND 1, L_000002e81ca8bbd0, L_000002e81ca8b630, C4<1>, C4<1>;
L_000002e81caa09e0 .functor AND 1, L_000002e81caa07b0, L_000002e81ca89b50, C4<1>, C4<1>;
L_000002e81caa0a50 .functor OR 1, L_000002e81caa05f0, L_000002e81caa09e0, C4<0>, C4<0>;
L_000002e81caa0ba0 .functor AND 1, L_000002e81ca8b9f0, L_000002e81ca8b130, C4<1>, C4<1>;
L_000002e81ca9f9b0 .functor AND 1, L_000002e81caa0ba0, L_000002e81ca89dd0, C4<1>, C4<1>;
L_000002e81ca9fb00 .functor AND 1, L_000002e81ca9f9b0, L_000002e81ca8b6d0, C4<1>, C4<1>;
L_000002e81caa0cf0 .functor OR 1, L_000002e81caa0a50, L_000002e81ca9fb00, C4<0>, C4<0>;
L_000002e81caa1930 .functor XOR 4, L_000002e81caa1380, L_000002e81ca8a370, C4<0000>, C4<0000>;
v000002e81ca07980_0 .net *"_ivl_100", 0 0, L_000002e81ca8a0f0;  1 drivers
v000002e81ca061c0_0 .net *"_ivl_101", 0 0, L_000002e81ca9ff60;  1 drivers
v000002e81ca06260_0 .net *"_ivl_104", 0 0, L_000002e81ca898d0;  1 drivers
v000002e81ca06300_0 .net *"_ivl_105", 0 0, L_000002e81caa0740;  1 drivers
v000002e81ca07840_0 .net *"_ivl_107", 0 0, L_000002e81caa0c10;  1 drivers
v000002e81ca063a0_0 .net *"_ivl_11", 0 0, L_000002e81ca89290;  1 drivers
v000002e81ca06440_0 .net *"_ivl_110", 0 0, L_000002e81ca8b450;  1 drivers
v000002e81ca06760_0 .net *"_ivl_112", 0 0, L_000002e81ca8aa50;  1 drivers
v000002e81ca06b20_0 .net *"_ivl_113", 0 0, L_000002e81caa0c80;  1 drivers
v000002e81ca064e0_0 .net *"_ivl_116", 0 0, L_000002e81ca8ac30;  1 drivers
v000002e81ca06bc0_0 .net *"_ivl_117", 0 0, L_000002e81caa1070;  1 drivers
v000002e81ca06d00_0 .net *"_ivl_120", 0 0, L_000002e81ca89ab0;  1 drivers
v000002e81ca06da0_0 .net *"_ivl_121", 0 0, L_000002e81caa13f0;  1 drivers
v000002e81ca06ee0_0 .net *"_ivl_123", 0 0, L_000002e81caa0350;  1 drivers
v000002e81ca091e0_0 .net *"_ivl_126", 0 0, L_000002e81ca8ba90;  1 drivers
v000002e81ca09c80_0 .net *"_ivl_128", 0 0, L_000002e81ca89970;  1 drivers
v000002e81ca08920_0 .net *"_ivl_129", 0 0, L_000002e81caa10e0;  1 drivers
v000002e81ca09dc0_0 .net *"_ivl_13", 0 0, L_000002e81ca87df0;  1 drivers
v000002e81ca089c0_0 .net *"_ivl_132", 0 0, L_000002e81ca8b770;  1 drivers
v000002e81ca0a0e0_0 .net *"_ivl_133", 0 0, L_000002e81caa12a0;  1 drivers
v000002e81ca07de0_0 .net *"_ivl_136", 0 0, L_000002e81ca8a190;  1 drivers
v000002e81ca082e0_0 .net *"_ivl_137", 0 0, L_000002e81ca9ffd0;  1 drivers
v000002e81ca09e60_0 .net *"_ivl_140", 0 0, L_000002e81ca89f10;  1 drivers
v000002e81ca08ba0_0 .net *"_ivl_141", 0 0, L_000002e81caa0510;  1 drivers
v000002e81ca084c0_0 .net *"_ivl_143", 0 0, L_000002e81caa11c0;  1 drivers
v000002e81ca098c0_0 .net *"_ivl_146", 0 0, L_000002e81ca8bb30;  1 drivers
v000002e81ca096e0_0 .net *"_ivl_148", 0 0, L_000002e81ca8a2d0;  1 drivers
v000002e81ca093c0_0 .net *"_ivl_149", 0 0, L_000002e81caa0e40;  1 drivers
v000002e81ca08560_0 .net *"_ivl_15", 0 0, L_000002e81ca895b0;  1 drivers
v000002e81ca09960_0 .net *"_ivl_152", 0 0, L_000002e81ca8ad70;  1 drivers
v000002e81ca08d80_0 .net *"_ivl_153", 0 0, L_000002e81caa1460;  1 drivers
v000002e81ca09b40_0 .net *"_ivl_156", 0 0, L_000002e81ca8b4f0;  1 drivers
v000002e81ca09780_0 .net *"_ivl_16", 0 0, L_000002e81caa0040;  1 drivers
v000002e81ca09f00_0 .net *"_ivl_160", 0 0, L_000002e81ca8b590;  1 drivers
v000002e81ca08e20_0 .net *"_ivl_162", 0 0, L_000002e81ca8a550;  1 drivers
v000002e81ca09d20_0 .net *"_ivl_164", 0 0, L_000002e81ca8acd0;  1 drivers
v000002e81ca09a00_0 .net *"_ivl_165", 0 0, L_000002e81caa0580;  1 drivers
v000002e81ca08ec0_0 .net *"_ivl_167", 0 0, L_000002e81caa05f0;  1 drivers
v000002e81ca08380_0 .net *"_ivl_170", 0 0, L_000002e81ca8bbd0;  1 drivers
v000002e81ca08740_0 .net *"_ivl_172", 0 0, L_000002e81ca8b630;  1 drivers
v000002e81ca087e0_0 .net *"_ivl_173", 0 0, L_000002e81caa07b0;  1 drivers
v000002e81ca08f60_0 .net *"_ivl_176", 0 0, L_000002e81ca89b50;  1 drivers
v000002e81ca090a0_0 .net *"_ivl_177", 0 0, L_000002e81caa09e0;  1 drivers
v000002e81ca07f20_0 .net *"_ivl_179", 0 0, L_000002e81caa0a50;  1 drivers
v000002e81ca09fa0_0 .net *"_ivl_18", 0 0, L_000002e81caa06d0;  1 drivers
v000002e81ca0a040_0 .net *"_ivl_182", 0 0, L_000002e81ca8b9f0;  1 drivers
v000002e81ca09280_0 .net *"_ivl_184", 0 0, L_000002e81ca8b130;  1 drivers
v000002e81ca0a180_0 .net *"_ivl_185", 0 0, L_000002e81caa0ba0;  1 drivers
v000002e81ca0a220_0 .net *"_ivl_188", 0 0, L_000002e81ca89dd0;  1 drivers
v000002e81ca08600_0 .net *"_ivl_189", 0 0, L_000002e81ca9f9b0;  1 drivers
v000002e81ca0a2c0_0 .net *"_ivl_192", 0 0, L_000002e81ca8b6d0;  1 drivers
v000002e81ca09140_0 .net *"_ivl_193", 0 0, L_000002e81ca9fb00;  1 drivers
v000002e81ca07e80_0 .net *"_ivl_198", 3 0, L_000002e81ca8a370;  1 drivers
v000002e81ca0a360_0 .net *"_ivl_23", 0 0, L_000002e81ca870d0;  1 drivers
v000002e81ca08060_0 .net *"_ivl_25", 0 0, L_000002e81ca87e90;  1 drivers
v000002e81ca086a0_0 .net *"_ivl_27", 0 0, L_000002e81ca87f30;  1 drivers
v000002e81ca09aa0_0 .net *"_ivl_28", 0 0, L_000002e81ca9f8d0;  1 drivers
v000002e81ca09be0_0 .net *"_ivl_30", 0 0, L_000002e81ca9fb70;  1 drivers
v000002e81ca0a400_0 .net *"_ivl_33", 0 0, L_000002e81ca89510;  1 drivers
v000002e81ca0a4a0_0 .net *"_ivl_35", 0 0, L_000002e81ca87fd0;  1 drivers
v000002e81ca07d40_0 .net *"_ivl_36", 0 0, L_000002e81caa0900;  1 drivers
v000002e81ca08880_0 .net *"_ivl_39", 0 0, L_000002e81ca893d0;  1 drivers
v000002e81ca07fc0_0 .net *"_ivl_40", 0 0, L_000002e81caa0200;  1 drivers
v000002e81ca08a60_0 .net *"_ivl_42", 0 0, L_000002e81caa0190;  1 drivers
v000002e81ca08100_0 .net *"_ivl_47", 0 0, L_000002e81ca87350;  1 drivers
v000002e81ca081a0_0 .net *"_ivl_49", 0 0, L_000002e81ca89470;  1 drivers
v000002e81ca08420_0 .net *"_ivl_51", 0 0, L_000002e81ca87030;  1 drivers
v000002e81ca08240_0 .net *"_ivl_52", 0 0, L_000002e81caa00b0;  1 drivers
v000002e81ca08c40_0 .net *"_ivl_54", 0 0, L_000002e81ca9fa90;  1 drivers
v000002e81ca08b00_0 .net *"_ivl_57", 0 0, L_000002e81ca88110;  1 drivers
v000002e81ca08ce0_0 .net *"_ivl_59", 0 0, L_000002e81ca88070;  1 drivers
v000002e81ca09820_0 .net *"_ivl_60", 0 0, L_000002e81caa1230;  1 drivers
v000002e81ca09460_0 .net *"_ivl_63", 0 0, L_000002e81ca88250;  1 drivers
v000002e81ca09000_0 .net *"_ivl_64", 0 0, L_000002e81caa0970;  1 drivers
v000002e81ca09320_0 .net *"_ivl_66", 0 0, L_000002e81caa0f20;  1 drivers
v000002e81ca09500_0 .net *"_ivl_69", 0 0, L_000002e81ca87170;  1 drivers
v000002e81ca095a0_0 .net *"_ivl_7", 0 0, L_000002e81caa0dd0;  1 drivers
v000002e81ca09640_0 .net *"_ivl_71", 0 0, L_000002e81ca872b0;  1 drivers
v000002e81ca0c5c0_0 .net *"_ivl_72", 0 0, L_000002e81caa0820;  1 drivers
v000002e81ca0b620_0 .net *"_ivl_75", 0 0, L_000002e81ca873f0;  1 drivers
v000002e81ca0c480_0 .net *"_ivl_76", 0 0, L_000002e81ca9fc50;  1 drivers
v000002e81ca0c0c0_0 .net *"_ivl_79", 0 0, L_000002e81ca8b090;  1 drivers
v000002e81ca0b580_0 .net *"_ivl_80", 0 0, L_000002e81caa1150;  1 drivers
v000002e81ca0ab80_0 .net *"_ivl_82", 0 0, L_000002e81caa02e0;  1 drivers
v000002e81ca0af40_0 .net *"_ivl_88", 0 0, L_000002e81ca89bf0;  1 drivers
v000002e81ca0afe0_0 .net *"_ivl_90", 0 0, L_000002e81ca8a230;  1 drivers
v000002e81ca0b760_0 .net *"_ivl_92", 0 0, L_000002e81ca8a4b0;  1 drivers
v000002e81ca0b8a0_0 .net *"_ivl_93", 0 0, L_000002e81ca9f940;  1 drivers
v000002e81ca0a720_0 .net *"_ivl_95", 0 0, L_000002e81caa0ac0;  1 drivers
v000002e81ca0b4e0_0 .net *"_ivl_98", 0 0, L_000002e81ca8a9b0;  1 drivers
v000002e81ca0b940_0 .net "a", 3 0, L_000002e81ca8aaf0;  1 drivers
v000002e81ca0b9e0_0 .net "b", 3 0, L_000002e81ca89c90;  1 drivers
v000002e81ca0bbc0_0 .net "c", 4 0, L_000002e81ca87490;  1 drivers
v000002e81ca0a9a0_0 .net "cin", 0 0, L_000002e81ca8a690;  1 drivers
v000002e81ca0c660_0 .net "cout", 0 0, L_000002e81ca89a10;  1 drivers
v000002e81ca0cb60_0 .net "g", 3 0, L_000002e81caa1000;  1 drivers
v000002e81ca0b6c0_0 .net "group_G", 0 0, L_000002e81caa0cf0;  1 drivers
v000002e81ca0ba80_0 .net "group_P", 0 0, L_000002e81caa0430;  1 drivers
v000002e81ca0a860_0 .net "p", 3 0, L_000002e81caa1380;  1 drivers
v000002e81ca0c2a0_0 .net "sum", 3 0, L_000002e81caa1930;  1 drivers
L_000002e81ca89290 .part L_000002e81caa1000, 0, 1;
L_000002e81ca87df0 .part L_000002e81caa1380, 0, 1;
L_000002e81ca895b0 .part L_000002e81ca87490, 0, 1;
L_000002e81ca870d0 .part L_000002e81caa1000, 1, 1;
L_000002e81ca87e90 .part L_000002e81caa1380, 1, 1;
L_000002e81ca87f30 .part L_000002e81caa1000, 0, 1;
L_000002e81ca89510 .part L_000002e81caa1380, 1, 1;
L_000002e81ca87fd0 .part L_000002e81caa1380, 0, 1;
L_000002e81ca893d0 .part L_000002e81ca87490, 0, 1;
L_000002e81ca87350 .part L_000002e81caa1000, 2, 1;
L_000002e81ca89470 .part L_000002e81caa1380, 2, 1;
L_000002e81ca87030 .part L_000002e81caa1000, 1, 1;
L_000002e81ca88110 .part L_000002e81caa1380, 2, 1;
L_000002e81ca88070 .part L_000002e81caa1380, 1, 1;
L_000002e81ca88250 .part L_000002e81caa1000, 0, 1;
L_000002e81ca87170 .part L_000002e81caa1380, 2, 1;
L_000002e81ca872b0 .part L_000002e81caa1380, 1, 1;
L_000002e81ca873f0 .part L_000002e81caa1380, 0, 1;
L_000002e81ca8b090 .part L_000002e81ca87490, 0, 1;
LS_000002e81ca87490_0_0 .concat8 [ 1 1 1 1], L_000002e81caa0dd0, L_000002e81caa06d0, L_000002e81caa0190, L_000002e81caa02e0;
LS_000002e81ca87490_0_4 .concat8 [ 1 0 0 0], L_000002e81caa11c0;
L_000002e81ca87490 .concat8 [ 4 1 0 0], LS_000002e81ca87490_0_0, LS_000002e81ca87490_0_4;
L_000002e81ca89bf0 .part L_000002e81caa1000, 3, 1;
L_000002e81ca8a230 .part L_000002e81caa1380, 3, 1;
L_000002e81ca8a4b0 .part L_000002e81caa1000, 2, 1;
L_000002e81ca8a9b0 .part L_000002e81caa1380, 3, 1;
L_000002e81ca8a0f0 .part L_000002e81caa1380, 2, 1;
L_000002e81ca898d0 .part L_000002e81caa1000, 1, 1;
L_000002e81ca8b450 .part L_000002e81caa1380, 3, 1;
L_000002e81ca8aa50 .part L_000002e81caa1380, 2, 1;
L_000002e81ca8ac30 .part L_000002e81caa1380, 1, 1;
L_000002e81ca89ab0 .part L_000002e81caa1000, 0, 1;
L_000002e81ca8ba90 .part L_000002e81caa1380, 3, 1;
L_000002e81ca89970 .part L_000002e81caa1380, 2, 1;
L_000002e81ca8b770 .part L_000002e81caa1380, 1, 1;
L_000002e81ca8a190 .part L_000002e81caa1380, 0, 1;
L_000002e81ca89f10 .part L_000002e81ca87490, 0, 1;
L_000002e81ca8bb30 .part L_000002e81caa1380, 3, 1;
L_000002e81ca8a2d0 .part L_000002e81caa1380, 2, 1;
L_000002e81ca8ad70 .part L_000002e81caa1380, 1, 1;
L_000002e81ca8b4f0 .part L_000002e81caa1380, 0, 1;
L_000002e81ca8b590 .part L_000002e81caa1000, 3, 1;
L_000002e81ca8a550 .part L_000002e81caa1380, 3, 1;
L_000002e81ca8acd0 .part L_000002e81caa1000, 2, 1;
L_000002e81ca8bbd0 .part L_000002e81caa1380, 3, 1;
L_000002e81ca8b630 .part L_000002e81caa1380, 2, 1;
L_000002e81ca89b50 .part L_000002e81caa1000, 1, 1;
L_000002e81ca8b9f0 .part L_000002e81caa1380, 3, 1;
L_000002e81ca8b130 .part L_000002e81caa1380, 2, 1;
L_000002e81ca89dd0 .part L_000002e81caa1380, 1, 1;
L_000002e81ca8b6d0 .part L_000002e81caa1000, 0, 1;
L_000002e81ca8a370 .part L_000002e81ca87490, 0, 4;
L_000002e81ca89a10 .part L_000002e81ca87490, 4, 1;
S_000002e81ca002b0 .scope generate, "cla4_blocks[2]" "cla4_blocks[2]" 12 32, 12 32 0, S_000002e81c9ff950;
 .timescale -9 -12;
P_000002e81c936770 .param/l "i" 0 12 32, +C4<010>;
S_000002e81c9ffae0 .scope module, "block" "cla_4bit" 12 33, 13 3 0, S_000002e81ca002b0;
 .timescale -9 -12;
    .port_info 0 /INPUT 4 "a";
    .port_info 1 /INPUT 4 "b";
    .port_info 2 /INPUT 1 "cin";
    .port_info 3 /OUTPUT 4 "sum";
    .port_info 4 /OUTPUT 1 "group_G";
    .port_info 5 /OUTPUT 1 "group_P";
    .port_info 6 /OUTPUT 1 "cout";
L_000002e81caa2960 .functor AND 4, L_000002e81ca8da70, L_000002e81ca8c530, C4<1111>, C4<1111>;
L_000002e81caa1cb0 .functor XOR 4, L_000002e81ca8da70, L_000002e81ca8c530, C4<0000>, C4<0000>;
L_000002e81caa2ab0 .functor BUFZ 1, L_000002e81ca8c5d0, C4<0>, C4<0>, C4<0>;
L_000002e81caa2c00 .functor AND 1, L_000002e81ca89790, L_000002e81ca8b3b0, C4<1>, C4<1>;
L_000002e81caa2f10 .functor OR 1, L_000002e81ca89d30, L_000002e81caa2c00, C4<0>, C4<0>;
L_000002e81caa2a40 .functor AND 1, L_000002e81ca8bd10, L_000002e81ca89e70, C4<1>, C4<1>;
L_000002e81caa3060 .functor OR 1, L_000002e81ca8b810, L_000002e81caa2a40, C4<0>, C4<0>;
L_000002e81caa1620 .functor AND 1, L_000002e81ca8b1d0, L_000002e81ca8b270, C4<1>, C4<1>;
L_000002e81caa14d0 .functor AND 1, L_000002e81caa1620, L_000002e81ca8a050, C4<1>, C4<1>;
L_000002e81caa1770 .functor OR 1, L_000002e81caa3060, L_000002e81caa14d0, C4<0>, C4<0>;
L_000002e81caa26c0 .functor AND 1, L_000002e81ca8bc70, L_000002e81ca8b8b0, C4<1>, C4<1>;
L_000002e81caa17e0 .functor OR 1, L_000002e81ca8bdb0, L_000002e81caa26c0, C4<0>, C4<0>;
L_000002e81caa2030 .functor AND 1, L_000002e81ca8a730, L_000002e81ca8a7d0, C4<1>, C4<1>;
L_000002e81caa1d20 .functor AND 1, L_000002e81caa2030, L_000002e81ca89fb0, C4<1>, C4<1>;
L_000002e81caa2b20 .functor OR 1, L_000002e81caa17e0, L_000002e81caa1d20, C4<0>, C4<0>;
L_000002e81caa1bd0 .functor AND 1, L_000002e81ca8a870, L_000002e81ca8a410, C4<1>, C4<1>;
L_000002e81caa2260 .functor AND 1, L_000002e81caa1bd0, L_000002e81ca8a910, C4<1>, C4<1>;
L_000002e81caa22d0 .functor AND 1, L_000002e81caa2260, L_000002e81ca8ae10, C4<1>, C4<1>;
L_000002e81caa2340 .functor OR 1, L_000002e81caa2b20, L_000002e81caa22d0, C4<0>, C4<0>;
L_000002e81caa23b0 .functor AND 1, L_000002e81ca8a5f0, L_000002e81ca896f0, C4<1>, C4<1>;
L_000002e81caa2b90 .functor OR 1, L_000002e81ca8ab90, L_000002e81caa23b0, C4<0>, C4<0>;
L_000002e81caa2f80 .functor AND 1, L_000002e81ca89830, L_000002e81ca8aeb0, C4<1>, C4<1>;
L_000002e81caa2c70 .functor AND 1, L_000002e81caa2f80, L_000002e81ca8af50, C4<1>, C4<1>;
L_000002e81caa2ce0 .functor OR 1, L_000002e81caa2b90, L_000002e81caa2c70, C4<0>, C4<0>;
L_000002e81caa2dc0 .functor AND 1, L_000002e81ca8aff0, L_000002e81ca8b310, C4<1>, C4<1>;
L_000002e81caa2110 .functor AND 1, L_000002e81caa2dc0, L_000002e81ca8b950, C4<1>, C4<1>;
L_000002e81caa1e70 .functor AND 1, L_000002e81caa2110, L_000002e81ca8c710, C4<1>, C4<1>;
L_000002e81caa20a0 .functor OR 1, L_000002e81caa2ce0, L_000002e81caa1e70, C4<0>, C4<0>;
L_000002e81caa21f0 .functor AND 1, L_000002e81ca8e0b0, L_000002e81ca8d1b0, C4<1>, C4<1>;
L_000002e81caa1af0 .functor AND 1, L_000002e81caa21f0, L_000002e81ca8ded0, C4<1>, C4<1>;
L_000002e81caa1540 .functor AND 1, L_000002e81caa1af0, L_000002e81ca8e010, C4<1>, C4<1>;
L_000002e81caa2e30 .functor AND 1, L_000002e81caa1540, L_000002e81ca8c850, C4<1>, C4<1>;
L_000002e81caa19a0 .functor OR 1, L_000002e81caa20a0, L_000002e81caa2e30, C4<0>, C4<0>;
L_000002e81caa2420 .functor AND 1, L_000002e81ca8d610, L_000002e81ca8e290, C4<1>, C4<1>;
L_000002e81caa2d50 .functor AND 1, L_000002e81caa2420, L_000002e81ca8cad0, C4<1>, C4<1>;
L_000002e81caa2180 .functor AND 1, L_000002e81caa2d50, L_000002e81ca8d390, C4<1>, C4<1>;
L_000002e81caa29d0 .functor AND 1, L_000002e81ca8e330, L_000002e81ca8cb70, C4<1>, C4<1>;
L_000002e81caa2490 .functor OR 1, L_000002e81ca8bf90, L_000002e81caa29d0, C4<0>, C4<0>;
L_000002e81caa1d90 .functor AND 1, L_000002e81ca8d9d0, L_000002e81ca8dcf0, C4<1>, C4<1>;
L_000002e81caa1ee0 .functor AND 1, L_000002e81caa1d90, L_000002e81ca8dd90, C4<1>, C4<1>;
L_000002e81caa2730 .functor OR 1, L_000002e81caa2490, L_000002e81caa1ee0, C4<0>, C4<0>;
L_000002e81caa2ea0 .functor AND 1, L_000002e81ca8c3f0, L_000002e81ca8e150, C4<1>, C4<1>;
L_000002e81caa2ff0 .functor AND 1, L_000002e81caa2ea0, L_000002e81ca8e1f0, C4<1>, C4<1>;
L_000002e81caa2810 .functor AND 1, L_000002e81caa2ff0, L_000002e81ca8dc50, C4<1>, C4<1>;
L_000002e81caa1e00 .functor OR 1, L_000002e81caa2730, L_000002e81caa2810, C4<0>, C4<0>;
L_000002e81caa2880 .functor XOR 4, L_000002e81caa1cb0, L_000002e81ca8e5b0, C4<0000>, C4<0000>;
v000002e81ca0c7a0_0 .net *"_ivl_100", 0 0, L_000002e81ca8aeb0;  1 drivers
v000002e81ca0acc0_0 .net *"_ivl_101", 0 0, L_000002e81caa2f80;  1 drivers
v000002e81ca0cc00_0 .net *"_ivl_104", 0 0, L_000002e81ca8af50;  1 drivers
v000002e81ca0b080_0 .net *"_ivl_105", 0 0, L_000002e81caa2c70;  1 drivers
v000002e81ca0bb20_0 .net *"_ivl_107", 0 0, L_000002e81caa2ce0;  1 drivers
v000002e81ca0c8e0_0 .net *"_ivl_11", 0 0, L_000002e81ca89d30;  1 drivers
v000002e81ca0ad60_0 .net *"_ivl_110", 0 0, L_000002e81ca8aff0;  1 drivers
v000002e81ca0b800_0 .net *"_ivl_112", 0 0, L_000002e81ca8b310;  1 drivers
v000002e81ca0c200_0 .net *"_ivl_113", 0 0, L_000002e81caa2dc0;  1 drivers
v000002e81ca0aea0_0 .net *"_ivl_116", 0 0, L_000002e81ca8b950;  1 drivers
v000002e81ca0bee0_0 .net *"_ivl_117", 0 0, L_000002e81caa2110;  1 drivers
v000002e81ca0bc60_0 .net *"_ivl_120", 0 0, L_000002e81ca8c710;  1 drivers
v000002e81ca0b120_0 .net *"_ivl_121", 0 0, L_000002e81caa1e70;  1 drivers
v000002e81ca0a540_0 .net *"_ivl_123", 0 0, L_000002e81caa20a0;  1 drivers
v000002e81ca0a7c0_0 .net *"_ivl_126", 0 0, L_000002e81ca8e0b0;  1 drivers
v000002e81ca0ae00_0 .net *"_ivl_128", 0 0, L_000002e81ca8d1b0;  1 drivers
v000002e81ca0bd00_0 .net *"_ivl_129", 0 0, L_000002e81caa21f0;  1 drivers
v000002e81ca0c340_0 .net *"_ivl_13", 0 0, L_000002e81ca89790;  1 drivers
v000002e81ca0c160_0 .net *"_ivl_132", 0 0, L_000002e81ca8ded0;  1 drivers
v000002e81ca0b260_0 .net *"_ivl_133", 0 0, L_000002e81caa1af0;  1 drivers
v000002e81ca0b1c0_0 .net *"_ivl_136", 0 0, L_000002e81ca8e010;  1 drivers
v000002e81ca0b300_0 .net *"_ivl_137", 0 0, L_000002e81caa1540;  1 drivers
v000002e81ca0bda0_0 .net *"_ivl_140", 0 0, L_000002e81ca8c850;  1 drivers
v000002e81ca0c980_0 .net *"_ivl_141", 0 0, L_000002e81caa2e30;  1 drivers
v000002e81ca0c700_0 .net *"_ivl_143", 0 0, L_000002e81caa19a0;  1 drivers
v000002e81ca0c520_0 .net *"_ivl_146", 0 0, L_000002e81ca8d610;  1 drivers
v000002e81ca0be40_0 .net *"_ivl_148", 0 0, L_000002e81ca8e290;  1 drivers
v000002e81ca0ca20_0 .net *"_ivl_149", 0 0, L_000002e81caa2420;  1 drivers
v000002e81ca0c840_0 .net *"_ivl_15", 0 0, L_000002e81ca8b3b0;  1 drivers
v000002e81ca0b3a0_0 .net *"_ivl_152", 0 0, L_000002e81ca8cad0;  1 drivers
v000002e81ca0cac0_0 .net *"_ivl_153", 0 0, L_000002e81caa2d50;  1 drivers
v000002e81ca0bf80_0 .net *"_ivl_156", 0 0, L_000002e81ca8d390;  1 drivers
v000002e81ca0a5e0_0 .net *"_ivl_16", 0 0, L_000002e81caa2c00;  1 drivers
v000002e81ca0cca0_0 .net *"_ivl_160", 0 0, L_000002e81ca8bf90;  1 drivers
v000002e81ca0a900_0 .net *"_ivl_162", 0 0, L_000002e81ca8e330;  1 drivers
v000002e81ca0b440_0 .net *"_ivl_164", 0 0, L_000002e81ca8cb70;  1 drivers
v000002e81ca0c3e0_0 .net *"_ivl_165", 0 0, L_000002e81caa29d0;  1 drivers
v000002e81ca0a680_0 .net *"_ivl_167", 0 0, L_000002e81caa2490;  1 drivers
v000002e81ca0aa40_0 .net *"_ivl_170", 0 0, L_000002e81ca8d9d0;  1 drivers
v000002e81ca0aae0_0 .net *"_ivl_172", 0 0, L_000002e81ca8dcf0;  1 drivers
v000002e81ca0ac20_0 .net *"_ivl_173", 0 0, L_000002e81caa1d90;  1 drivers
v000002e81ca0c020_0 .net *"_ivl_176", 0 0, L_000002e81ca8dd90;  1 drivers
v000002e81ca0edc0_0 .net *"_ivl_177", 0 0, L_000002e81caa1ee0;  1 drivers
v000002e81ca0d920_0 .net *"_ivl_179", 0 0, L_000002e81caa2730;  1 drivers
v000002e81ca0f0e0_0 .net *"_ivl_18", 0 0, L_000002e81caa2f10;  1 drivers
v000002e81ca0cde0_0 .net *"_ivl_182", 0 0, L_000002e81ca8c3f0;  1 drivers
v000002e81ca0d2e0_0 .net *"_ivl_184", 0 0, L_000002e81ca8e150;  1 drivers
v000002e81ca0ee60_0 .net *"_ivl_185", 0 0, L_000002e81caa2ea0;  1 drivers
v000002e81ca0dba0_0 .net *"_ivl_188", 0 0, L_000002e81ca8e1f0;  1 drivers
v000002e81ca0d4c0_0 .net *"_ivl_189", 0 0, L_000002e81caa2ff0;  1 drivers
v000002e81ca0e8c0_0 .net *"_ivl_192", 0 0, L_000002e81ca8dc50;  1 drivers
v000002e81ca0e6e0_0 .net *"_ivl_193", 0 0, L_000002e81caa2810;  1 drivers
v000002e81ca0e3c0_0 .net *"_ivl_198", 3 0, L_000002e81ca8e5b0;  1 drivers
v000002e81ca0d560_0 .net *"_ivl_23", 0 0, L_000002e81ca8b810;  1 drivers
v000002e81ca0e960_0 .net *"_ivl_25", 0 0, L_000002e81ca8bd10;  1 drivers
v000002e81ca0dd80_0 .net *"_ivl_27", 0 0, L_000002e81ca89e70;  1 drivers
v000002e81ca0eb40_0 .net *"_ivl_28", 0 0, L_000002e81caa2a40;  1 drivers
v000002e81ca0e780_0 .net *"_ivl_30", 0 0, L_000002e81caa3060;  1 drivers
v000002e81ca0ef00_0 .net *"_ivl_33", 0 0, L_000002e81ca8b1d0;  1 drivers
v000002e81ca0de20_0 .net *"_ivl_35", 0 0, L_000002e81ca8b270;  1 drivers
v000002e81ca0ec80_0 .net *"_ivl_36", 0 0, L_000002e81caa1620;  1 drivers
v000002e81ca0ea00_0 .net *"_ivl_39", 0 0, L_000002e81ca8a050;  1 drivers
v000002e81ca0dec0_0 .net *"_ivl_40", 0 0, L_000002e81caa14d0;  1 drivers
v000002e81ca0d380_0 .net *"_ivl_42", 0 0, L_000002e81caa1770;  1 drivers
v000002e81ca0d740_0 .net *"_ivl_47", 0 0, L_000002e81ca8bdb0;  1 drivers
v000002e81ca0d7e0_0 .net *"_ivl_49", 0 0, L_000002e81ca8bc70;  1 drivers
v000002e81ca0df60_0 .net *"_ivl_51", 0 0, L_000002e81ca8b8b0;  1 drivers
v000002e81ca0e0a0_0 .net *"_ivl_52", 0 0, L_000002e81caa26c0;  1 drivers
v000002e81ca0cf20_0 .net *"_ivl_54", 0 0, L_000002e81caa17e0;  1 drivers
v000002e81ca0dce0_0 .net *"_ivl_57", 0 0, L_000002e81ca8a730;  1 drivers
v000002e81ca0e140_0 .net *"_ivl_59", 0 0, L_000002e81ca8a7d0;  1 drivers
v000002e81ca0e1e0_0 .net *"_ivl_60", 0 0, L_000002e81caa2030;  1 drivers
v000002e81ca0e460_0 .net *"_ivl_63", 0 0, L_000002e81ca89fb0;  1 drivers
v000002e81ca0d1a0_0 .net *"_ivl_64", 0 0, L_000002e81caa1d20;  1 drivers
v000002e81ca0ebe0_0 .net *"_ivl_66", 0 0, L_000002e81caa2b20;  1 drivers
v000002e81ca0f040_0 .net *"_ivl_69", 0 0, L_000002e81ca8a870;  1 drivers
v000002e81ca0e280_0 .net *"_ivl_7", 0 0, L_000002e81caa2ab0;  1 drivers
v000002e81ca0e000_0 .net *"_ivl_71", 0 0, L_000002e81ca8a410;  1 drivers
v000002e81ca0e5a0_0 .net *"_ivl_72", 0 0, L_000002e81caa1bd0;  1 drivers
v000002e81ca0f180_0 .net *"_ivl_75", 0 0, L_000002e81ca8a910;  1 drivers
v000002e81ca0d600_0 .net *"_ivl_76", 0 0, L_000002e81caa2260;  1 drivers
v000002e81ca0f400_0 .net *"_ivl_79", 0 0, L_000002e81ca8ae10;  1 drivers
v000002e81ca0efa0_0 .net *"_ivl_80", 0 0, L_000002e81caa22d0;  1 drivers
v000002e81ca0f220_0 .net *"_ivl_82", 0 0, L_000002e81caa2340;  1 drivers
v000002e81ca0eaa0_0 .net *"_ivl_88", 0 0, L_000002e81ca8ab90;  1 drivers
v000002e81ca0f360_0 .net *"_ivl_90", 0 0, L_000002e81ca8a5f0;  1 drivers
v000002e81ca0d6a0_0 .net *"_ivl_92", 0 0, L_000002e81ca896f0;  1 drivers
v000002e81ca0d880_0 .net *"_ivl_93", 0 0, L_000002e81caa23b0;  1 drivers
v000002e81ca0ed20_0 .net *"_ivl_95", 0 0, L_000002e81caa2b90;  1 drivers
v000002e81ca0f2c0_0 .net *"_ivl_98", 0 0, L_000002e81ca89830;  1 drivers
v000002e81ca0e320_0 .net "a", 3 0, L_000002e81ca8da70;  1 drivers
v000002e81ca0e500_0 .net "b", 3 0, L_000002e81ca8c530;  1 drivers
v000002e81ca0f4a0_0 .net "c", 4 0, L_000002e81ca8be50;  1 drivers
v000002e81ca0d9c0_0 .net "cin", 0 0, L_000002e81ca8c5d0;  1 drivers
v000002e81ca0cfc0_0 .net "cout", 0 0, L_000002e81ca8d4d0;  1 drivers
v000002e81ca0e640_0 .net "g", 3 0, L_000002e81caa2960;  1 drivers
v000002e81ca0ce80_0 .net "group_G", 0 0, L_000002e81caa1e00;  1 drivers
v000002e81ca0da60_0 .net "group_P", 0 0, L_000002e81caa2180;  1 drivers
v000002e81ca0db00_0 .net "p", 3 0, L_000002e81caa1cb0;  1 drivers
v000002e81ca0cd40_0 .net "sum", 3 0, L_000002e81caa2880;  1 drivers
L_000002e81ca89d30 .part L_000002e81caa2960, 0, 1;
L_000002e81ca89790 .part L_000002e81caa1cb0, 0, 1;
L_000002e81ca8b3b0 .part L_000002e81ca8be50, 0, 1;
L_000002e81ca8b810 .part L_000002e81caa2960, 1, 1;
L_000002e81ca8bd10 .part L_000002e81caa1cb0, 1, 1;
L_000002e81ca89e70 .part L_000002e81caa2960, 0, 1;
L_000002e81ca8b1d0 .part L_000002e81caa1cb0, 1, 1;
L_000002e81ca8b270 .part L_000002e81caa1cb0, 0, 1;
L_000002e81ca8a050 .part L_000002e81ca8be50, 0, 1;
L_000002e81ca8bdb0 .part L_000002e81caa2960, 2, 1;
L_000002e81ca8bc70 .part L_000002e81caa1cb0, 2, 1;
L_000002e81ca8b8b0 .part L_000002e81caa2960, 1, 1;
L_000002e81ca8a730 .part L_000002e81caa1cb0, 2, 1;
L_000002e81ca8a7d0 .part L_000002e81caa1cb0, 1, 1;
L_000002e81ca89fb0 .part L_000002e81caa2960, 0, 1;
L_000002e81ca8a870 .part L_000002e81caa1cb0, 2, 1;
L_000002e81ca8a410 .part L_000002e81caa1cb0, 1, 1;
L_000002e81ca8a910 .part L_000002e81caa1cb0, 0, 1;
L_000002e81ca8ae10 .part L_000002e81ca8be50, 0, 1;
LS_000002e81ca8be50_0_0 .concat8 [ 1 1 1 1], L_000002e81caa2ab0, L_000002e81caa2f10, L_000002e81caa1770, L_000002e81caa2340;
LS_000002e81ca8be50_0_4 .concat8 [ 1 0 0 0], L_000002e81caa19a0;
L_000002e81ca8be50 .concat8 [ 4 1 0 0], LS_000002e81ca8be50_0_0, LS_000002e81ca8be50_0_4;
L_000002e81ca8ab90 .part L_000002e81caa2960, 3, 1;
L_000002e81ca8a5f0 .part L_000002e81caa1cb0, 3, 1;
L_000002e81ca896f0 .part L_000002e81caa2960, 2, 1;
L_000002e81ca89830 .part L_000002e81caa1cb0, 3, 1;
L_000002e81ca8aeb0 .part L_000002e81caa1cb0, 2, 1;
L_000002e81ca8af50 .part L_000002e81caa2960, 1, 1;
L_000002e81ca8aff0 .part L_000002e81caa1cb0, 3, 1;
L_000002e81ca8b310 .part L_000002e81caa1cb0, 2, 1;
L_000002e81ca8b950 .part L_000002e81caa1cb0, 1, 1;
L_000002e81ca8c710 .part L_000002e81caa2960, 0, 1;
L_000002e81ca8e0b0 .part L_000002e81caa1cb0, 3, 1;
L_000002e81ca8d1b0 .part L_000002e81caa1cb0, 2, 1;
L_000002e81ca8ded0 .part L_000002e81caa1cb0, 1, 1;
L_000002e81ca8e010 .part L_000002e81caa1cb0, 0, 1;
L_000002e81ca8c850 .part L_000002e81ca8be50, 0, 1;
L_000002e81ca8d610 .part L_000002e81caa1cb0, 3, 1;
L_000002e81ca8e290 .part L_000002e81caa1cb0, 2, 1;
L_000002e81ca8cad0 .part L_000002e81caa1cb0, 1, 1;
L_000002e81ca8d390 .part L_000002e81caa1cb0, 0, 1;
L_000002e81ca8bf90 .part L_000002e81caa2960, 3, 1;
L_000002e81ca8e330 .part L_000002e81caa1cb0, 3, 1;
L_000002e81ca8cb70 .part L_000002e81caa2960, 2, 1;
L_000002e81ca8d9d0 .part L_000002e81caa1cb0, 3, 1;
L_000002e81ca8dcf0 .part L_000002e81caa1cb0, 2, 1;
L_000002e81ca8dd90 .part L_000002e81caa2960, 1, 1;
L_000002e81ca8c3f0 .part L_000002e81caa1cb0, 3, 1;
L_000002e81ca8e150 .part L_000002e81caa1cb0, 2, 1;
L_000002e81ca8e1f0 .part L_000002e81caa1cb0, 1, 1;
L_000002e81ca8dc50 .part L_000002e81caa2960, 0, 1;
L_000002e81ca8e5b0 .part L_000002e81ca8be50, 0, 4;
L_000002e81ca8d4d0 .part L_000002e81ca8be50, 4, 1;
S_000002e81c9fe690 .scope generate, "cla4_blocks[3]" "cla4_blocks[3]" 12 32, 12 32 0, S_000002e81c9ff950;
 .timescale -9 -12;
P_000002e81c937670 .param/l "i" 0 12 32, +C4<011>;
S_000002e81c9feb40 .scope module, "block" "cla_4bit" 12 33, 13 3 0, S_000002e81c9fe690;
 .timescale -9 -12;
    .port_info 0 /INPUT 4 "a";
    .port_info 1 /INPUT 4 "b";
    .port_info 2 /INPUT 1 "cin";
    .port_info 3 /OUTPUT 4 "sum";
    .port_info 4 /OUTPUT 1 "group_G";
    .port_info 5 /OUTPUT 1 "group_P";
    .port_info 6 /OUTPUT 1 "cout";
L_000002e81caa1f50 .functor AND 4, L_000002e81ca903b0, L_000002e81ca8fe10, C4<1111>, C4<1111>;
L_000002e81caa15b0 .functor XOR 4, L_000002e81ca903b0, L_000002e81ca8fe10, C4<0000>, C4<0000>;
L_000002e81caa1690 .functor BUFZ 1, L_000002e81ca8f230, C4<0>, C4<0>, C4<0>;
L_000002e81caa1fc0 .functor AND 1, L_000002e81ca8de30, L_000002e81ca8d250, C4<1>, C4<1>;
L_000002e81caa1700 .functor OR 1, L_000002e81ca8cc10, L_000002e81caa1fc0, C4<0>, C4<0>;
L_000002e81caa2500 .functor AND 1, L_000002e81ca8c8f0, L_000002e81ca8df70, C4<1>, C4<1>;
L_000002e81caa1850 .functor OR 1, L_000002e81ca8ca30, L_000002e81caa2500, C4<0>, C4<0>;
L_000002e81caa18c0 .functor AND 1, L_000002e81ca8d430, L_000002e81ca8e650, C4<1>, C4<1>;
L_000002e81caa2650 .functor AND 1, L_000002e81caa18c0, L_000002e81ca8e3d0, C4<1>, C4<1>;
L_000002e81caa1a10 .functor OR 1, L_000002e81caa1850, L_000002e81caa2650, C4<0>, C4<0>;
L_000002e81caa2570 .functor AND 1, L_000002e81ca8db10, L_000002e81ca8d890, C4<1>, C4<1>;
L_000002e81caa25e0 .functor OR 1, L_000002e81ca8bef0, L_000002e81caa2570, C4<0>, C4<0>;
L_000002e81caa27a0 .functor AND 1, L_000002e81ca8c990, L_000002e81ca8d930, C4<1>, C4<1>;
L_000002e81caa1b60 .functor AND 1, L_000002e81caa27a0, L_000002e81ca8d2f0, C4<1>, C4<1>;
L_000002e81caa1c40 .functor OR 1, L_000002e81caa25e0, L_000002e81caa1b60, C4<0>, C4<0>;
L_000002e81caa28f0 .functor AND 1, L_000002e81ca8dbb0, L_000002e81ca8ccb0, C4<1>, C4<1>;
L_000002e81caa1a80 .functor AND 1, L_000002e81caa28f0, L_000002e81ca8e470, C4<1>, C4<1>;
L_000002e81caa3840 .functor AND 1, L_000002e81caa1a80, L_000002e81ca8e510, C4<1>, C4<1>;
L_000002e81caa3220 .functor OR 1, L_000002e81caa1c40, L_000002e81caa3840, C4<0>, C4<0>;
L_000002e81caa48e0 .functor AND 1, L_000002e81ca8c670, L_000002e81ca8c030, C4<1>, C4<1>;
L_000002e81caa45d0 .functor OR 1, L_000002e81ca8cd50, L_000002e81caa48e0, C4<0>, C4<0>;
L_000002e81caa4870 .functor AND 1, L_000002e81ca8c0d0, L_000002e81ca8c7b0, C4<1>, C4<1>;
L_000002e81caa43a0 .functor AND 1, L_000002e81caa4870, L_000002e81ca8c170, C4<1>, C4<1>;
L_000002e81caa4250 .functor OR 1, L_000002e81caa45d0, L_000002e81caa43a0, C4<0>, C4<0>;
L_000002e81caa4330 .functor AND 1, L_000002e81ca8c210, L_000002e81ca8d570, C4<1>, C4<1>;
L_000002e81caa4410 .functor AND 1, L_000002e81caa4330, L_000002e81ca8cdf0, C4<1>, C4<1>;
L_000002e81caa4480 .functor AND 1, L_000002e81caa4410, L_000002e81ca8c2b0, C4<1>, C4<1>;
L_000002e81caa4090 .functor OR 1, L_000002e81caa4250, L_000002e81caa4480, C4<0>, C4<0>;
L_000002e81caa3c30 .functor AND 1, L_000002e81ca8ce90, L_000002e81ca8cf30, C4<1>, C4<1>;
L_000002e81caa3ed0 .functor AND 1, L_000002e81caa3c30, L_000002e81ca8c490, C4<1>, C4<1>;
L_000002e81caa4b80 .functor AND 1, L_000002e81caa3ed0, L_000002e81ca8cfd0, C4<1>, C4<1>;
L_000002e81caa3ca0 .functor AND 1, L_000002e81caa4b80, L_000002e81ca8c350, C4<1>, C4<1>;
L_000002e81caa42c0 .functor OR 1, L_000002e81caa4090, L_000002e81caa3ca0, C4<0>, C4<0>;
L_000002e81caa3d10 .functor AND 1, L_000002e81ca8d070, L_000002e81ca8d6b0, C4<1>, C4<1>;
L_000002e81caa3bc0 .functor AND 1, L_000002e81caa3d10, L_000002e81ca8d750, C4<1>, C4<1>;
L_000002e81caa3140 .functor AND 1, L_000002e81caa3bc0, L_000002e81ca8d7f0, C4<1>, C4<1>;
L_000002e81caa3760 .functor AND 1, L_000002e81ca8fc30, L_000002e81ca90630, C4<1>, C4<1>;
L_000002e81caa37d0 .functor OR 1, L_000002e81ca8ebf0, L_000002e81caa3760, C4<0>, C4<0>;
L_000002e81caa3fb0 .functor AND 1, L_000002e81ca8f190, L_000002e81ca909f0, C4<1>, C4<1>;
L_000002e81caa4b10 .functor AND 1, L_000002e81caa3fb0, L_000002e81ca90310, C4<1>, C4<1>;
L_000002e81caa4bf0 .functor OR 1, L_000002e81caa37d0, L_000002e81caa4b10, C4<0>, C4<0>;
L_000002e81caa4c60 .functor AND 1, L_000002e81ca8fff0, L_000002e81ca8ee70, C4<1>, C4<1>;
L_000002e81caa4640 .functor AND 1, L_000002e81caa4c60, L_000002e81ca90db0, C4<1>, C4<1>;
L_000002e81caa44f0 .functor AND 1, L_000002e81caa4640, L_000002e81ca8fb90, C4<1>, C4<1>;
L_000002e81caa3610 .functor OR 1, L_000002e81caa4bf0, L_000002e81caa44f0, C4<0>, C4<0>;
L_000002e81caa31b0 .functor XOR 4, L_000002e81caa15b0, L_000002e81ca8ef10, C4<0000>, C4<0000>;
v000002e81ca0d060_0 .net *"_ivl_100", 0 0, L_000002e81ca8c7b0;  1 drivers
v000002e81ca0dc40_0 .net *"_ivl_101", 0 0, L_000002e81caa4870;  1 drivers
v000002e81ca0d100_0 .net *"_ivl_104", 0 0, L_000002e81ca8c170;  1 drivers
v000002e81ca0e820_0 .net *"_ivl_105", 0 0, L_000002e81caa43a0;  1 drivers
v000002e81ca0d240_0 .net *"_ivl_107", 0 0, L_000002e81caa4250;  1 drivers
v000002e81ca0d420_0 .net *"_ivl_11", 0 0, L_000002e81ca8cc10;  1 drivers
v000002e81ca0fe00_0 .net *"_ivl_110", 0 0, L_000002e81ca8c210;  1 drivers
v000002e81ca10260_0 .net *"_ivl_112", 0 0, L_000002e81ca8d570;  1 drivers
v000002e81ca0f860_0 .net *"_ivl_113", 0 0, L_000002e81caa4330;  1 drivers
v000002e81ca103a0_0 .net *"_ivl_116", 0 0, L_000002e81ca8cdf0;  1 drivers
v000002e81ca0ffe0_0 .net *"_ivl_117", 0 0, L_000002e81caa4410;  1 drivers
v000002e81ca10080_0 .net *"_ivl_120", 0 0, L_000002e81ca8c2b0;  1 drivers
v000002e81ca0fc20_0 .net *"_ivl_121", 0 0, L_000002e81caa4480;  1 drivers
v000002e81ca0fea0_0 .net *"_ivl_123", 0 0, L_000002e81caa4090;  1 drivers
v000002e81ca0f900_0 .net *"_ivl_126", 0 0, L_000002e81ca8ce90;  1 drivers
v000002e81ca10120_0 .net *"_ivl_128", 0 0, L_000002e81ca8cf30;  1 drivers
v000002e81ca0f540_0 .net *"_ivl_129", 0 0, L_000002e81caa3c30;  1 drivers
v000002e81ca0f9a0_0 .net *"_ivl_13", 0 0, L_000002e81ca8de30;  1 drivers
v000002e81ca0fd60_0 .net *"_ivl_132", 0 0, L_000002e81ca8c490;  1 drivers
v000002e81ca0ff40_0 .net *"_ivl_133", 0 0, L_000002e81caa3ed0;  1 drivers
v000002e81ca101c0_0 .net *"_ivl_136", 0 0, L_000002e81ca8cfd0;  1 drivers
v000002e81ca0f680_0 .net *"_ivl_137", 0 0, L_000002e81caa4b80;  1 drivers
v000002e81ca0fa40_0 .net *"_ivl_140", 0 0, L_000002e81ca8c350;  1 drivers
v000002e81ca0fae0_0 .net *"_ivl_141", 0 0, L_000002e81caa3ca0;  1 drivers
v000002e81ca0fb80_0 .net *"_ivl_143", 0 0, L_000002e81caa42c0;  1 drivers
v000002e81ca10300_0 .net *"_ivl_146", 0 0, L_000002e81ca8d070;  1 drivers
v000002e81ca0f5e0_0 .net *"_ivl_148", 0 0, L_000002e81ca8d6b0;  1 drivers
v000002e81ca0fcc0_0 .net *"_ivl_149", 0 0, L_000002e81caa3d10;  1 drivers
v000002e81ca0f720_0 .net *"_ivl_15", 0 0, L_000002e81ca8d250;  1 drivers
v000002e81ca0f7c0_0 .net *"_ivl_152", 0 0, L_000002e81ca8d750;  1 drivers
v000002e81ca1a170_0 .net *"_ivl_153", 0 0, L_000002e81caa3bc0;  1 drivers
v000002e81ca19630_0 .net *"_ivl_156", 0 0, L_000002e81ca8d7f0;  1 drivers
v000002e81ca1a7b0_0 .net *"_ivl_16", 0 0, L_000002e81caa1fc0;  1 drivers
v000002e81ca18230_0 .net *"_ivl_160", 0 0, L_000002e81ca8ebf0;  1 drivers
v000002e81ca18eb0_0 .net *"_ivl_162", 0 0, L_000002e81ca8fc30;  1 drivers
v000002e81ca18550_0 .net *"_ivl_164", 0 0, L_000002e81ca90630;  1 drivers
v000002e81ca19770_0 .net *"_ivl_165", 0 0, L_000002e81caa3760;  1 drivers
v000002e81ca1a5d0_0 .net *"_ivl_167", 0 0, L_000002e81caa37d0;  1 drivers
v000002e81ca182d0_0 .net *"_ivl_170", 0 0, L_000002e81ca8f190;  1 drivers
v000002e81ca1a670_0 .net *"_ivl_172", 0 0, L_000002e81ca909f0;  1 drivers
v000002e81ca196d0_0 .net *"_ivl_173", 0 0, L_000002e81caa3fb0;  1 drivers
v000002e81ca18190_0 .net *"_ivl_176", 0 0, L_000002e81ca90310;  1 drivers
v000002e81ca1a850_0 .net *"_ivl_177", 0 0, L_000002e81caa4b10;  1 drivers
v000002e81ca189b0_0 .net *"_ivl_179", 0 0, L_000002e81caa4bf0;  1 drivers
v000002e81ca191d0_0 .net *"_ivl_18", 0 0, L_000002e81caa1700;  1 drivers
v000002e81ca187d0_0 .net *"_ivl_182", 0 0, L_000002e81ca8fff0;  1 drivers
v000002e81ca1a530_0 .net *"_ivl_184", 0 0, L_000002e81ca8ee70;  1 drivers
v000002e81ca19db0_0 .net *"_ivl_185", 0 0, L_000002e81caa4c60;  1 drivers
v000002e81ca18870_0 .net *"_ivl_188", 0 0, L_000002e81ca90db0;  1 drivers
v000002e81ca1a8f0_0 .net *"_ivl_189", 0 0, L_000002e81caa4640;  1 drivers
v000002e81ca18370_0 .net *"_ivl_192", 0 0, L_000002e81ca8fb90;  1 drivers
v000002e81ca19810_0 .net *"_ivl_193", 0 0, L_000002e81caa44f0;  1 drivers
v000002e81ca1a0d0_0 .net *"_ivl_198", 3 0, L_000002e81ca8ef10;  1 drivers
v000002e81ca18d70_0 .net *"_ivl_23", 0 0, L_000002e81ca8ca30;  1 drivers
v000002e81ca19450_0 .net *"_ivl_25", 0 0, L_000002e81ca8c8f0;  1 drivers
v000002e81ca19d10_0 .net *"_ivl_27", 0 0, L_000002e81ca8df70;  1 drivers
v000002e81ca18410_0 .net *"_ivl_28", 0 0, L_000002e81caa2500;  1 drivers
v000002e81ca1a2b0_0 .net *"_ivl_30", 0 0, L_000002e81caa1850;  1 drivers
v000002e81ca19f90_0 .net *"_ivl_33", 0 0, L_000002e81ca8d430;  1 drivers
v000002e81ca185f0_0 .net *"_ivl_35", 0 0, L_000002e81ca8e650;  1 drivers
v000002e81ca1a710_0 .net *"_ivl_36", 0 0, L_000002e81caa18c0;  1 drivers
v000002e81ca19b30_0 .net *"_ivl_39", 0 0, L_000002e81ca8e3d0;  1 drivers
v000002e81ca1a490_0 .net *"_ivl_40", 0 0, L_000002e81caa2650;  1 drivers
v000002e81ca18690_0 .net *"_ivl_42", 0 0, L_000002e81caa1a10;  1 drivers
v000002e81ca18cd0_0 .net *"_ivl_47", 0 0, L_000002e81ca8bef0;  1 drivers
v000002e81ca19270_0 .net *"_ivl_49", 0 0, L_000002e81ca8db10;  1 drivers
v000002e81ca19130_0 .net *"_ivl_51", 0 0, L_000002e81ca8d890;  1 drivers
v000002e81ca184b0_0 .net *"_ivl_52", 0 0, L_000002e81caa2570;  1 drivers
v000002e81ca18f50_0 .net *"_ivl_54", 0 0, L_000002e81caa25e0;  1 drivers
v000002e81ca18e10_0 .net *"_ivl_57", 0 0, L_000002e81ca8c990;  1 drivers
v000002e81ca19590_0 .net *"_ivl_59", 0 0, L_000002e81ca8d930;  1 drivers
v000002e81ca18ff0_0 .net *"_ivl_60", 0 0, L_000002e81caa27a0;  1 drivers
v000002e81ca18730_0 .net *"_ivl_63", 0 0, L_000002e81ca8d2f0;  1 drivers
v000002e81ca1a210_0 .net *"_ivl_64", 0 0, L_000002e81caa1b60;  1 drivers
v000002e81ca18910_0 .net *"_ivl_66", 0 0, L_000002e81caa1c40;  1 drivers
v000002e81ca1a350_0 .net *"_ivl_69", 0 0, L_000002e81ca8dbb0;  1 drivers
v000002e81ca19bd0_0 .net *"_ivl_7", 0 0, L_000002e81caa1690;  1 drivers
v000002e81ca18a50_0 .net *"_ivl_71", 0 0, L_000002e81ca8ccb0;  1 drivers
v000002e81ca19ef0_0 .net *"_ivl_72", 0 0, L_000002e81caa28f0;  1 drivers
v000002e81ca19310_0 .net *"_ivl_75", 0 0, L_000002e81ca8e470;  1 drivers
v000002e81ca19e50_0 .net *"_ivl_76", 0 0, L_000002e81caa1a80;  1 drivers
v000002e81ca1a030_0 .net *"_ivl_79", 0 0, L_000002e81ca8e510;  1 drivers
v000002e81ca18af0_0 .net *"_ivl_80", 0 0, L_000002e81caa3840;  1 drivers
v000002e81ca1a3f0_0 .net *"_ivl_82", 0 0, L_000002e81caa3220;  1 drivers
v000002e81ca18b90_0 .net *"_ivl_88", 0 0, L_000002e81ca8cd50;  1 drivers
v000002e81ca193b0_0 .net *"_ivl_90", 0 0, L_000002e81ca8c670;  1 drivers
v000002e81ca18c30_0 .net *"_ivl_92", 0 0, L_000002e81ca8c030;  1 drivers
v000002e81ca19090_0 .net *"_ivl_93", 0 0, L_000002e81caa48e0;  1 drivers
v000002e81ca194f0_0 .net *"_ivl_95", 0 0, L_000002e81caa45d0;  1 drivers
v000002e81ca198b0_0 .net *"_ivl_98", 0 0, L_000002e81ca8c0d0;  1 drivers
v000002e81ca19950_0 .net "a", 3 0, L_000002e81ca903b0;  1 drivers
v000002e81ca199f0_0 .net "b", 3 0, L_000002e81ca8fe10;  1 drivers
v000002e81ca19a90_0 .net "c", 4 0, L_000002e81ca8d110;  1 drivers
v000002e81ca19c70_0 .net "cin", 0 0, L_000002e81ca8f230;  1 drivers
v000002e81ca1b6b0_0 .net "cout", 0 0, L_000002e81ca8e6f0;  1 drivers
v000002e81ca1bb10_0 .net "g", 3 0, L_000002e81caa1f50;  1 drivers
v000002e81ca1cd30_0 .net "group_G", 0 0, L_000002e81caa3610;  1 drivers
v000002e81ca1bf70_0 .net "group_P", 0 0, L_000002e81caa3140;  1 drivers
v000002e81ca1af30_0 .net "p", 3 0, L_000002e81caa15b0;  1 drivers
v000002e81ca1b1b0_0 .net "sum", 3 0, L_000002e81caa31b0;  1 drivers
L_000002e81ca8cc10 .part L_000002e81caa1f50, 0, 1;
L_000002e81ca8de30 .part L_000002e81caa15b0, 0, 1;
L_000002e81ca8d250 .part L_000002e81ca8d110, 0, 1;
L_000002e81ca8ca30 .part L_000002e81caa1f50, 1, 1;
L_000002e81ca8c8f0 .part L_000002e81caa15b0, 1, 1;
L_000002e81ca8df70 .part L_000002e81caa1f50, 0, 1;
L_000002e81ca8d430 .part L_000002e81caa15b0, 1, 1;
L_000002e81ca8e650 .part L_000002e81caa15b0, 0, 1;
L_000002e81ca8e3d0 .part L_000002e81ca8d110, 0, 1;
L_000002e81ca8bef0 .part L_000002e81caa1f50, 2, 1;
L_000002e81ca8db10 .part L_000002e81caa15b0, 2, 1;
L_000002e81ca8d890 .part L_000002e81caa1f50, 1, 1;
L_000002e81ca8c990 .part L_000002e81caa15b0, 2, 1;
L_000002e81ca8d930 .part L_000002e81caa15b0, 1, 1;
L_000002e81ca8d2f0 .part L_000002e81caa1f50, 0, 1;
L_000002e81ca8dbb0 .part L_000002e81caa15b0, 2, 1;
L_000002e81ca8ccb0 .part L_000002e81caa15b0, 1, 1;
L_000002e81ca8e470 .part L_000002e81caa15b0, 0, 1;
L_000002e81ca8e510 .part L_000002e81ca8d110, 0, 1;
LS_000002e81ca8d110_0_0 .concat8 [ 1 1 1 1], L_000002e81caa1690, L_000002e81caa1700, L_000002e81caa1a10, L_000002e81caa3220;
LS_000002e81ca8d110_0_4 .concat8 [ 1 0 0 0], L_000002e81caa42c0;
L_000002e81ca8d110 .concat8 [ 4 1 0 0], LS_000002e81ca8d110_0_0, LS_000002e81ca8d110_0_4;
L_000002e81ca8cd50 .part L_000002e81caa1f50, 3, 1;
L_000002e81ca8c670 .part L_000002e81caa15b0, 3, 1;
L_000002e81ca8c030 .part L_000002e81caa1f50, 2, 1;
L_000002e81ca8c0d0 .part L_000002e81caa15b0, 3, 1;
L_000002e81ca8c7b0 .part L_000002e81caa15b0, 2, 1;
L_000002e81ca8c170 .part L_000002e81caa1f50, 1, 1;
L_000002e81ca8c210 .part L_000002e81caa15b0, 3, 1;
L_000002e81ca8d570 .part L_000002e81caa15b0, 2, 1;
L_000002e81ca8cdf0 .part L_000002e81caa15b0, 1, 1;
L_000002e81ca8c2b0 .part L_000002e81caa1f50, 0, 1;
L_000002e81ca8ce90 .part L_000002e81caa15b0, 3, 1;
L_000002e81ca8cf30 .part L_000002e81caa15b0, 2, 1;
L_000002e81ca8c490 .part L_000002e81caa15b0, 1, 1;
L_000002e81ca8cfd0 .part L_000002e81caa15b0, 0, 1;
L_000002e81ca8c350 .part L_000002e81ca8d110, 0, 1;
L_000002e81ca8d070 .part L_000002e81caa15b0, 3, 1;
L_000002e81ca8d6b0 .part L_000002e81caa15b0, 2, 1;
L_000002e81ca8d750 .part L_000002e81caa15b0, 1, 1;
L_000002e81ca8d7f0 .part L_000002e81caa15b0, 0, 1;
L_000002e81ca8ebf0 .part L_000002e81caa1f50, 3, 1;
L_000002e81ca8fc30 .part L_000002e81caa15b0, 3, 1;
L_000002e81ca90630 .part L_000002e81caa1f50, 2, 1;
L_000002e81ca8f190 .part L_000002e81caa15b0, 3, 1;
L_000002e81ca909f0 .part L_000002e81caa15b0, 2, 1;
L_000002e81ca90310 .part L_000002e81caa1f50, 1, 1;
L_000002e81ca8fff0 .part L_000002e81caa15b0, 3, 1;
L_000002e81ca8ee70 .part L_000002e81caa15b0, 2, 1;
L_000002e81ca90db0 .part L_000002e81caa15b0, 1, 1;
L_000002e81ca8fb90 .part L_000002e81caa1f50, 0, 1;
L_000002e81ca8ef10 .part L_000002e81ca8d110, 0, 4;
L_000002e81ca8e6f0 .part L_000002e81ca8d110, 4, 1;
S_000002e81c9fe500 .scope module, "bitwise" "bitwise_unit" 10 65, 14 3 0, S_000002e81c9e5980;
 .timescale -9 -12;
    .port_info 0 /INPUT 32 "a";
    .port_info 1 /INPUT 32 "b";
    .port_info 2 /INPUT 3 "op";
    .port_info 3 /OUTPUT 32 "result";
P_000002e81ca00120 .param/l "OP_AND" 1 14 11, C4<000>;
P_000002e81ca00158 .param/l "OP_NAND" 1 14 16, C4<101>;
P_000002e81ca00190 .param/l "OP_NOR" 1 14 15, C4<100>;
P_000002e81ca001c8 .param/l "OP_NOT" 1 14 14, C4<011>;
P_000002e81ca00200 .param/l "OP_OR" 1 14 12, C4<001>;
P_000002e81ca00238 .param/l "OP_XNOR" 1 14 17, C4<110>;
P_000002e81ca00270 .param/l "OP_XOR" 1 14 13, C4<010>;
v000002e81ca1ec70_0 .net "a", 31 0, v000002e81ca58e80_0;  alias, 1 drivers
v000002e81ca20b10_0 .net "b", 31 0, v000002e81ca58de0_0;  alias, 1 drivers
v000002e81ca1fb70_0 .net "op", 2 0, v000002e81ca54920_0;  1 drivers
v000002e81ca21650_0 .var "result", 31 0;
E_000002e81c935b70 .event anyedge, v000002e81ca1fb70_0, v000002e81c974840_0, v000002e81c974b60_0;
S_000002e81c9ffe00 .scope module, "cmp_s" "comparator_unit" 10 94, 15 3 0, S_000002e81c9e5980;
 .timescale -9 -12;
    .port_info 0 /INPUT 32 "a";
    .port_info 1 /INPUT 32 "b";
    .port_info 2 /INPUT 1 "signed_mode";
    .port_info 3 /OUTPUT 1 "eq";
    .port_info 4 /OUTPUT 1 "lt";
    .port_info 5 /OUTPUT 1 "gt";
v000002e81ca1f990_0 .net "a", 31 0, v000002e81ca58e80_0;  alias, 1 drivers
v000002e81ca20c50_0 .net "b", 31 0, v000002e81ca58de0_0;  alias, 1 drivers
v000002e81ca20570_0 .var "eq", 0 0;
v000002e81ca21010_0 .var "gt", 0 0;
v000002e81ca20e30_0 .var "lt", 0 0;
L_000002e81cab9988 .functor BUFT 1, C4<1>, C4<0>, C4<0>, C4<0>;
v000002e81ca21fb0_0 .net "signed_mode", 0 0, L_000002e81cab9988;  1 drivers
E_000002e81c937af0 .event anyedge, v000002e81c974840_0, v000002e81c974b60_0, v000002e81ca21fb0_0;
S_000002e81c9fecd0 .scope module, "cmp_u" "comparator_unit" 10 103, 15 3 0, S_000002e81c9e5980;
 .timescale -9 -12;
    .port_info 0 /INPUT 32 "a";
    .port_info 1 /INPUT 32 "b";
    .port_info 2 /INPUT 1 "signed_mode";
    .port_info 3 /OUTPUT 1 "eq";
    .port_info 4 /OUTPUT 1 "lt";
    .port_info 5 /OUTPUT 1 "gt";
v000002e81ca20750_0 .net "a", 31 0, v000002e81ca58e80_0;  alias, 1 drivers
v000002e81ca215b0_0 .net "b", 31 0, v000002e81ca58de0_0;  alias, 1 drivers
v000002e81ca210b0_0 .var "eq", 0 0;
v000002e81ca204d0_0 .var "gt", 0 0;
v000002e81ca1fa30_0 .var "lt", 0 0;
L_000002e81cab99d0 .functor BUFT 1, C4<0>, C4<0>, C4<0>, C4<0>;
v000002e81ca20cf0_0 .net "signed_mode", 0 0, L_000002e81cab99d0;  1 drivers
E_000002e81c939130 .event anyedge, v000002e81c974840_0, v000002e81c974b60_0, v000002e81ca20cf0_0;
S_000002e81c9fe9b0 .scope module, "shifter" "barrel_shifter" 10 86, 16 3 0, S_000002e81c9e5980;
 .timescale -9 -12;
    .port_info 0 /INPUT 32 "a";
    .port_info 1 /INPUT 5 "shamt";
    .port_info 2 /INPUT 2 "shift_type";
    .port_info 3 /OUTPUT 32 "result";
    .port_info 4 /OUTPUT 1 "carry_out";
v000002e81ca206b0_0 .net "a", 31 0, v000002e81ca58e80_0;  alias, 1 drivers
v000002e81ca1fd50_0 .var "carry_out", 0 0;
v000002e81ca20f70_0 .var "result", 31 0;
v000002e81ca218d0_0 .net "shamt", 4 0, L_000002e81cb33bb0;  1 drivers
v000002e81ca20ed0_0 .net "shift_type", 1 0, v000002e81ca537a0_0;  1 drivers
E_000002e81c937a30 .event anyedge, v000002e81ca218d0_0, v000002e81c974840_0, v000002e81ca20ed0_0;
S_000002e81c9ff630 .scope module, "subtractor" "sub_32bit" 10 45, 17 3 0, S_000002e81c9e5980;
 .timescale -9 -12;
    .port_info 0 /INPUT 32 "a";
    .port_info 1 /INPUT 32 "b";
    .port_info 2 /OUTPUT 32 "diff";
    .port_info 3 /OUTPUT 1 "borrow";
    .port_info 4 /OUTPUT 1 "overflow";
L_000002e81caa6010 .functor NOT 32, v000002e81ca58de0_0, C4<00000000000000000000000000000000>, C4<00000000000000000000000000000000>, C4<00000000000000000000000000000000>;
L_000002e81cb2b650 .functor NOT 1, L_000002e81caa6860, C4<0>, C4<0>, C4<0>;
v000002e81ca53d40_0 .net "a", 31 0, v000002e81ca58e80_0;  alias, 1 drivers
v000002e81ca53f20_0 .net "b", 31 0, v000002e81ca58de0_0;  alias, 1 drivers
v000002e81ca53de0_0 .net "borrow", 0 0, L_000002e81cb2b650;  alias, 1 drivers
v000002e81ca544c0_0 .net "cout_internal", 0 0, L_000002e81caa6860;  1 drivers
v000002e81ca53480_0 .net "diff", 31 0, L_000002e81cb33610;  alias, 1 drivers
v000002e81ca52c60_0 .net "not_b", 31 0, L_000002e81caa6010;  1 drivers
v000002e81ca55280_0 .net "overflow", 0 0, L_000002e81cb2b730;  alias, 1 drivers
S_000002e81c9ffc70 .scope module, "adder_inst" "cla_32bit" 17 19, 11 3 0, S_000002e81c9ff630;
 .timescale -9 -12;
    .port_info 0 /INPUT 32 "a";
    .port_info 1 /INPUT 32 "b";
    .port_info 2 /INPUT 1 "cin";
    .port_info 3 /OUTPUT 32 "sum";
    .port_info 4 /OUTPUT 1 "cout";
    .port_info 5 /OUTPUT 1 "overflow";
L_000002e81cab9940 .functor BUFT 1, C4<1>, C4<0>, C4<0>, C4<0>;
L_000002e81caa5b40 .functor AND 1, L_000002e81ca90f90, L_000002e81cab9940, C4<1>, C4<1>;
L_000002e81caa5c20 .functor OR 1, L_000002e81ca92250, L_000002e81caa5b40, C4<0>, C4<0>;
L_000002e81caa60f0 .functor AND 1, L_000002e81ca92750, L_000002e81caa5c20, C4<1>, C4<1>;
L_000002e81caa6860 .functor OR 1, L_000002e81ca91850, L_000002e81caa60f0, C4<0>, C4<0>;
L_000002e81cb2c0d0 .functor XNOR 1, L_000002e81cb359b0, L_000002e81cb33d90, C4<0>, C4<0>;
L_000002e81cb2c990 .functor XOR 1, L_000002e81cb346f0, L_000002e81cb340b0, C4<0>, C4<0>;
L_000002e81cb2b730 .functor AND 1, L_000002e81cb2c0d0, L_000002e81cb2c990, C4<1>, C4<1>;
v000002e81ca553c0_0 .net "G_16", 1 0, L_000002e81cb34650;  1 drivers
v000002e81ca542e0_0 .net "P_16", 1 0, L_000002e81cb33e30;  1 drivers
v000002e81ca54e20_0 .net *"_ivl_1", 0 0, L_000002e81ca92250;  1 drivers
v000002e81ca53200_0 .net *"_ivl_11", 0 0, L_000002e81ca92750;  1 drivers
v000002e81ca54560_0 .net *"_ivl_12", 0 0, L_000002e81caa60f0;  1 drivers
v000002e81ca532a0_0 .net *"_ivl_3", 0 0, L_000002e81ca90f90;  1 drivers
v000002e81ca54380_0 .net *"_ivl_4", 0 0, L_000002e81caa5b40;  1 drivers
v000002e81ca546a0_0 .net *"_ivl_40", 0 0, L_000002e81cb359b0;  1 drivers
v000002e81ca54a60_0 .net *"_ivl_42", 0 0, L_000002e81cb33d90;  1 drivers
v000002e81ca54d80_0 .net *"_ivl_43", 0 0, L_000002e81cb2c0d0;  1 drivers
v000002e81ca550a0_0 .net *"_ivl_46", 0 0, L_000002e81cb346f0;  1 drivers
v000002e81ca54600_0 .net *"_ivl_48", 0 0, L_000002e81cb340b0;  1 drivers
v000002e81ca54f60_0 .net *"_ivl_49", 0 0, L_000002e81cb2c990;  1 drivers
v000002e81ca54ce0_0 .net *"_ivl_9", 0 0, L_000002e81ca91850;  1 drivers
v000002e81ca538e0_0 .net "a", 31 0, v000002e81ca58e80_0;  alias, 1 drivers
v000002e81ca54ec0_0 .net "b", 31 0, L_000002e81caa6010;  alias, 1 drivers
v000002e81ca54c40_0 .net "c16", 0 0, L_000002e81caa5c20;  1 drivers
v000002e81ca54420_0 .net "cin", 0 0, L_000002e81cab9940;  1 drivers
v000002e81ca55140_0 .net "cout", 0 0, L_000002e81caa6860;  alias, 1 drivers
v000002e81ca54740_0 .net "overflow", 0 0, L_000002e81cb2b730;  alias, 1 drivers
v000002e81ca551e0_0 .net "sum", 31 0, L_000002e81cb33610;  alias, 1 drivers
L_000002e81ca92250 .part L_000002e81cb34650, 0, 1;
L_000002e81ca90f90 .part L_000002e81cb33e30, 0, 1;
L_000002e81ca91850 .part L_000002e81cb34650, 1, 1;
L_000002e81ca92750 .part L_000002e81cb33e30, 1, 1;
L_000002e81ca9c570 .part v000002e81ca58e80_0, 0, 16;
L_000002e81ca9c610 .part L_000002e81caa6010, 0, 16;
L_000002e81ca85550 .part v000002e81ca58e80_0, 16, 16;
L_000002e81ca855f0 .part L_000002e81caa6010, 16, 16;
L_000002e81cb33610 .concat8 [ 16 16 0 0], L_000002e81ca99d70, L_000002e81ca85f50;
L_000002e81cb34650 .concat8 [ 1 1 0 0], L_000002e81cb09840, L_000002e81cb2b420;
L_000002e81cb33e30 .concat8 [ 1 1 0 0], L_000002e81ca9d290, L_000002e81ca859b0;
L_000002e81cb359b0 .part v000002e81ca58e80_0, 31, 1;
L_000002e81cb33d90 .part L_000002e81caa6010, 31, 1;
L_000002e81cb346f0 .part L_000002e81cb33610, 31, 1;
L_000002e81cb340b0 .part v000002e81ca58e80_0, 31, 1;
S_000002e81c9fff90 .scope module, "cla_lower" "cla_16bit" 11 28, 12 3 0, S_000002e81c9ffc70;
 .timescale -9 -12;
    .port_info 0 /INPUT 16 "a";
    .port_info 1 /INPUT 16 "b";
    .port_info 2 /INPUT 1 "cin";
    .port_info 3 /OUTPUT 16 "sum";
    .port_info 4 /OUTPUT 1 "group_G";
    .port_info 5 /OUTPUT 1 "group_P";
    .port_info 6 /OUTPUT 1 "cout";
    .port_info 7 /OUTPUT 1 "overflow";
L_000002e81cb07ee0 .functor BUFZ 1, L_000002e81cab9940, C4<0>, C4<0>, C4<0>;
L_000002e81cb08b20 .functor AND 1, L_000002e81ca9a590, L_000002e81ca9a270, C4<1>, C4<1>;
L_000002e81cb08b90 .functor OR 1, L_000002e81ca9ac70, L_000002e81cb08b20, C4<0>, C4<0>;
L_000002e81cb07cb0 .functor AND 1, L_000002e81ca9a6d0, L_000002e81ca9a810, C4<1>, C4<1>;
L_000002e81cb08c70 .functor OR 1, L_000002e81ca99550, L_000002e81cb07cb0, C4<0>, C4<0>;
L_000002e81cb07d20 .functor AND 1, L_000002e81ca98830, L_000002e81ca997d0, C4<1>, C4<1>;
L_000002e81cb07d90 .functor AND 1, L_000002e81cb07d20, L_000002e81ca9abd0, C4<1>, C4<1>;
L_000002e81cb075b0 .functor OR 1, L_000002e81cb08c70, L_000002e81cb07d90, C4<0>, C4<0>;
L_000002e81cb08d50 .functor AND 1, L_000002e81ca98a10, L_000002e81ca98bf0, C4<1>, C4<1>;
L_000002e81cb08dc0 .functor OR 1, L_000002e81ca98970, L_000002e81cb08d50, C4<0>, C4<0>;
L_000002e81cb08e30 .functor AND 1, L_000002e81ca98c90, L_000002e81ca98d30, C4<1>, C4<1>;
L_000002e81cb082d0 .functor AND 1, L_000002e81cb08e30, L_000002e81ca98dd0, C4<1>, C4<1>;
L_000002e81cb07f50 .functor OR 1, L_000002e81cb08dc0, L_000002e81cb082d0, C4<0>, C4<0>;
L_000002e81cb08340 .functor AND 1, L_000002e81ca98e70, L_000002e81ca98f10, C4<1>, C4<1>;
L_000002e81cb07700 .functor AND 1, L_000002e81cb08340, L_000002e81ca98fb0, C4<1>, C4<1>;
L_000002e81cb07e00 .functor AND 1, L_000002e81cb07700, L_000002e81ca995f0, C4<1>, C4<1>;
L_000002e81cb083b0 .functor OR 1, L_000002e81cb07f50, L_000002e81cb07e00, C4<0>, C4<0>;
L_000002e81cb08420 .functor AND 1, L_000002e81ca9b350, L_000002e81ca9c430, C4<1>, C4<1>;
L_000002e81cb07460 .functor OR 1, L_000002e81ca9d1f0, L_000002e81cb08420, C4<0>, C4<0>;
L_000002e81cb08490 .functor AND 1, L_000002e81ca9c930, L_000002e81ca9b3f0, C4<1>, C4<1>;
L_000002e81cb074d0 .functor AND 1, L_000002e81cb08490, L_000002e81ca9aef0, C4<1>, C4<1>;
L_000002e81cb07540 .functor OR 1, L_000002e81cb07460, L_000002e81cb074d0, C4<0>, C4<0>;
L_000002e81cb07620 .functor AND 1, L_000002e81ca9b8f0, L_000002e81ca9b530, C4<1>, C4<1>;
L_000002e81cb07690 .functor AND 1, L_000002e81cb07620, L_000002e81ca9b030, C4<1>, C4<1>;
L_000002e81cb07770 .functor AND 1, L_000002e81cb07690, L_000002e81ca9c250, C4<1>, C4<1>;
L_000002e81cb07850 .functor OR 1, L_000002e81cb07540, L_000002e81cb07770, C4<0>, C4<0>;
L_000002e81cb078c0 .functor AND 1, L_000002e81ca9c2f0, L_000002e81ca9cc50, C4<1>, C4<1>;
L_000002e81cb09680 .functor AND 1, L_000002e81cb078c0, L_000002e81ca9ccf0, C4<1>, C4<1>;
L_000002e81cb09300 .functor AND 1, L_000002e81cb09680, L_000002e81ca9c390, C4<1>, C4<1>;
L_000002e81cb096f0 .functor AND 1, L_000002e81cb09300, L_000002e81ca9b850, C4<1>, C4<1>;
L_000002e81cb08f10 .functor OR 1, L_000002e81cb07850, L_000002e81cb096f0, C4<0>, C4<0>;
L_000002e81cb09bc0 .functor AND 1, L_000002e81ca9bb70, L_000002e81ca9d650, C4<1>, C4<1>;
L_000002e81cb09ae0 .functor OR 1, L_000002e81ca9c4d0, L_000002e81cb09bc0, C4<0>, C4<0>;
L_000002e81cb09370 .functor AND 1, L_000002e81ca9d510, L_000002e81ca9d150, C4<1>, C4<1>;
L_000002e81cb08ff0 .functor AND 1, L_000002e81cb09370, L_000002e81ca9ca70, C4<1>, C4<1>;
L_000002e81cb09990 .functor OR 1, L_000002e81cb09ae0, L_000002e81cb08ff0, C4<0>, C4<0>;
L_000002e81cb09ca0 .functor AND 1, L_000002e81ca9d330, L_000002e81ca9c9d0, C4<1>, C4<1>;
L_000002e81cb093e0 .functor AND 1, L_000002e81cb09ca0, L_000002e81ca9cb10, C4<1>, C4<1>;
L_000002e81cb09610 .functor AND 1, L_000002e81cb093e0, L_000002e81ca9c890, C4<1>, C4<1>;
L_000002e81cb09840 .functor OR 1, L_000002e81cb09990, L_000002e81cb09610, C4<0>, C4<0>;
L_000002e81cb09290 .functor XNOR 1, L_000002e81ca9bad0, L_000002e81ca9ced0, C4<0>, C4<0>;
L_000002e81cb09450 .functor XOR 1, L_000002e81ca9d010, L_000002e81ca9cd90, C4<0>, C4<0>;
L_000002e81cb094c0 .functor AND 1, L_000002e81cb09290, L_000002e81cb09450, C4<1>, C4<1>;
v000002e81ca2f390_0 .net *"_ivl_101", 0 0, L_000002e81cb07f50;  1 drivers
v000002e81ca300b0_0 .net *"_ivl_104", 0 0, L_000002e81ca98e70;  1 drivers
v000002e81ca30790_0 .net *"_ivl_106", 0 0, L_000002e81ca98f10;  1 drivers
v000002e81ca30290_0 .net *"_ivl_107", 0 0, L_000002e81cb08340;  1 drivers
v000002e81ca2ec10_0 .net *"_ivl_110", 0 0, L_000002e81ca98fb0;  1 drivers
v000002e81ca30470_0 .net *"_ivl_111", 0 0, L_000002e81cb07700;  1 drivers
v000002e81ca2f430_0 .net *"_ivl_114", 0 0, L_000002e81ca995f0;  1 drivers
v000002e81ca2f4d0_0 .net *"_ivl_115", 0 0, L_000002e81cb07e00;  1 drivers
v000002e81ca30650_0 .net *"_ivl_117", 0 0, L_000002e81cb083b0;  1 drivers
v000002e81ca2e990_0 .net *"_ivl_123", 0 0, L_000002e81ca9d1f0;  1 drivers
v000002e81ca2eb70_0 .net *"_ivl_125", 0 0, L_000002e81ca9b350;  1 drivers
v000002e81ca2ea30_0 .net *"_ivl_127", 0 0, L_000002e81ca9c430;  1 drivers
v000002e81ca2ecb0_0 .net *"_ivl_128", 0 0, L_000002e81cb08420;  1 drivers
v000002e81ca2ee90_0 .net *"_ivl_130", 0 0, L_000002e81cb07460;  1 drivers
v000002e81ca12fb0_0 .net *"_ivl_133", 0 0, L_000002e81ca9c930;  1 drivers
v000002e81ca111b0_0 .net *"_ivl_135", 0 0, L_000002e81ca9b3f0;  1 drivers
v000002e81ca119d0_0 .net *"_ivl_136", 0 0, L_000002e81cb08490;  1 drivers
v000002e81ca12f10_0 .net *"_ivl_139", 0 0, L_000002e81ca9aef0;  1 drivers
v000002e81ca10cb0_0 .net *"_ivl_140", 0 0, L_000002e81cb074d0;  1 drivers
v000002e81ca11250_0 .net *"_ivl_142", 0 0, L_000002e81cb07540;  1 drivers
v000002e81ca12510_0 .net *"_ivl_145", 0 0, L_000002e81ca9b8f0;  1 drivers
v000002e81ca130f0_0 .net *"_ivl_147", 0 0, L_000002e81ca9b530;  1 drivers
v000002e81ca12bf0_0 .net *"_ivl_148", 0 0, L_000002e81cb07620;  1 drivers
v000002e81ca12b50_0 .net *"_ivl_151", 0 0, L_000002e81ca9b030;  1 drivers
v000002e81ca12790_0 .net *"_ivl_152", 0 0, L_000002e81cb07690;  1 drivers
v000002e81ca112f0_0 .net *"_ivl_155", 0 0, L_000002e81ca9c250;  1 drivers
v000002e81ca12a10_0 .net *"_ivl_156", 0 0, L_000002e81cb07770;  1 drivers
v000002e81ca11750_0 .net *"_ivl_158", 0 0, L_000002e81cb07850;  1 drivers
v000002e81ca11c50_0 .net *"_ivl_161", 0 0, L_000002e81ca9c2f0;  1 drivers
v000002e81ca10a30_0 .net *"_ivl_163", 0 0, L_000002e81ca9cc50;  1 drivers
v000002e81ca10f30_0 .net *"_ivl_164", 0 0, L_000002e81cb078c0;  1 drivers
v000002e81ca12ab0_0 .net *"_ivl_167", 0 0, L_000002e81ca9ccf0;  1 drivers
v000002e81ca117f0_0 .net *"_ivl_168", 0 0, L_000002e81cb09680;  1 drivers
v000002e81ca11110_0 .net *"_ivl_171", 0 0, L_000002e81ca9c390;  1 drivers
v000002e81ca125b0_0 .net *"_ivl_172", 0 0, L_000002e81cb09300;  1 drivers
v000002e81ca12330_0 .net *"_ivl_175", 0 0, L_000002e81ca9b850;  1 drivers
v000002e81ca12010_0 .net *"_ivl_176", 0 0, L_000002e81cb096f0;  1 drivers
v000002e81ca11390_0 .net *"_ivl_178", 0 0, L_000002e81cb08f10;  1 drivers
v000002e81ca12650_0 .net *"_ivl_183", 0 0, L_000002e81ca9c4d0;  1 drivers
v000002e81ca11a70_0 .net *"_ivl_185", 0 0, L_000002e81ca9bb70;  1 drivers
v000002e81ca12830_0 .net *"_ivl_187", 0 0, L_000002e81ca9d650;  1 drivers
v000002e81ca123d0_0 .net *"_ivl_188", 0 0, L_000002e81cb09bc0;  1 drivers
v000002e81ca12c90_0 .net *"_ivl_190", 0 0, L_000002e81cb09ae0;  1 drivers
v000002e81ca11b10_0 .net *"_ivl_193", 0 0, L_000002e81ca9d510;  1 drivers
v000002e81ca128d0_0 .net *"_ivl_195", 0 0, L_000002e81ca9d150;  1 drivers
v000002e81ca126f0_0 .net *"_ivl_196", 0 0, L_000002e81cb09370;  1 drivers
v000002e81ca11bb0_0 .net *"_ivl_199", 0 0, L_000002e81ca9ca70;  1 drivers
v000002e81ca10fd0_0 .net *"_ivl_200", 0 0, L_000002e81cb08ff0;  1 drivers
v000002e81ca11430_0 .net *"_ivl_202", 0 0, L_000002e81cb09990;  1 drivers
v000002e81ca114d0_0 .net *"_ivl_205", 0 0, L_000002e81ca9d330;  1 drivers
v000002e81ca11cf0_0 .net *"_ivl_207", 0 0, L_000002e81ca9c9d0;  1 drivers
v000002e81ca11d90_0 .net *"_ivl_208", 0 0, L_000002e81cb09ca0;  1 drivers
v000002e81ca10b70_0 .net *"_ivl_211", 0 0, L_000002e81ca9cb10;  1 drivers
v000002e81ca11930_0 .net *"_ivl_212", 0 0, L_000002e81cb093e0;  1 drivers
v000002e81ca11e30_0 .net *"_ivl_215", 0 0, L_000002e81ca9c890;  1 drivers
v000002e81ca11ed0_0 .net *"_ivl_216", 0 0, L_000002e81cb09610;  1 drivers
v000002e81ca12970_0 .net *"_ivl_223", 0 0, L_000002e81ca9bad0;  1 drivers
v000002e81ca10e90_0 .net *"_ivl_225", 0 0, L_000002e81ca9ced0;  1 drivers
v000002e81ca12d30_0 .net *"_ivl_226", 0 0, L_000002e81cb09290;  1 drivers
v000002e81ca10ad0_0 .net *"_ivl_229", 0 0, L_000002e81ca9d010;  1 drivers
v000002e81ca12e70_0 .net *"_ivl_231", 0 0, L_000002e81ca9cd90;  1 drivers
v000002e81ca13050_0 .net *"_ivl_232", 0 0, L_000002e81cb09450;  1 drivers
v000002e81ca12dd0_0 .net *"_ivl_42", 0 0, L_000002e81cb07ee0;  1 drivers
v000002e81ca10990_0 .net *"_ivl_46", 0 0, L_000002e81ca9ac70;  1 drivers
v000002e81ca11f70_0 .net *"_ivl_48", 0 0, L_000002e81ca9a590;  1 drivers
v000002e81ca120b0_0 .net *"_ivl_50", 0 0, L_000002e81ca9a270;  1 drivers
v000002e81ca121f0_0 .net *"_ivl_51", 0 0, L_000002e81cb08b20;  1 drivers
v000002e81ca10c10_0 .net *"_ivl_53", 0 0, L_000002e81cb08b90;  1 drivers
v000002e81ca11570_0 .net *"_ivl_58", 0 0, L_000002e81ca99550;  1 drivers
v000002e81ca10d50_0 .net *"_ivl_60", 0 0, L_000002e81ca9a6d0;  1 drivers
v000002e81ca10df0_0 .net *"_ivl_62", 0 0, L_000002e81ca9a810;  1 drivers
v000002e81ca11070_0 .net *"_ivl_63", 0 0, L_000002e81cb07cb0;  1 drivers
v000002e81ca11610_0 .net *"_ivl_65", 0 0, L_000002e81cb08c70;  1 drivers
v000002e81ca116b0_0 .net *"_ivl_68", 0 0, L_000002e81ca98830;  1 drivers
v000002e81ca11890_0 .net *"_ivl_70", 0 0, L_000002e81ca997d0;  1 drivers
v000002e81ca12150_0 .net *"_ivl_71", 0 0, L_000002e81cb07d20;  1 drivers
v000002e81ca12290_0 .net *"_ivl_74", 0 0, L_000002e81ca9abd0;  1 drivers
v000002e81ca12470_0 .net *"_ivl_75", 0 0, L_000002e81cb07d90;  1 drivers
v000002e81ca14630_0 .net *"_ivl_77", 0 0, L_000002e81cb075b0;  1 drivers
v000002e81ca14450_0 .net *"_ivl_82", 0 0, L_000002e81ca98970;  1 drivers
v000002e81ca15530_0 .net *"_ivl_84", 0 0, L_000002e81ca98a10;  1 drivers
v000002e81ca13910_0 .net *"_ivl_86", 0 0, L_000002e81ca98bf0;  1 drivers
v000002e81ca14310_0 .net *"_ivl_87", 0 0, L_000002e81cb08d50;  1 drivers
v000002e81ca14e50_0 .net *"_ivl_89", 0 0, L_000002e81cb08dc0;  1 drivers
v000002e81ca139b0_0 .net *"_ivl_92", 0 0, L_000002e81ca98c90;  1 drivers
v000002e81ca13190_0 .net *"_ivl_94", 0 0, L_000002e81ca98d30;  1 drivers
v000002e81ca14270_0 .net *"_ivl_95", 0 0, L_000002e81cb08e30;  1 drivers
v000002e81ca13550_0 .net *"_ivl_98", 0 0, L_000002e81ca98dd0;  1 drivers
v000002e81ca15350_0 .net *"_ivl_99", 0 0, L_000002e81cb082d0;  1 drivers
v000002e81ca157b0_0 .net "a", 15 0, L_000002e81ca9c570;  1 drivers
v000002e81ca15710_0 .net "b", 15 0, L_000002e81ca9c610;  1 drivers
v000002e81ca15170_0 .net "c", 4 0, L_000002e81ca9cbb0;  1 drivers
v000002e81ca146d0_0 .net "cin", 0 0, L_000002e81cab9940;  alias, 1 drivers
v000002e81ca14ef0_0 .net "cout", 0 0, L_000002e81ca9b490;  1 drivers
v000002e81ca152b0_0 .net "gg", 3 0, L_000002e81ca98ab0;  1 drivers
v000002e81ca14b30_0 .net "gp", 3 0, L_000002e81ca99f50;  1 drivers
v000002e81ca143b0_0 .net "group_G", 0 0, L_000002e81cb09840;  1 drivers
v000002e81ca135f0_0 .net "group_P", 0 0, L_000002e81ca9d290;  1 drivers
v000002e81ca13e10_0 .net "overflow", 0 0, L_000002e81cb094c0;  1 drivers
v000002e81ca153f0_0 .net "sum", 15 0, L_000002e81ca99d70;  1 drivers
L_000002e81ca93fb0 .part L_000002e81ca9c570, 0, 4;
L_000002e81ca951d0 .part L_000002e81ca9c610, 0, 4;
L_000002e81ca93d30 .part L_000002e81ca9cbb0, 0, 1;
L_000002e81ca945f0 .part L_000002e81ca9c570, 4, 4;
L_000002e81ca94730 .part L_000002e81ca9c610, 4, 4;
L_000002e81ca94eb0 .part L_000002e81ca9cbb0, 1, 1;
L_000002e81ca96b70 .part L_000002e81ca9c570, 8, 4;
L_000002e81ca981f0 .part L_000002e81ca9c610, 8, 4;
L_000002e81ca97b10 .part L_000002e81ca9cbb0, 2, 1;
L_000002e81ca99050 .part L_000002e81ca9c570, 12, 4;
L_000002e81ca990f0 .part L_000002e81ca9c610, 12, 4;
L_000002e81ca994b0 .part L_000002e81ca9cbb0, 3, 1;
L_000002e81ca99d70 .concat8 [ 4 4 4 4], L_000002e81caa5670, L_000002e81cb06740, L_000002e81cb06510, L_000002e81cb07930;
L_000002e81ca98ab0 .concat8 [ 1 1 1 1], L_000002e81caa5440, L_000002e81cb06cf0, L_000002e81cb05710, L_000002e81cb07c40;
L_000002e81ca99f50 .concat8 [ 1 1 1 1], L_000002e81caa4db0, L_000002e81caa68d0, L_000002e81cb05d30, L_000002e81cb089d0;
L_000002e81ca9ac70 .part L_000002e81ca98ab0, 0, 1;
L_000002e81ca9a590 .part L_000002e81ca99f50, 0, 1;
L_000002e81ca9a270 .part L_000002e81ca9cbb0, 0, 1;
L_000002e81ca99550 .part L_000002e81ca98ab0, 1, 1;
L_000002e81ca9a6d0 .part L_000002e81ca99f50, 1, 1;
L_000002e81ca9a810 .part L_000002e81ca98ab0, 0, 1;
L_000002e81ca98830 .part L_000002e81ca99f50, 1, 1;
L_000002e81ca997d0 .part L_000002e81ca99f50, 0, 1;
L_000002e81ca9abd0 .part L_000002e81ca9cbb0, 0, 1;
L_000002e81ca98970 .part L_000002e81ca98ab0, 2, 1;
L_000002e81ca98a10 .part L_000002e81ca99f50, 2, 1;
L_000002e81ca98bf0 .part L_000002e81ca98ab0, 1, 1;
L_000002e81ca98c90 .part L_000002e81ca99f50, 2, 1;
L_000002e81ca98d30 .part L_000002e81ca99f50, 1, 1;
L_000002e81ca98dd0 .part L_000002e81ca98ab0, 0, 1;
L_000002e81ca98e70 .part L_000002e81ca99f50, 2, 1;
L_000002e81ca98f10 .part L_000002e81ca99f50, 1, 1;
L_000002e81ca98fb0 .part L_000002e81ca99f50, 0, 1;
L_000002e81ca995f0 .part L_000002e81ca9cbb0, 0, 1;
LS_000002e81ca9cbb0_0_0 .concat8 [ 1 1 1 1], L_000002e81cb07ee0, L_000002e81cb08b90, L_000002e81cb075b0, L_000002e81cb083b0;
LS_000002e81ca9cbb0_0_4 .concat8 [ 1 0 0 0], L_000002e81cb08f10;
L_000002e81ca9cbb0 .concat8 [ 4 1 0 0], LS_000002e81ca9cbb0_0_0, LS_000002e81ca9cbb0_0_4;
L_000002e81ca9d1f0 .part L_000002e81ca98ab0, 3, 1;
L_000002e81ca9b350 .part L_000002e81ca99f50, 3, 1;
L_000002e81ca9c430 .part L_000002e81ca98ab0, 2, 1;
L_000002e81ca9c930 .part L_000002e81ca99f50, 3, 1;
L_000002e81ca9b3f0 .part L_000002e81ca99f50, 2, 1;
L_000002e81ca9aef0 .part L_000002e81ca98ab0, 1, 1;
L_000002e81ca9b8f0 .part L_000002e81ca99f50, 3, 1;
L_000002e81ca9b530 .part L_000002e81ca99f50, 2, 1;
L_000002e81ca9b030 .part L_000002e81ca99f50, 1, 1;
L_000002e81ca9c250 .part L_000002e81ca98ab0, 0, 1;
L_000002e81ca9c2f0 .part L_000002e81ca99f50, 3, 1;
L_000002e81ca9cc50 .part L_000002e81ca99f50, 2, 1;
L_000002e81ca9ccf0 .part L_000002e81ca99f50, 1, 1;
L_000002e81ca9c390 .part L_000002e81ca99f50, 0, 1;
L_000002e81ca9b850 .part L_000002e81ca9cbb0, 0, 1;
L_000002e81ca9d290 .reduce/and L_000002e81ca99f50;
L_000002e81ca9c4d0 .part L_000002e81ca98ab0, 3, 1;
L_000002e81ca9bb70 .part L_000002e81ca99f50, 3, 1;
L_000002e81ca9d650 .part L_000002e81ca98ab0, 2, 1;
L_000002e81ca9d510 .part L_000002e81ca99f50, 3, 1;
L_000002e81ca9d150 .part L_000002e81ca99f50, 2, 1;
L_000002e81ca9ca70 .part L_000002e81ca98ab0, 1, 1;
L_000002e81ca9d330 .part L_000002e81ca99f50, 3, 1;
L_000002e81ca9c9d0 .part L_000002e81ca99f50, 2, 1;
L_000002e81ca9cb10 .part L_000002e81ca99f50, 1, 1;
L_000002e81ca9c890 .part L_000002e81ca98ab0, 0, 1;
L_000002e81ca9b490 .part L_000002e81ca9cbb0, 4, 1;
L_000002e81ca9bad0 .part L_000002e81ca9c570, 15, 1;
L_000002e81ca9ced0 .part L_000002e81ca9c610, 15, 1;
L_000002e81ca9d010 .part L_000002e81ca99d70, 15, 1;
L_000002e81ca9cd90 .part L_000002e81ca9c570, 15, 1;
S_000002e81c9fe820 .scope generate, "cla4_blocks[0]" "cla4_blocks[0]" 12 32, 12 32 0, S_000002e81c9fff90;
 .timescale -9 -12;
P_000002e81c938ef0 .param/l "i" 0 12 32, +C4<00>;
S_000002e81ca33120 .scope module, "block" "cla_4bit" 12 33, 13 3 0, S_000002e81c9fe820;
 .timescale -9 -12;
    .port_info 0 /INPUT 4 "a";
    .port_info 1 /INPUT 4 "b";
    .port_info 2 /INPUT 1 "cin";
    .port_info 3 /OUTPUT 4 "sum";
    .port_info 4 /OUTPUT 1 "group_G";
    .port_info 5 /OUTPUT 1 "group_P";
    .port_info 6 /OUTPUT 1 "cout";
L_000002e81caa6470 .functor AND 4, L_000002e81ca93fb0, L_000002e81ca951d0, C4<1111>, C4<1111>;
L_000002e81caa6780 .functor XOR 4, L_000002e81ca93fb0, L_000002e81ca951d0, C4<0000>, C4<0000>;
L_000002e81caa5210 .functor BUFZ 1, L_000002e81ca93d30, C4<0>, C4<0>, C4<0>;
L_000002e81caa5fa0 .functor AND 1, L_000002e81ca92390, L_000002e81ca92890, C4<1>, C4<1>;
L_000002e81caa5280 .functor OR 1, L_000002e81ca91030, L_000002e81caa5fa0, C4<0>, C4<0>;
L_000002e81caa64e0 .functor AND 1, L_000002e81ca92b10, L_000002e81ca92610, C4<1>, C4<1>;
L_000002e81caa6710 .functor OR 1, L_000002e81ca91cb0, L_000002e81caa64e0, C4<0>, C4<0>;
L_000002e81caa5f30 .functor AND 1, L_000002e81ca92430, L_000002e81ca93010, C4<1>, C4<1>;
L_000002e81caa6400 .functor AND 1, L_000002e81caa5f30, L_000002e81ca93290, C4<1>, C4<1>;
L_000002e81caa5d00 .functor OR 1, L_000002e81caa6710, L_000002e81caa6400, C4<0>, C4<0>;
L_000002e81caa5ad0 .functor AND 1, L_000002e81ca91ad0, L_000002e81ca924d0, C4<1>, C4<1>;
L_000002e81caa4e20 .functor OR 1, L_000002e81ca91990, L_000002e81caa5ad0, C4<0>, C4<0>;
L_000002e81caa58a0 .functor AND 1, L_000002e81ca918f0, L_000002e81ca91df0, C4<1>, C4<1>;
L_000002e81caa67f0 .functor AND 1, L_000002e81caa58a0, L_000002e81ca93150, C4<1>, C4<1>;
L_000002e81caa6550 .functor OR 1, L_000002e81caa4e20, L_000002e81caa67f0, C4<0>, C4<0>;
L_000002e81caa5600 .functor AND 1, L_000002e81ca93510, L_000002e81ca910d0, C4<1>, C4<1>;
L_000002e81caa51a0 .functor AND 1, L_000002e81caa5600, L_000002e81ca91170, C4<1>, C4<1>;
L_000002e81caa5bb0 .functor AND 1, L_000002e81caa51a0, L_000002e81ca933d0, C4<1>, C4<1>;
L_000002e81caa4cd0 .functor OR 1, L_000002e81caa6550, L_000002e81caa5bb0, C4<0>, C4<0>;
L_000002e81caa65c0 .functor AND 1, L_000002e81ca92c50, L_000002e81ca93650, C4<1>, C4<1>;
L_000002e81caa6240 .functor OR 1, L_000002e81ca93330, L_000002e81caa65c0, C4<0>, C4<0>;
L_000002e81caa5d70 .functor AND 1, L_000002e81ca92f70, L_000002e81ca91e90, C4<1>, C4<1>;
L_000002e81caa6160 .functor AND 1, L_000002e81caa5d70, L_000002e81ca92110, C4<1>, C4<1>;
L_000002e81caa52f0 .functor OR 1, L_000002e81caa6240, L_000002e81caa6160, C4<0>, C4<0>;
L_000002e81caa5830 .functor AND 1, L_000002e81ca92a70, L_000002e81ca927f0, C4<1>, C4<1>;
L_000002e81caa6080 .functor AND 1, L_000002e81caa5830, L_000002e81ca93470, C4<1>, C4<1>;
L_000002e81caa54b0 .functor AND 1, L_000002e81caa6080, L_000002e81ca922f0, C4<1>, C4<1>;
L_000002e81caa6630 .functor OR 1, L_000002e81caa52f0, L_000002e81caa54b0, C4<0>, C4<0>;
L_000002e81caa5130 .functor AND 1, L_000002e81ca91210, L_000002e81ca915d0, C4<1>, C4<1>;
L_000002e81caa5360 .functor AND 1, L_000002e81caa5130, L_000002e81ca91670, C4<1>, C4<1>;
L_000002e81caa66a0 .functor AND 1, L_000002e81caa5360, L_000002e81ca92cf0, C4<1>, C4<1>;
L_000002e81caa5de0 .functor AND 1, L_000002e81caa66a0, L_000002e81ca90ef0, C4<1>, C4<1>;
L_000002e81caa4d40 .functor OR 1, L_000002e81caa6630, L_000002e81caa5de0, C4<0>, C4<0>;
L_000002e81caa5e50 .functor AND 1, L_000002e81ca91b70, L_000002e81ca912b0, C4<1>, C4<1>;
L_000002e81caa5910 .functor AND 1, L_000002e81caa5e50, L_000002e81ca91490, C4<1>, C4<1>;
L_000002e81caa4db0 .functor AND 1, L_000002e81caa5910, L_000002e81ca92d90, C4<1>, C4<1>;
L_000002e81caa4e90 .functor AND 1, L_000002e81ca913f0, L_000002e81ca92e30, C4<1>, C4<1>;
L_000002e81caa4f00 .functor OR 1, L_000002e81ca91350, L_000002e81caa4e90, C4<0>, C4<0>;
L_000002e81caa4f70 .functor AND 1, L_000002e81ca91c10, L_000002e81ca91710, C4<1>, C4<1>;
L_000002e81caa4fe0 .functor AND 1, L_000002e81caa4f70, L_000002e81ca917b0, C4<1>, C4<1>;
L_000002e81caa57c0 .functor OR 1, L_000002e81caa4f00, L_000002e81caa4fe0, C4<0>, C4<0>;
L_000002e81caa5050 .functor AND 1, L_000002e81ca92ed0, L_000002e81ca95090, C4<1>, C4<1>;
L_000002e81caa5590 .functor AND 1, L_000002e81caa5050, L_000002e81ca95130, C4<1>, C4<1>;
L_000002e81caa50c0 .functor AND 1, L_000002e81caa5590, L_000002e81ca95db0, C4<1>, C4<1>;
L_000002e81caa5440 .functor OR 1, L_000002e81caa57c0, L_000002e81caa50c0, C4<0>, C4<0>;
L_000002e81caa5670 .functor XOR 4, L_000002e81caa6780, L_000002e81ca94af0, C4<0000>, C4<0000>;
v000002e81ca20430_0 .net *"_ivl_100", 0 0, L_000002e81ca91e90;  1 drivers
v000002e81ca21790_0 .net *"_ivl_101", 0 0, L_000002e81caa5d70;  1 drivers
v000002e81ca21290_0 .net *"_ivl_104", 0 0, L_000002e81ca92110;  1 drivers
v000002e81ca21510_0 .net *"_ivl_105", 0 0, L_000002e81caa6160;  1 drivers
v000002e81ca20d90_0 .net *"_ivl_107", 0 0, L_000002e81caa52f0;  1 drivers
v000002e81ca1ff30_0 .net *"_ivl_11", 0 0, L_000002e81ca91030;  1 drivers
v000002e81ca1fe90_0 .net *"_ivl_110", 0 0, L_000002e81ca92a70;  1 drivers
v000002e81ca21830_0 .net *"_ivl_112", 0 0, L_000002e81ca927f0;  1 drivers
v000002e81ca21970_0 .net *"_ivl_113", 0 0, L_000002e81caa5830;  1 drivers
v000002e81ca21c90_0 .net *"_ivl_116", 0 0, L_000002e81ca93470;  1 drivers
v000002e81ca1fdf0_0 .net *"_ivl_117", 0 0, L_000002e81caa6080;  1 drivers
v000002e81ca20610_0 .net *"_ivl_120", 0 0, L_000002e81ca922f0;  1 drivers
v000002e81ca209d0_0 .net *"_ivl_121", 0 0, L_000002e81caa54b0;  1 drivers
v000002e81ca20930_0 .net *"_ivl_123", 0 0, L_000002e81caa6630;  1 drivers
v000002e81ca21d30_0 .net *"_ivl_126", 0 0, L_000002e81ca91210;  1 drivers
v000002e81ca207f0_0 .net *"_ivl_128", 0 0, L_000002e81ca915d0;  1 drivers
v000002e81ca20890_0 .net *"_ivl_129", 0 0, L_000002e81caa5130;  1 drivers
v000002e81ca21a10_0 .net *"_ivl_13", 0 0, L_000002e81ca92390;  1 drivers
v000002e81ca20a70_0 .net *"_ivl_132", 0 0, L_000002e81ca91670;  1 drivers
v000002e81ca21ab0_0 .net *"_ivl_133", 0 0, L_000002e81caa5360;  1 drivers
v000002e81ca216f0_0 .net *"_ivl_136", 0 0, L_000002e81ca92cf0;  1 drivers
v000002e81ca20bb0_0 .net *"_ivl_137", 0 0, L_000002e81caa66a0;  1 drivers
v000002e81ca1ffd0_0 .net *"_ivl_140", 0 0, L_000002e81ca90ef0;  1 drivers
v000002e81ca20390_0 .net *"_ivl_141", 0 0, L_000002e81caa5de0;  1 drivers
v000002e81ca21150_0 .net *"_ivl_143", 0 0, L_000002e81caa4d40;  1 drivers
v000002e81ca211f0_0 .net *"_ivl_146", 0 0, L_000002e81ca91b70;  1 drivers
v000002e81ca21330_0 .net *"_ivl_148", 0 0, L_000002e81ca912b0;  1 drivers
v000002e81ca1fc10_0 .net *"_ivl_149", 0 0, L_000002e81caa5e50;  1 drivers
v000002e81ca213d0_0 .net *"_ivl_15", 0 0, L_000002e81ca92890;  1 drivers
v000002e81ca21470_0 .net *"_ivl_152", 0 0, L_000002e81ca91490;  1 drivers
v000002e81ca21b50_0 .net *"_ivl_153", 0 0, L_000002e81caa5910;  1 drivers
v000002e81ca21bf0_0 .net *"_ivl_156", 0 0, L_000002e81ca92d90;  1 drivers
v000002e81ca20070_0 .net *"_ivl_16", 0 0, L_000002e81caa5fa0;  1 drivers
v000002e81ca21dd0_0 .net *"_ivl_160", 0 0, L_000002e81ca91350;  1 drivers
v000002e81ca21e70_0 .net *"_ivl_162", 0 0, L_000002e81ca913f0;  1 drivers
v000002e81ca21f10_0 .net *"_ivl_164", 0 0, L_000002e81ca92e30;  1 drivers
v000002e81ca22050_0 .net *"_ivl_165", 0 0, L_000002e81caa4e90;  1 drivers
v000002e81ca220f0_0 .net *"_ivl_167", 0 0, L_000002e81caa4f00;  1 drivers
v000002e81ca1fad0_0 .net *"_ivl_170", 0 0, L_000002e81ca91c10;  1 drivers
v000002e81ca201b0_0 .net *"_ivl_172", 0 0, L_000002e81ca91710;  1 drivers
v000002e81ca1fcb0_0 .net *"_ivl_173", 0 0, L_000002e81caa4f70;  1 drivers
v000002e81ca20110_0 .net *"_ivl_176", 0 0, L_000002e81ca917b0;  1 drivers
v000002e81ca20250_0 .net *"_ivl_177", 0 0, L_000002e81caa4fe0;  1 drivers
v000002e81ca202f0_0 .net *"_ivl_179", 0 0, L_000002e81caa57c0;  1 drivers
v000002e81ca247b0_0 .net *"_ivl_18", 0 0, L_000002e81caa5280;  1 drivers
v000002e81ca22910_0 .net *"_ivl_182", 0 0, L_000002e81ca92ed0;  1 drivers
v000002e81ca229b0_0 .net *"_ivl_184", 0 0, L_000002e81ca95090;  1 drivers
v000002e81ca23d10_0 .net *"_ivl_185", 0 0, L_000002e81caa5050;  1 drivers
v000002e81ca24030_0 .net *"_ivl_188", 0 0, L_000002e81ca95130;  1 drivers
v000002e81ca23630_0 .net *"_ivl_189", 0 0, L_000002e81caa5590;  1 drivers
v000002e81ca23450_0 .net *"_ivl_192", 0 0, L_000002e81ca95db0;  1 drivers
v000002e81ca24530_0 .net *"_ivl_193", 0 0, L_000002e81caa50c0;  1 drivers
v000002e81ca22a50_0 .net *"_ivl_198", 3 0, L_000002e81ca94af0;  1 drivers
v000002e81ca23310_0 .net *"_ivl_23", 0 0, L_000002e81ca91cb0;  1 drivers
v000002e81ca23e50_0 .net *"_ivl_25", 0 0, L_000002e81ca92b10;  1 drivers
v000002e81ca23810_0 .net *"_ivl_27", 0 0, L_000002e81ca92610;  1 drivers
v000002e81ca22af0_0 .net *"_ivl_28", 0 0, L_000002e81caa64e0;  1 drivers
v000002e81ca23db0_0 .net *"_ivl_30", 0 0, L_000002e81caa6710;  1 drivers
v000002e81ca231d0_0 .net *"_ivl_33", 0 0, L_000002e81ca92430;  1 drivers
v000002e81ca23f90_0 .net *"_ivl_35", 0 0, L_000002e81ca93010;  1 drivers
v000002e81ca23bd0_0 .net *"_ivl_36", 0 0, L_000002e81caa5f30;  1 drivers
v000002e81ca24210_0 .net *"_ivl_39", 0 0, L_000002e81ca93290;  1 drivers
v000002e81ca23270_0 .net *"_ivl_40", 0 0, L_000002e81caa6400;  1 drivers
v000002e81ca240d0_0 .net *"_ivl_42", 0 0, L_000002e81caa5d00;  1 drivers
v000002e81ca23ef0_0 .net *"_ivl_47", 0 0, L_000002e81ca91990;  1 drivers
v000002e81ca233b0_0 .net *"_ivl_49", 0 0, L_000002e81ca91ad0;  1 drivers
v000002e81ca227d0_0 .net *"_ivl_51", 0 0, L_000002e81ca924d0;  1 drivers
v000002e81ca22b90_0 .net *"_ivl_52", 0 0, L_000002e81caa5ad0;  1 drivers
v000002e81ca22c30_0 .net *"_ivl_54", 0 0, L_000002e81caa4e20;  1 drivers
v000002e81ca234f0_0 .net *"_ivl_57", 0 0, L_000002e81ca918f0;  1 drivers
v000002e81ca23590_0 .net *"_ivl_59", 0 0, L_000002e81ca91df0;  1 drivers
v000002e81ca22370_0 .net *"_ivl_60", 0 0, L_000002e81caa58a0;  1 drivers
v000002e81ca23130_0 .net *"_ivl_63", 0 0, L_000002e81ca93150;  1 drivers
v000002e81ca236d0_0 .net *"_ivl_64", 0 0, L_000002e81caa67f0;  1 drivers
v000002e81ca23770_0 .net *"_ivl_66", 0 0, L_000002e81caa6550;  1 drivers
v000002e81ca238b0_0 .net *"_ivl_69", 0 0, L_000002e81ca93510;  1 drivers
v000002e81ca225f0_0 .net *"_ivl_7", 0 0, L_000002e81caa5210;  1 drivers
v000002e81ca24170_0 .net *"_ivl_71", 0 0, L_000002e81ca910d0;  1 drivers
v000002e81ca24490_0 .net *"_ivl_72", 0 0, L_000002e81caa5600;  1 drivers
v000002e81ca23950_0 .net *"_ivl_75", 0 0, L_000002e81ca91170;  1 drivers
v000002e81ca239f0_0 .net *"_ivl_76", 0 0, L_000002e81caa51a0;  1 drivers
v000002e81ca23a90_0 .net *"_ivl_79", 0 0, L_000002e81ca933d0;  1 drivers
v000002e81ca245d0_0 .net *"_ivl_80", 0 0, L_000002e81caa5bb0;  1 drivers
v000002e81ca22cd0_0 .net *"_ivl_82", 0 0, L_000002e81caa4cd0;  1 drivers
v000002e81ca24850_0 .net *"_ivl_88", 0 0, L_000002e81ca93330;  1 drivers
v000002e81ca242b0_0 .net *"_ivl_90", 0 0, L_000002e81ca92c50;  1 drivers
v000002e81ca24350_0 .net *"_ivl_92", 0 0, L_000002e81ca93650;  1 drivers
v000002e81ca243f0_0 .net *"_ivl_93", 0 0, L_000002e81caa65c0;  1 drivers
v000002e81ca248f0_0 .net *"_ivl_95", 0 0, L_000002e81caa6240;  1 drivers
v000002e81ca22d70_0 .net *"_ivl_98", 0 0, L_000002e81ca92f70;  1 drivers
v000002e81ca22e10_0 .net "a", 3 0, L_000002e81ca93fb0;  1 drivers
v000002e81ca24670_0 .net "b", 3 0, L_000002e81ca951d0;  1 drivers
v000002e81ca24710_0 .net "c", 4 0, L_000002e81ca926b0;  1 drivers
v000002e81ca23b30_0 .net "cin", 0 0, L_000002e81ca93d30;  1 drivers
v000002e81ca23c70_0 .net "cout", 0 0, L_000002e81ca95d10;  1 drivers
v000002e81ca22190_0 .net "g", 3 0, L_000002e81caa6470;  1 drivers
v000002e81ca22230_0 .net "group_G", 0 0, L_000002e81caa5440;  1 drivers
v000002e81ca22eb0_0 .net "group_P", 0 0, L_000002e81caa4db0;  1 drivers
v000002e81ca22410_0 .net "p", 3 0, L_000002e81caa6780;  1 drivers
v000002e81ca22f50_0 .net "sum", 3 0, L_000002e81caa5670;  1 drivers
L_000002e81ca91030 .part L_000002e81caa6470, 0, 1;
L_000002e81ca92390 .part L_000002e81caa6780, 0, 1;
L_000002e81ca92890 .part L_000002e81ca926b0, 0, 1;
L_000002e81ca91cb0 .part L_000002e81caa6470, 1, 1;
L_000002e81ca92b10 .part L_000002e81caa6780, 1, 1;
L_000002e81ca92610 .part L_000002e81caa6470, 0, 1;
L_000002e81ca92430 .part L_000002e81caa6780, 1, 1;
L_000002e81ca93010 .part L_000002e81caa6780, 0, 1;
L_000002e81ca93290 .part L_000002e81ca926b0, 0, 1;
L_000002e81ca91990 .part L_000002e81caa6470, 2, 1;
L_000002e81ca91ad0 .part L_000002e81caa6780, 2, 1;
L_000002e81ca924d0 .part L_000002e81caa6470, 1, 1;
L_000002e81ca918f0 .part L_000002e81caa6780, 2, 1;
L_000002e81ca91df0 .part L_000002e81caa6780, 1, 1;
L_000002e81ca93150 .part L_000002e81caa6470, 0, 1;
L_000002e81ca93510 .part L_000002e81caa6780, 2, 1;
L_000002e81ca910d0 .part L_000002e81caa6780, 1, 1;
L_000002e81ca91170 .part L_000002e81caa6780, 0, 1;
L_000002e81ca933d0 .part L_000002e81ca926b0, 0, 1;
LS_000002e81ca926b0_0_0 .concat8 [ 1 1 1 1], L_000002e81caa5210, L_000002e81caa5280, L_000002e81caa5d00, L_000002e81caa4cd0;
LS_000002e81ca926b0_0_4 .concat8 [ 1 0 0 0], L_000002e81caa4d40;
L_000002e81ca926b0 .concat8 [ 4 1 0 0], LS_000002e81ca926b0_0_0, LS_000002e81ca926b0_0_4;
L_000002e81ca93330 .part L_000002e81caa6470, 3, 1;
L_000002e81ca92c50 .part L_000002e81caa6780, 3, 1;
L_000002e81ca93650 .part L_000002e81caa6470, 2, 1;
L_000002e81ca92f70 .part L_000002e81caa6780, 3, 1;
L_000002e81ca91e90 .part L_000002e81caa6780, 2, 1;
L_000002e81ca92110 .part L_000002e81caa6470, 1, 1;
L_000002e81ca92a70 .part L_000002e81caa6780, 3, 1;
L_000002e81ca927f0 .part L_000002e81caa6780, 2, 1;
L_000002e81ca93470 .part L_000002e81caa6780, 1, 1;
L_000002e81ca922f0 .part L_000002e81caa6470, 0, 1;
L_000002e81ca91210 .part L_000002e81caa6780, 3, 1;
L_000002e81ca915d0 .part L_000002e81caa6780, 2, 1;
L_000002e81ca91670 .part L_000002e81caa6780, 1, 1;
L_000002e81ca92cf0 .part L_000002e81caa6780, 0, 1;
L_000002e81ca90ef0 .part L_000002e81ca926b0, 0, 1;
L_000002e81ca91b70 .part L_000002e81caa6780, 3, 1;
L_000002e81ca912b0 .part L_000002e81caa6780, 2, 1;
L_000002e81ca91490 .part L_000002e81caa6780, 1, 1;
L_000002e81ca92d90 .part L_000002e81caa6780, 0, 1;
L_000002e81ca91350 .part L_000002e81caa6470, 3, 1;
L_000002e81ca913f0 .part L_000002e81caa6780, 3, 1;
L_000002e81ca92e30 .part L_000002e81caa6470, 2, 1;
L_000002e81ca91c10 .part L_000002e81caa6780, 3, 1;
L_000002e81ca91710 .part L_000002e81caa6780, 2, 1;
L_000002e81ca917b0 .part L_000002e81caa6470, 1, 1;
L_000002e81ca92ed0 .part L_000002e81caa6780, 3, 1;
L_000002e81ca95090 .part L_000002e81caa6780, 2, 1;
L_000002e81ca95130 .part L_000002e81caa6780, 1, 1;
L_000002e81ca95db0 .part L_000002e81caa6470, 0, 1;
L_000002e81ca94af0 .part L_000002e81ca926b0, 0, 4;
L_000002e81ca95d10 .part L_000002e81ca926b0, 4, 1;
S_000002e81ca31ff0 .scope generate, "cla4_blocks[1]" "cla4_blocks[1]" 12 32, 12 32 0, S_000002e81c9fff90;
 .timescale -9 -12;
P_000002e81c939870 .param/l "i" 0 12 32, +C4<01>;
S_000002e81ca31370 .scope module, "block" "cla_4bit" 12 33, 13 3 0, S_000002e81ca31ff0;
 .timescale -9 -12;
    .port_info 0 /INPUT 4 "a";
    .port_info 1 /INPUT 4 "b";
    .port_info 2 /INPUT 1 "cin";
    .port_info 3 /OUTPUT 4 "sum";
    .port_info 4 /OUTPUT 1 "group_G";
    .port_info 5 /OUTPUT 1 "group_P";
    .port_info 6 /OUTPUT 1 "cout";
L_000002e81caa56e0 .functor AND 4, L_000002e81ca945f0, L_000002e81ca94730, C4<1111>, C4<1111>;
L_000002e81caa5750 .functor XOR 4, L_000002e81ca945f0, L_000002e81ca94730, C4<0000>, C4<0000>;
L_000002e81caa73c0 .functor BUFZ 1, L_000002e81ca94eb0, C4<0>, C4<0>, C4<0>;
L_000002e81caa6cc0 .functor AND 1, L_000002e81ca954f0, L_000002e81ca94a50, C4<1>, C4<1>;
L_000002e81caa6a20 .functor OR 1, L_000002e81ca95c70, L_000002e81caa6cc0, C4<0>, C4<0>;
L_000002e81caa6ef0 .functor AND 1, L_000002e81ca94190, L_000002e81ca953b0, C4<1>, C4<1>;
L_000002e81caa6be0 .functor OR 1, L_000002e81ca93790, L_000002e81caa6ef0, C4<0>, C4<0>;
L_000002e81caa6b70 .functor AND 1, L_000002e81ca95270, L_000002e81ca93e70, C4<1>, C4<1>;
L_000002e81caa72e0 .functor AND 1, L_000002e81caa6b70, L_000002e81ca95590, C4<1>, C4<1>;
L_000002e81caa6f60 .functor OR 1, L_000002e81caa6be0, L_000002e81caa72e0, C4<0>, C4<0>;
L_000002e81caa7350 .functor AND 1, L_000002e81ca93830, L_000002e81ca94050, C4<1>, C4<1>;
L_000002e81caa6da0 .functor OR 1, L_000002e81ca94870, L_000002e81caa7350, C4<0>, C4<0>;
L_000002e81caa6c50 .functor AND 1, L_000002e81ca949b0, L_000002e81ca942d0, C4<1>, C4<1>;
L_000002e81caa6e10 .functor AND 1, L_000002e81caa6c50, L_000002e81ca95310, C4<1>, C4<1>;
L_000002e81caa6d30 .functor OR 1, L_000002e81caa6da0, L_000002e81caa6e10, C4<0>, C4<0>;
L_000002e81caa7430 .functor AND 1, L_000002e81ca93b50, L_000002e81ca94e10, C4<1>, C4<1>;
L_000002e81caa69b0 .functor AND 1, L_000002e81caa7430, L_000002e81ca94370, C4<1>, C4<1>;
L_000002e81caa6fd0 .functor AND 1, L_000002e81caa69b0, L_000002e81ca94910, C4<1>, C4<1>;
L_000002e81caa6e80 .functor OR 1, L_000002e81caa6d30, L_000002e81caa6fd0, C4<0>, C4<0>;
L_000002e81caa7120 .functor AND 1, L_000002e81ca94b90, L_000002e81ca93dd0, C4<1>, C4<1>;
L_000002e81caa7040 .functor OR 1, L_000002e81ca93c90, L_000002e81caa7120, C4<0>, C4<0>;
L_000002e81caa7190 .functor AND 1, L_000002e81ca95450, L_000002e81ca95630, C4<1>, C4<1>;
L_000002e81caa70b0 .functor AND 1, L_000002e81caa7190, L_000002e81ca956d0, C4<1>, C4<1>;
L_000002e81caa6b00 .functor OR 1, L_000002e81caa7040, L_000002e81caa70b0, C4<0>, C4<0>;
L_000002e81caa74a0 .functor AND 1, L_000002e81ca947d0, L_000002e81ca95770, C4<1>, C4<1>;
L_000002e81caa7200 .functor AND 1, L_000002e81caa74a0, L_000002e81ca95810, C4<1>, C4<1>;
L_000002e81caa7270 .functor AND 1, L_000002e81caa7200, L_000002e81ca940f0, C4<1>, C4<1>;
L_000002e81caa6940 .functor OR 1, L_000002e81caa6b00, L_000002e81caa7270, C4<0>, C4<0>;
L_000002e81caa7510 .functor AND 1, L_000002e81ca93bf0, L_000002e81ca958b0, C4<1>, C4<1>;
L_000002e81caa7580 .functor AND 1, L_000002e81caa7510, L_000002e81ca94c30, C4<1>, C4<1>;
L_000002e81caa75f0 .functor AND 1, L_000002e81caa7580, L_000002e81ca94230, C4<1>, C4<1>;
L_000002e81caa7660 .functor AND 1, L_000002e81caa75f0, L_000002e81ca938d0, C4<1>, C4<1>;
L_000002e81caa76d0 .functor OR 1, L_000002e81caa6940, L_000002e81caa7660, C4<0>, C4<0>;
L_000002e81caa7740 .functor AND 1, L_000002e81ca95950, L_000002e81ca95e50, C4<1>, C4<1>;
L_000002e81caa77b0 .functor AND 1, L_000002e81caa7740, L_000002e81ca94cd0, C4<1>, C4<1>;
L_000002e81caa68d0 .functor AND 1, L_000002e81caa77b0, L_000002e81ca936f0, C4<1>, C4<1>;
L_000002e81caa6a90 .functor AND 1, L_000002e81ca94410, L_000002e81ca95a90, C4<1>, C4<1>;
L_000002e81cb05f60 .functor OR 1, L_000002e81ca959f0, L_000002e81caa6a90, C4<0>, C4<0>;
L_000002e81cb05cc0 .functor AND 1, L_000002e81ca94690, L_000002e81ca95b30, C4<1>, C4<1>;
L_000002e81cb062e0 .functor AND 1, L_000002e81cb05cc0, L_000002e81ca93970, C4<1>, C4<1>;
L_000002e81cb06eb0 .functor OR 1, L_000002e81cb05f60, L_000002e81cb062e0, C4<0>, C4<0>;
L_000002e81cb06d60 .functor AND 1, L_000002e81ca93f10, L_000002e81ca944b0, C4<1>, C4<1>;
L_000002e81cb06e40 .functor AND 1, L_000002e81cb06d60, L_000002e81ca93a10, C4<1>, C4<1>;
L_000002e81cb05da0 .functor AND 1, L_000002e81cb06e40, L_000002e81ca94550, C4<1>, C4<1>;
L_000002e81cb06cf0 .functor OR 1, L_000002e81cb06eb0, L_000002e81cb05da0, C4<0>, C4<0>;
L_000002e81cb06740 .functor XOR 4, L_000002e81caa5750, L_000002e81ca94d70, C4<0000>, C4<0000>;
v000002e81ca22870_0 .net *"_ivl_100", 0 0, L_000002e81ca95630;  1 drivers
v000002e81ca222d0_0 .net *"_ivl_101", 0 0, L_000002e81caa7190;  1 drivers
v000002e81ca224b0_0 .net *"_ivl_104", 0 0, L_000002e81ca956d0;  1 drivers
v000002e81ca22ff0_0 .net *"_ivl_105", 0 0, L_000002e81caa70b0;  1 drivers
v000002e81ca23090_0 .net *"_ivl_107", 0 0, L_000002e81caa6b00;  1 drivers
v000002e81ca22550_0 .net *"_ivl_11", 0 0, L_000002e81ca95c70;  1 drivers
v000002e81ca22690_0 .net *"_ivl_110", 0 0, L_000002e81ca947d0;  1 drivers
v000002e81ca22730_0 .net *"_ivl_112", 0 0, L_000002e81ca95770;  1 drivers
v000002e81ca26e70_0 .net *"_ivl_113", 0 0, L_000002e81caa74a0;  1 drivers
v000002e81ca26ab0_0 .net *"_ivl_116", 0 0, L_000002e81ca95810;  1 drivers
v000002e81ca25110_0 .net *"_ivl_117", 0 0, L_000002e81caa7200;  1 drivers
v000002e81ca26b50_0 .net *"_ivl_120", 0 0, L_000002e81ca940f0;  1 drivers
v000002e81ca25d90_0 .net *"_ivl_121", 0 0, L_000002e81caa7270;  1 drivers
v000002e81ca24a30_0 .net *"_ivl_123", 0 0, L_000002e81caa6940;  1 drivers
v000002e81ca26f10_0 .net *"_ivl_126", 0 0, L_000002e81ca93bf0;  1 drivers
v000002e81ca24cb0_0 .net *"_ivl_128", 0 0, L_000002e81ca958b0;  1 drivers
v000002e81ca251b0_0 .net *"_ivl_129", 0 0, L_000002e81caa7510;  1 drivers
v000002e81ca270f0_0 .net *"_ivl_13", 0 0, L_000002e81ca954f0;  1 drivers
v000002e81ca26fb0_0 .net *"_ivl_132", 0 0, L_000002e81ca94c30;  1 drivers
v000002e81ca26dd0_0 .net *"_ivl_133", 0 0, L_000002e81caa7580;  1 drivers
v000002e81ca26470_0 .net *"_ivl_136", 0 0, L_000002e81ca94230;  1 drivers
v000002e81ca24f30_0 .net *"_ivl_137", 0 0, L_000002e81caa75f0;  1 drivers
v000002e81ca26290_0 .net *"_ivl_140", 0 0, L_000002e81ca938d0;  1 drivers
v000002e81ca26790_0 .net *"_ivl_141", 0 0, L_000002e81caa7660;  1 drivers
v000002e81ca26bf0_0 .net *"_ivl_143", 0 0, L_000002e81caa76d0;  1 drivers
v000002e81ca254d0_0 .net *"_ivl_146", 0 0, L_000002e81ca95950;  1 drivers
v000002e81ca24fd0_0 .net *"_ivl_148", 0 0, L_000002e81ca95e50;  1 drivers
v000002e81ca24e90_0 .net *"_ivl_149", 0 0, L_000002e81caa7740;  1 drivers
v000002e81ca26830_0 .net *"_ivl_15", 0 0, L_000002e81ca94a50;  1 drivers
v000002e81ca268d0_0 .net *"_ivl_152", 0 0, L_000002e81ca94cd0;  1 drivers
v000002e81ca266f0_0 .net *"_ivl_153", 0 0, L_000002e81caa77b0;  1 drivers
v000002e81ca26a10_0 .net *"_ivl_156", 0 0, L_000002e81ca936f0;  1 drivers
v000002e81ca25ed0_0 .net *"_ivl_16", 0 0, L_000002e81caa6cc0;  1 drivers
v000002e81ca27050_0 .net *"_ivl_160", 0 0, L_000002e81ca959f0;  1 drivers
v000002e81ca26970_0 .net *"_ivl_162", 0 0, L_000002e81ca94410;  1 drivers
v000002e81ca24ad0_0 .net *"_ivl_164", 0 0, L_000002e81ca95a90;  1 drivers
v000002e81ca24990_0 .net *"_ivl_165", 0 0, L_000002e81caa6a90;  1 drivers
v000002e81ca24b70_0 .net *"_ivl_167", 0 0, L_000002e81cb05f60;  1 drivers
v000002e81ca24c10_0 .net *"_ivl_170", 0 0, L_000002e81ca94690;  1 drivers
v000002e81ca25a70_0 .net *"_ivl_172", 0 0, L_000002e81ca95b30;  1 drivers
v000002e81ca257f0_0 .net *"_ivl_173", 0 0, L_000002e81cb05cc0;  1 drivers
v000002e81ca24d50_0 .net *"_ivl_176", 0 0, L_000002e81ca93970;  1 drivers
v000002e81ca25430_0 .net *"_ivl_177", 0 0, L_000002e81cb062e0;  1 drivers
v000002e81ca26650_0 .net *"_ivl_179", 0 0, L_000002e81cb06eb0;  1 drivers
v000002e81ca24df0_0 .net *"_ivl_18", 0 0, L_000002e81caa6a20;  1 drivers
v000002e81ca25070_0 .net *"_ivl_182", 0 0, L_000002e81ca93f10;  1 drivers
v000002e81ca26c90_0 .net *"_ivl_184", 0 0, L_000002e81ca944b0;  1 drivers
v000002e81ca26d30_0 .net *"_ivl_185", 0 0, L_000002e81cb06d60;  1 drivers
v000002e81ca25c50_0 .net *"_ivl_188", 0 0, L_000002e81ca93a10;  1 drivers
v000002e81ca26330_0 .net *"_ivl_189", 0 0, L_000002e81cb06e40;  1 drivers
v000002e81ca25390_0 .net *"_ivl_192", 0 0, L_000002e81ca94550;  1 drivers
v000002e81ca25250_0 .net *"_ivl_193", 0 0, L_000002e81cb05da0;  1 drivers
v000002e81ca252f0_0 .net *"_ivl_198", 3 0, L_000002e81ca94d70;  1 drivers
v000002e81ca25570_0 .net *"_ivl_23", 0 0, L_000002e81ca93790;  1 drivers
v000002e81ca26510_0 .net *"_ivl_25", 0 0, L_000002e81ca94190;  1 drivers
v000002e81ca263d0_0 .net *"_ivl_27", 0 0, L_000002e81ca953b0;  1 drivers
v000002e81ca25b10_0 .net *"_ivl_28", 0 0, L_000002e81caa6ef0;  1 drivers
v000002e81ca25930_0 .net *"_ivl_30", 0 0, L_000002e81caa6be0;  1 drivers
v000002e81ca25bb0_0 .net *"_ivl_33", 0 0, L_000002e81ca95270;  1 drivers
v000002e81ca25610_0 .net *"_ivl_35", 0 0, L_000002e81ca93e70;  1 drivers
v000002e81ca256b0_0 .net *"_ivl_36", 0 0, L_000002e81caa6b70;  1 drivers
v000002e81ca265b0_0 .net *"_ivl_39", 0 0, L_000002e81ca95590;  1 drivers
v000002e81ca25cf0_0 .net *"_ivl_40", 0 0, L_000002e81caa72e0;  1 drivers
v000002e81ca25750_0 .net *"_ivl_42", 0 0, L_000002e81caa6f60;  1 drivers
v000002e81ca25890_0 .net *"_ivl_47", 0 0, L_000002e81ca94870;  1 drivers
v000002e81ca25e30_0 .net *"_ivl_49", 0 0, L_000002e81ca93830;  1 drivers
v000002e81ca259d0_0 .net *"_ivl_51", 0 0, L_000002e81ca94050;  1 drivers
v000002e81ca26010_0 .net *"_ivl_52", 0 0, L_000002e81caa7350;  1 drivers
v000002e81ca25f70_0 .net *"_ivl_54", 0 0, L_000002e81caa6da0;  1 drivers
v000002e81ca260b0_0 .net *"_ivl_57", 0 0, L_000002e81ca949b0;  1 drivers
v000002e81ca26150_0 .net *"_ivl_59", 0 0, L_000002e81ca942d0;  1 drivers
v000002e81ca261f0_0 .net *"_ivl_60", 0 0, L_000002e81caa6c50;  1 drivers
v000002e81ca29530_0 .net *"_ivl_63", 0 0, L_000002e81ca95310;  1 drivers
v000002e81ca29350_0 .net *"_ivl_64", 0 0, L_000002e81caa6e10;  1 drivers
v000002e81ca290d0_0 .net *"_ivl_66", 0 0, L_000002e81caa6d30;  1 drivers
v000002e81ca286d0_0 .net *"_ivl_69", 0 0, L_000002e81ca93b50;  1 drivers
v000002e81ca295d0_0 .net *"_ivl_7", 0 0, L_000002e81caa73c0;  1 drivers
v000002e81ca292b0_0 .net *"_ivl_71", 0 0, L_000002e81ca94e10;  1 drivers
v000002e81ca27910_0 .net *"_ivl_72", 0 0, L_000002e81caa7430;  1 drivers
v000002e81ca293f0_0 .net *"_ivl_75", 0 0, L_000002e81ca94370;  1 drivers
v000002e81ca28590_0 .net *"_ivl_76", 0 0, L_000002e81caa69b0;  1 drivers
v000002e81ca27230_0 .net *"_ivl_79", 0 0, L_000002e81ca94910;  1 drivers
v000002e81ca29710_0 .net *"_ivl_80", 0 0, L_000002e81caa6fd0;  1 drivers
v000002e81ca274b0_0 .net *"_ivl_82", 0 0, L_000002e81caa6e80;  1 drivers
v000002e81ca279b0_0 .net *"_ivl_88", 0 0, L_000002e81ca93c90;  1 drivers
v000002e81ca28d10_0 .net *"_ivl_90", 0 0, L_000002e81ca94b90;  1 drivers
v000002e81ca298f0_0 .net *"_ivl_92", 0 0, L_000002e81ca93dd0;  1 drivers
v000002e81ca29490_0 .net *"_ivl_93", 0 0, L_000002e81caa7120;  1 drivers
v000002e81ca29670_0 .net *"_ivl_95", 0 0, L_000002e81caa7040;  1 drivers
v000002e81ca28f90_0 .net *"_ivl_98", 0 0, L_000002e81ca95450;  1 drivers
v000002e81ca27a50_0 .net "a", 3 0, L_000002e81ca945f0;  1 drivers
v000002e81ca29210_0 .net "b", 3 0, L_000002e81ca94730;  1 drivers
v000002e81ca27f50_0 .net "c", 4 0, L_000002e81ca95bd0;  1 drivers
v000002e81ca28450_0 .net "cin", 0 0, L_000002e81ca94eb0;  1 drivers
v000002e81ca28bd0_0 .net "cout", 0 0, L_000002e81ca93ab0;  1 drivers
v000002e81ca27730_0 .net "g", 3 0, L_000002e81caa56e0;  1 drivers
v000002e81ca27690_0 .net "group_G", 0 0, L_000002e81cb06cf0;  1 drivers
v000002e81ca297b0_0 .net "group_P", 0 0, L_000002e81caa68d0;  1 drivers
v000002e81ca29850_0 .net "p", 3 0, L_000002e81caa5750;  1 drivers
v000002e81ca28b30_0 .net "sum", 3 0, L_000002e81cb06740;  1 drivers
L_000002e81ca95c70 .part L_000002e81caa56e0, 0, 1;
L_000002e81ca954f0 .part L_000002e81caa5750, 0, 1;
L_000002e81ca94a50 .part L_000002e81ca95bd0, 0, 1;
L_000002e81ca93790 .part L_000002e81caa56e0, 1, 1;
L_000002e81ca94190 .part L_000002e81caa5750, 1, 1;
L_000002e81ca953b0 .part L_000002e81caa56e0, 0, 1;
L_000002e81ca95270 .part L_000002e81caa5750, 1, 1;
L_000002e81ca93e70 .part L_000002e81caa5750, 0, 1;
L_000002e81ca95590 .part L_000002e81ca95bd0, 0, 1;
L_000002e81ca94870 .part L_000002e81caa56e0, 2, 1;
L_000002e81ca93830 .part L_000002e81caa5750, 2, 1;
L_000002e81ca94050 .part L_000002e81caa56e0, 1, 1;
L_000002e81ca949b0 .part L_000002e81caa5750, 2, 1;
L_000002e81ca942d0 .part L_000002e81caa5750, 1, 1;
L_000002e81ca95310 .part L_000002e81caa56e0, 0, 1;
L_000002e81ca93b50 .part L_000002e81caa5750, 2, 1;
L_000002e81ca94e10 .part L_000002e81caa5750, 1, 1;
L_000002e81ca94370 .part L_000002e81caa5750, 0, 1;
L_000002e81ca94910 .part L_000002e81ca95bd0, 0, 1;
LS_000002e81ca95bd0_0_0 .concat8 [ 1 1 1 1], L_000002e81caa73c0, L_000002e81caa6a20, L_000002e81caa6f60, L_000002e81caa6e80;
LS_000002e81ca95bd0_0_4 .concat8 [ 1 0 0 0], L_000002e81caa76d0;
L_000002e81ca95bd0 .concat8 [ 4 1 0 0], LS_000002e81ca95bd0_0_0, LS_000002e81ca95bd0_0_4;
L_000002e81ca93c90 .part L_000002e81caa56e0, 3, 1;
L_000002e81ca94b90 .part L_000002e81caa5750, 3, 1;
L_000002e81ca93dd0 .part L_000002e81caa56e0, 2, 1;
L_000002e81ca95450 .part L_000002e81caa5750, 3, 1;
L_000002e81ca95630 .part L_000002e81caa5750, 2, 1;
L_000002e81ca956d0 .part L_000002e81caa56e0, 1, 1;
L_000002e81ca947d0 .part L_000002e81caa5750, 3, 1;
L_000002e81ca95770 .part L_000002e81caa5750, 2, 1;
L_000002e81ca95810 .part L_000002e81caa5750, 1, 1;
L_000002e81ca940f0 .part L_000002e81caa56e0, 0, 1;
L_000002e81ca93bf0 .part L_000002e81caa5750, 3, 1;
L_000002e81ca958b0 .part L_000002e81caa5750, 2, 1;
L_000002e81ca94c30 .part L_000002e81caa5750, 1, 1;
L_000002e81ca94230 .part L_000002e81caa5750, 0, 1;
L_000002e81ca938d0 .part L_000002e81ca95bd0, 0, 1;
L_000002e81ca95950 .part L_000002e81caa5750, 3, 1;
L_000002e81ca95e50 .part L_000002e81caa5750, 2, 1;
L_000002e81ca94cd0 .part L_000002e81caa5750, 1, 1;
L_000002e81ca936f0 .part L_000002e81caa5750, 0, 1;
L_000002e81ca959f0 .part L_000002e81caa56e0, 3, 1;
L_000002e81ca94410 .part L_000002e81caa5750, 3, 1;
L_000002e81ca95a90 .part L_000002e81caa56e0, 2, 1;
L_000002e81ca94690 .part L_000002e81caa5750, 3, 1;
L_000002e81ca95b30 .part L_000002e81caa5750, 2, 1;
L_000002e81ca93970 .part L_000002e81caa56e0, 1, 1;
L_000002e81ca93f10 .part L_000002e81caa5750, 3, 1;
L_000002e81ca944b0 .part L_000002e81caa5750, 2, 1;
L_000002e81ca93a10 .part L_000002e81caa5750, 1, 1;
L_000002e81ca94550 .part L_000002e81caa56e0, 0, 1;
L_000002e81ca94d70 .part L_000002e81ca95bd0, 0, 4;
L_000002e81ca93ab0 .part L_000002e81ca95bd0, 4, 1;
S_000002e81ca319b0 .scope generate, "cla4_blocks[2]" "cla4_blocks[2]" 12 32, 12 32 0, S_000002e81c9fff90;
 .timescale -9 -12;
P_000002e81c939970 .param/l "i" 0 12 32, +C4<010>;
S_000002e81ca32180 .scope module, "block" "cla_4bit" 12 33, 13 3 0, S_000002e81ca319b0;
 .timescale -9 -12;
    .port_info 0 /INPUT 4 "a";
    .port_info 1 /INPUT 4 "b";
    .port_info 2 /INPUT 1 "cin";
    .port_info 3 /OUTPUT 4 "sum";
    .port_info 4 /OUTPUT 1 "group_G";
    .port_info 5 /OUTPUT 1 "group_P";
    .port_info 6 /OUTPUT 1 "cout";
L_000002e81cb072a0 .functor AND 4, L_000002e81ca96b70, L_000002e81ca981f0, C4<1111>, C4<1111>;
L_000002e81cb05780 .functor XOR 4, L_000002e81ca96b70, L_000002e81ca981f0, C4<0000>, C4<0000>;
L_000002e81cb06ba0 .functor BUFZ 1, L_000002e81ca97b10, C4<0>, C4<0>, C4<0>;
L_000002e81cb06430 .functor AND 1, L_000002e81ca94ff0, L_000002e81ca96490, C4<1>, C4<1>;
L_000002e81cb06660 .functor OR 1, L_000002e81ca94f50, L_000002e81cb06430, C4<0>, C4<0>;
L_000002e81cb06270 .functor AND 1, L_000002e81ca96850, L_000002e81ca97430, C4<1>, C4<1>;
L_000002e81cb06f90 .functor OR 1, L_000002e81ca98290, L_000002e81cb06270, C4<0>, C4<0>;
L_000002e81cb06350 .functor AND 1, L_000002e81ca963f0, L_000002e81ca96a30, C4<1>, C4<1>;
L_000002e81cb05b70 .functor AND 1, L_000002e81cb06350, L_000002e81ca97a70, C4<1>, C4<1>;
L_000002e81cb05fd0 .functor OR 1, L_000002e81cb06f90, L_000002e81cb05b70, C4<0>, C4<0>;
L_000002e81cb07150 .functor AND 1, L_000002e81ca96030, L_000002e81ca96cb0, C4<1>, C4<1>;
L_000002e81cb057f0 .functor OR 1, L_000002e81ca960d0, L_000002e81cb07150, C4<0>, C4<0>;
L_000002e81cb06580 .functor AND 1, L_000002e81ca968f0, L_000002e81ca97e30, C4<1>, C4<1>;
L_000002e81cb06b30 .functor AND 1, L_000002e81cb06580, L_000002e81ca97c50, C4<1>, C4<1>;
L_000002e81cb063c0 .functor OR 1, L_000002e81cb057f0, L_000002e81cb06b30, C4<0>, C4<0>;
L_000002e81cb06970 .functor AND 1, L_000002e81ca967b0, L_000002e81ca98470, C4<1>, C4<1>;
L_000002e81cb06a50 .functor AND 1, L_000002e81cb06970, L_000002e81ca98650, C4<1>, C4<1>;
L_000002e81cb065f0 .functor AND 1, L_000002e81cb06a50, L_000002e81ca96990, C4<1>, C4<1>;
L_000002e81cb069e0 .functor OR 1, L_000002e81cb063c0, L_000002e81cb065f0, C4<0>, C4<0>;
L_000002e81cb071c0 .functor AND 1, L_000002e81ca962b0, L_000002e81ca980b0, C4<1>, C4<1>;
L_000002e81cb06dd0 .functor OR 1, L_000002e81ca97bb0, L_000002e81cb071c0, C4<0>, C4<0>;
L_000002e81cb06040 .functor AND 1, L_000002e81ca98510, L_000002e81ca95f90, C4<1>, C4<1>;
L_000002e81cb05be0 .functor AND 1, L_000002e81cb06040, L_000002e81ca96170, C4<1>, C4<1>;
L_000002e81cb070e0 .functor OR 1, L_000002e81cb06dd0, L_000002e81cb05be0, C4<0>, C4<0>;
L_000002e81cb05860 .functor AND 1, L_000002e81ca95ef0, L_000002e81ca985b0, C4<1>, C4<1>;
L_000002e81cb06f20 .functor AND 1, L_000002e81cb05860, L_000002e81ca97110, C4<1>, C4<1>;
L_000002e81cb067b0 .functor AND 1, L_000002e81cb06f20, L_000002e81ca97250, C4<1>, C4<1>;
L_000002e81cb066d0 .functor OR 1, L_000002e81cb070e0, L_000002e81cb067b0, C4<0>, C4<0>;
L_000002e81cb060b0 .functor AND 1, L_000002e81ca979d0, L_000002e81ca97cf0, C4<1>, C4<1>;
L_000002e81cb06120 .functor AND 1, L_000002e81cb060b0, L_000002e81ca97d90, C4<1>, C4<1>;
L_000002e81cb07000 .functor AND 1, L_000002e81cb06120, L_000002e81ca97930, C4<1>, C4<1>;
L_000002e81cb07070 .functor AND 1, L_000002e81cb07000, L_000002e81ca97ed0, C4<1>, C4<1>;
L_000002e81cb06c10 .functor OR 1, L_000002e81cb066d0, L_000002e81cb07070, C4<0>, C4<0>;
L_000002e81cb06820 .functor AND 1, L_000002e81ca97890, L_000002e81ca96f30, C4<1>, C4<1>;
L_000002e81cb05ef0 .functor AND 1, L_000002e81cb06820, L_000002e81ca972f0, C4<1>, C4<1>;
L_000002e81cb05d30 .functor AND 1, L_000002e81cb05ef0, L_000002e81ca96210, C4<1>, C4<1>;
L_000002e81cb05e10 .functor AND 1, L_000002e81ca98010, L_000002e81ca971b0, C4<1>, C4<1>;
L_000002e81cb06c80 .functor OR 1, L_000002e81ca96fd0, L_000002e81cb05e10, C4<0>, C4<0>;
L_000002e81cb06ac0 .functor AND 1, L_000002e81ca96350, L_000002e81ca96530, C4<1>, C4<1>;
L_000002e81cb064a0 .functor AND 1, L_000002e81cb06ac0, L_000002e81ca97f70, C4<1>, C4<1>;
L_000002e81cb06890 .functor OR 1, L_000002e81cb06c80, L_000002e81cb064a0, C4<0>, C4<0>;
L_000002e81cb06900 .functor AND 1, L_000002e81ca98150, L_000002e81ca96ad0, C4<1>, C4<1>;
L_000002e81cb07230 .functor AND 1, L_000002e81cb06900, L_000002e81ca965d0, C4<1>, C4<1>;
L_000002e81cb06190 .functor AND 1, L_000002e81cb07230, L_000002e81ca974d0, C4<1>, C4<1>;
L_000002e81cb05710 .functor OR 1, L_000002e81cb06890, L_000002e81cb06190, C4<0>, C4<0>;
L_000002e81cb06510 .functor XOR 4, L_000002e81cb05780, L_000002e81ca96670, C4<0000>, C4<0000>;
v000002e81ca27e10_0 .net *"_ivl_100", 0 0, L_000002e81ca95f90;  1 drivers
v000002e81ca27190_0 .net *"_ivl_101", 0 0, L_000002e81cb06040;  1 drivers
v000002e81ca272d0_0 .net *"_ivl_104", 0 0, L_000002e81ca96170;  1 drivers
v000002e81ca29170_0 .net *"_ivl_105", 0 0, L_000002e81cb05be0;  1 drivers
v000002e81ca27550_0 .net *"_ivl_107", 0 0, L_000002e81cb070e0;  1 drivers
v000002e81ca277d0_0 .net *"_ivl_11", 0 0, L_000002e81ca94f50;  1 drivers
v000002e81ca27b90_0 .net *"_ivl_110", 0 0, L_000002e81ca95ef0;  1 drivers
v000002e81ca27c30_0 .net *"_ivl_112", 0 0, L_000002e81ca985b0;  1 drivers
v000002e81ca283b0_0 .net *"_ivl_113", 0 0, L_000002e81cb05860;  1 drivers
v000002e81ca27370_0 .net *"_ivl_116", 0 0, L_000002e81ca97110;  1 drivers
v000002e81ca27ff0_0 .net *"_ivl_117", 0 0, L_000002e81cb06f20;  1 drivers
v000002e81ca28630_0 .net *"_ivl_120", 0 0, L_000002e81ca97250;  1 drivers
v000002e81ca28090_0 .net *"_ivl_121", 0 0, L_000002e81cb067b0;  1 drivers
v000002e81ca27410_0 .net *"_ivl_123", 0 0, L_000002e81cb066d0;  1 drivers
v000002e81ca275f0_0 .net *"_ivl_126", 0 0, L_000002e81ca979d0;  1 drivers
v000002e81ca27870_0 .net *"_ivl_128", 0 0, L_000002e81ca97cf0;  1 drivers
v000002e81ca27af0_0 .net *"_ivl_129", 0 0, L_000002e81cb060b0;  1 drivers
v000002e81ca27cd0_0 .net *"_ivl_13", 0 0, L_000002e81ca94ff0;  1 drivers
v000002e81ca27d70_0 .net *"_ivl_132", 0 0, L_000002e81ca97d90;  1 drivers
v000002e81ca284f0_0 .net *"_ivl_133", 0 0, L_000002e81cb06120;  1 drivers
v000002e81ca28770_0 .net *"_ivl_136", 0 0, L_000002e81ca97930;  1 drivers
v000002e81ca27eb0_0 .net *"_ivl_137", 0 0, L_000002e81cb07000;  1 drivers
v000002e81ca28130_0 .net *"_ivl_140", 0 0, L_000002e81ca97ed0;  1 drivers
v000002e81ca28810_0 .net *"_ivl_141", 0 0, L_000002e81cb07070;  1 drivers
v000002e81ca288b0_0 .net *"_ivl_143", 0 0, L_000002e81cb06c10;  1 drivers
v000002e81ca28950_0 .net *"_ivl_146", 0 0, L_000002e81ca97890;  1 drivers
v000002e81ca281d0_0 .net *"_ivl_148", 0 0, L_000002e81ca96f30;  1 drivers
v000002e81ca29030_0 .net *"_ivl_149", 0 0, L_000002e81cb06820;  1 drivers
v000002e81ca28270_0 .net *"_ivl_15", 0 0, L_000002e81ca96490;  1 drivers
v000002e81ca289f0_0 .net *"_ivl_152", 0 0, L_000002e81ca972f0;  1 drivers
v000002e81ca28310_0 .net *"_ivl_153", 0 0, L_000002e81cb05ef0;  1 drivers
v000002e81ca28a90_0 .net *"_ivl_156", 0 0, L_000002e81ca96210;  1 drivers
v000002e81ca28c70_0 .net *"_ivl_16", 0 0, L_000002e81cb06430;  1 drivers
v000002e81ca28db0_0 .net *"_ivl_160", 0 0, L_000002e81ca96fd0;  1 drivers
v000002e81ca28e50_0 .net *"_ivl_162", 0 0, L_000002e81ca98010;  1 drivers
v000002e81ca28ef0_0 .net *"_ivl_164", 0 0, L_000002e81ca971b0;  1 drivers
v000002e81ca2bb50_0 .net *"_ivl_165", 0 0, L_000002e81cb05e10;  1 drivers
v000002e81ca2b6f0_0 .net *"_ivl_167", 0 0, L_000002e81cb06c80;  1 drivers
v000002e81ca2bfb0_0 .net *"_ivl_170", 0 0, L_000002e81ca96350;  1 drivers
v000002e81ca2a110_0 .net *"_ivl_172", 0 0, L_000002e81ca96530;  1 drivers
v000002e81ca2a1b0_0 .net *"_ivl_173", 0 0, L_000002e81cb06ac0;  1 drivers
v000002e81ca2b510_0 .net *"_ivl_176", 0 0, L_000002e81ca97f70;  1 drivers
v000002e81ca2b830_0 .net *"_ivl_177", 0 0, L_000002e81cb064a0;  1 drivers
v000002e81ca2ae30_0 .net *"_ivl_179", 0 0, L_000002e81cb06890;  1 drivers
v000002e81ca2ac50_0 .net *"_ivl_18", 0 0, L_000002e81cb06660;  1 drivers
v000002e81ca2bd30_0 .net *"_ivl_182", 0 0, L_000002e81ca98150;  1 drivers
v000002e81ca2a250_0 .net *"_ivl_184", 0 0, L_000002e81ca96ad0;  1 drivers
v000002e81ca2ab10_0 .net *"_ivl_185", 0 0, L_000002e81cb06900;  1 drivers
v000002e81ca2b650_0 .net *"_ivl_188", 0 0, L_000002e81ca965d0;  1 drivers
v000002e81ca2a2f0_0 .net *"_ivl_189", 0 0, L_000002e81cb07230;  1 drivers
v000002e81ca29990_0 .net *"_ivl_192", 0 0, L_000002e81ca974d0;  1 drivers
v000002e81ca2aa70_0 .net *"_ivl_193", 0 0, L_000002e81cb06190;  1 drivers
v000002e81ca29d50_0 .net *"_ivl_198", 3 0, L_000002e81ca96670;  1 drivers
v000002e81ca2bbf0_0 .net *"_ivl_23", 0 0, L_000002e81ca98290;  1 drivers
v000002e81ca2c050_0 .net *"_ivl_25", 0 0, L_000002e81ca96850;  1 drivers
v000002e81ca2bf10_0 .net *"_ivl_27", 0 0, L_000002e81ca97430;  1 drivers
v000002e81ca2b970_0 .net *"_ivl_28", 0 0, L_000002e81cb06270;  1 drivers
v000002e81ca2aed0_0 .net *"_ivl_30", 0 0, L_000002e81cb06f90;  1 drivers
v000002e81ca2c0f0_0 .net *"_ivl_33", 0 0, L_000002e81ca963f0;  1 drivers
v000002e81ca29a30_0 .net *"_ivl_35", 0 0, L_000002e81ca96a30;  1 drivers
v000002e81ca2a6b0_0 .net *"_ivl_36", 0 0, L_000002e81cb06350;  1 drivers
v000002e81ca29df0_0 .net *"_ivl_39", 0 0, L_000002e81ca97a70;  1 drivers
v000002e81ca2af70_0 .net *"_ivl_40", 0 0, L_000002e81cb05b70;  1 drivers
v000002e81ca2bdd0_0 .net *"_ivl_42", 0 0, L_000002e81cb05fd0;  1 drivers
v000002e81ca29ad0_0 .net *"_ivl_47", 0 0, L_000002e81ca960d0;  1 drivers
v000002e81ca2be70_0 .net *"_ivl_49", 0 0, L_000002e81ca96030;  1 drivers
v000002e81ca2b010_0 .net *"_ivl_51", 0 0, L_000002e81ca96cb0;  1 drivers
v000002e81ca29b70_0 .net *"_ivl_52", 0 0, L_000002e81cb07150;  1 drivers
v000002e81ca29c10_0 .net *"_ivl_54", 0 0, L_000002e81cb057f0;  1 drivers
v000002e81ca2a390_0 .net *"_ivl_57", 0 0, L_000002e81ca968f0;  1 drivers
v000002e81ca2a9d0_0 .net *"_ivl_59", 0 0, L_000002e81ca97e30;  1 drivers
v000002e81ca29fd0_0 .net *"_ivl_60", 0 0, L_000002e81cb06580;  1 drivers
v000002e81ca29cb0_0 .net *"_ivl_63", 0 0, L_000002e81ca97c50;  1 drivers
v000002e81ca2b5b0_0 .net *"_ivl_64", 0 0, L_000002e81cb06b30;  1 drivers
v000002e81ca2a070_0 .net *"_ivl_66", 0 0, L_000002e81cb063c0;  1 drivers
v000002e81ca29e90_0 .net *"_ivl_69", 0 0, L_000002e81ca967b0;  1 drivers
v000002e81ca2b0b0_0 .net *"_ivl_7", 0 0, L_000002e81cb06ba0;  1 drivers
v000002e81ca2a430_0 .net *"_ivl_71", 0 0, L_000002e81ca98470;  1 drivers
v000002e81ca2b8d0_0 .net *"_ivl_72", 0 0, L_000002e81cb06970;  1 drivers
v000002e81ca2a570_0 .net *"_ivl_75", 0 0, L_000002e81ca98650;  1 drivers
v000002e81ca2acf0_0 .net *"_ivl_76", 0 0, L_000002e81cb06a50;  1 drivers
v000002e81ca2a4d0_0 .net *"_ivl_79", 0 0, L_000002e81ca96990;  1 drivers
v000002e81ca2b150_0 .net *"_ivl_80", 0 0, L_000002e81cb065f0;  1 drivers
v000002e81ca2b3d0_0 .net *"_ivl_82", 0 0, L_000002e81cb069e0;  1 drivers
v000002e81ca2b790_0 .net *"_ivl_88", 0 0, L_000002e81ca97bb0;  1 drivers
v000002e81ca29f30_0 .net *"_ivl_90", 0 0, L_000002e81ca962b0;  1 drivers
v000002e81ca2a610_0 .net *"_ivl_92", 0 0, L_000002e81ca980b0;  1 drivers
v000002e81ca2b330_0 .net *"_ivl_93", 0 0, L_000002e81cb071c0;  1 drivers
v000002e81ca2bc90_0 .net *"_ivl_95", 0 0, L_000002e81cb06dd0;  1 drivers
v000002e81ca2a750_0 .net *"_ivl_98", 0 0, L_000002e81ca98510;  1 drivers
v000002e81ca2a7f0_0 .net "a", 3 0, L_000002e81ca96b70;  1 drivers
v000002e81ca2abb0_0 .net "b", 3 0, L_000002e81ca981f0;  1 drivers
v000002e81ca2a930_0 .net "c", 4 0, L_000002e81ca96e90;  1 drivers
v000002e81ca2a890_0 .net "cin", 0 0, L_000002e81ca97b10;  1 drivers
v000002e81ca2b470_0 .net "cout", 0 0, L_000002e81ca96710;  1 drivers
v000002e81ca2ba10_0 .net "g", 3 0, L_000002e81cb072a0;  1 drivers
v000002e81ca2bab0_0 .net "group_G", 0 0, L_000002e81cb05710;  1 drivers
v000002e81ca2ad90_0 .net "group_P", 0 0, L_000002e81cb05d30;  1 drivers
v000002e81ca2b290_0 .net "p", 3 0, L_000002e81cb05780;  1 drivers
v000002e81ca2b1f0_0 .net "sum", 3 0, L_000002e81cb06510;  1 drivers
L_000002e81ca94f50 .part L_000002e81cb072a0, 0, 1;
L_000002e81ca94ff0 .part L_000002e81cb05780, 0, 1;
L_000002e81ca96490 .part L_000002e81ca96e90, 0, 1;
L_000002e81ca98290 .part L_000002e81cb072a0, 1, 1;
L_000002e81ca96850 .part L_000002e81cb05780, 1, 1;
L_000002e81ca97430 .part L_000002e81cb072a0, 0, 1;
L_000002e81ca963f0 .part L_000002e81cb05780, 1, 1;
L_000002e81ca96a30 .part L_000002e81cb05780, 0, 1;
L_000002e81ca97a70 .part L_000002e81ca96e90, 0, 1;
L_000002e81ca960d0 .part L_000002e81cb072a0, 2, 1;
L_000002e81ca96030 .part L_000002e81cb05780, 2, 1;
L_000002e81ca96cb0 .part L_000002e81cb072a0, 1, 1;
L_000002e81ca968f0 .part L_000002e81cb05780, 2, 1;
L_000002e81ca97e30 .part L_000002e81cb05780, 1, 1;
L_000002e81ca97c50 .part L_000002e81cb072a0, 0, 1;
L_000002e81ca967b0 .part L_000002e81cb05780, 2, 1;
L_000002e81ca98470 .part L_000002e81cb05780, 1, 1;
L_000002e81ca98650 .part L_000002e81cb05780, 0, 1;
L_000002e81ca96990 .part L_000002e81ca96e90, 0, 1;
LS_000002e81ca96e90_0_0 .concat8 [ 1 1 1 1], L_000002e81cb06ba0, L_000002e81cb06660, L_000002e81cb05fd0, L_000002e81cb069e0;
LS_000002e81ca96e90_0_4 .concat8 [ 1 0 0 0], L_000002e81cb06c10;
L_000002e81ca96e90 .concat8 [ 4 1 0 0], LS_000002e81ca96e90_0_0, LS_000002e81ca96e90_0_4;
L_000002e81ca97bb0 .part L_000002e81cb072a0, 3, 1;
L_000002e81ca962b0 .part L_000002e81cb05780, 3, 1;
L_000002e81ca980b0 .part L_000002e81cb072a0, 2, 1;
L_000002e81ca98510 .part L_000002e81cb05780, 3, 1;
L_000002e81ca95f90 .part L_000002e81cb05780, 2, 1;
L_000002e81ca96170 .part L_000002e81cb072a0, 1, 1;
L_000002e81ca95ef0 .part L_000002e81cb05780, 3, 1;
L_000002e81ca985b0 .part L_000002e81cb05780, 2, 1;
L_000002e81ca97110 .part L_000002e81cb05780, 1, 1;
L_000002e81ca97250 .part L_000002e81cb072a0, 0, 1;
L_000002e81ca979d0 .part L_000002e81cb05780, 3, 1;
L_000002e81ca97cf0 .part L_000002e81cb05780, 2, 1;
L_000002e81ca97d90 .part L_000002e81cb05780, 1, 1;
L_000002e81ca97930 .part L_000002e81cb05780, 0, 1;
L_000002e81ca97ed0 .part L_000002e81ca96e90, 0, 1;
L_000002e81ca97890 .part L_000002e81cb05780, 3, 1;
L_000002e81ca96f30 .part L_000002e81cb05780, 2, 1;
L_000002e81ca972f0 .part L_000002e81cb05780, 1, 1;
L_000002e81ca96210 .part L_000002e81cb05780, 0, 1;
L_000002e81ca96fd0 .part L_000002e81cb072a0, 3, 1;
L_000002e81ca98010 .part L_000002e81cb05780, 3, 1;
L_000002e81ca971b0 .part L_000002e81cb072a0, 2, 1;
L_000002e81ca96350 .part L_000002e81cb05780, 3, 1;
L_000002e81ca96530 .part L_000002e81cb05780, 2, 1;
L_000002e81ca97f70 .part L_000002e81cb072a0, 1, 1;
L_000002e81ca98150 .part L_000002e81cb05780, 3, 1;
L_000002e81ca96ad0 .part L_000002e81cb05780, 2, 1;
L_000002e81ca965d0 .part L_000002e81cb05780, 1, 1;
L_000002e81ca974d0 .part L_000002e81cb072a0, 0, 1;
L_000002e81ca96670 .part L_000002e81ca96e90, 0, 4;
L_000002e81ca96710 .part L_000002e81ca96e90, 4, 1;
S_000002e81ca32ae0 .scope generate, "cla4_blocks[3]" "cla4_blocks[3]" 12 32, 12 32 0, S_000002e81c9fff90;
 .timescale -9 -12;
P_000002e81c93a1b0 .param/l "i" 0 12 32, +C4<011>;
S_000002e81ca31820 .scope module, "block" "cla_4bit" 12 33, 13 3 0, S_000002e81ca32ae0;
 .timescale -9 -12;
    .port_info 0 /INPUT 4 "a";
    .port_info 1 /INPUT 4 "b";
    .port_info 2 /INPUT 1 "cin";
    .port_info 3 /OUTPUT 4 "sum";
    .port_info 4 /OUTPUT 1 "group_G";
    .port_info 5 /OUTPUT 1 "group_P";
    .port_info 6 /OUTPUT 1 "cout";
L_000002e81cb058d0 .functor AND 4, L_000002e81ca99050, L_000002e81ca990f0, C4<1111>, C4<1111>;
L_000002e81cb05940 .functor XOR 4, L_000002e81ca99050, L_000002e81ca990f0, C4<0000>, C4<0000>;
L_000002e81cb06200 .functor BUFZ 1, L_000002e81ca994b0, C4<0>, C4<0>, C4<0>;
L_000002e81cb059b0 .functor AND 1, L_000002e81ca96c10, L_000002e81ca98330, C4<1>, C4<1>;
L_000002e81cb05a20 .functor OR 1, L_000002e81ca97070, L_000002e81cb059b0, C4<0>, C4<0>;
L_000002e81cb05a90 .functor AND 1, L_000002e81ca96df0, L_000002e81ca983d0, C4<1>, C4<1>;
L_000002e81cb05b00 .functor OR 1, L_000002e81ca96d50, L_000002e81cb05a90, C4<0>, C4<0>;
L_000002e81cb05c50 .functor AND 1, L_000002e81ca97390, L_000002e81ca97570, C4<1>, C4<1>;
L_000002e81cb05e80 .functor AND 1, L_000002e81cb05c50, L_000002e81ca97610, C4<1>, C4<1>;
L_000002e81cb07fc0 .functor OR 1, L_000002e81cb05b00, L_000002e81cb05e80, C4<0>, C4<0>;
L_000002e81cb08ce0 .functor AND 1, L_000002e81ca97750, L_000002e81ca977f0, C4<1>, C4<1>;
L_000002e81cb085e0 .functor OR 1, L_000002e81ca976b0, L_000002e81cb08ce0, C4<0>, C4<0>;
L_000002e81cb08260 .functor AND 1, L_000002e81ca99ff0, L_000002e81ca9a4f0, C4<1>, C4<1>;
L_000002e81cb079a0 .functor AND 1, L_000002e81cb08260, L_000002e81ca9aa90, C4<1>, C4<1>;
L_000002e81cb08500 .functor OR 1, L_000002e81cb085e0, L_000002e81cb079a0, C4<0>, C4<0>;
L_000002e81cb07e70 .functor AND 1, L_000002e81ca98b50, L_000002e81ca99230, C4<1>, C4<1>;
L_000002e81cb080a0 .functor AND 1, L_000002e81cb07e70, L_000002e81ca99910, C4<1>, C4<1>;
L_000002e81cb08110 .functor AND 1, L_000002e81cb080a0, L_000002e81ca99690, C4<1>, C4<1>;
L_000002e81cb08180 .functor OR 1, L_000002e81cb08500, L_000002e81cb08110, C4<0>, C4<0>;
L_000002e81cb07bd0 .functor AND 1, L_000002e81ca99190, L_000002e81ca9a3b0, C4<1>, C4<1>;
L_000002e81cb08730 .functor OR 1, L_000002e81ca99870, L_000002e81cb07bd0, C4<0>, C4<0>;
L_000002e81cb07a10 .functor AND 1, L_000002e81ca999b0, L_000002e81ca9a090, C4<1>, C4<1>;
L_000002e81cb08ea0 .functor AND 1, L_000002e81cb07a10, L_000002e81ca9adb0, C4<1>, C4<1>;
L_000002e81cb08570 .functor OR 1, L_000002e81cb08730, L_000002e81cb08ea0, C4<0>, C4<0>;
L_000002e81cb08650 .functor AND 1, L_000002e81ca9a9f0, L_000002e81ca9a310, C4<1>, C4<1>;
L_000002e81cb086c0 .functor AND 1, L_000002e81cb08650, L_000002e81ca986f0, C4<1>, C4<1>;
L_000002e81cb07310 .functor AND 1, L_000002e81cb086c0, L_000002e81ca992d0, C4<1>, C4<1>;
L_000002e81cb07b60 .functor OR 1, L_000002e81cb08570, L_000002e81cb07310, C4<0>, C4<0>;
L_000002e81cb08a40 .functor AND 1, L_000002e81ca99b90, L_000002e81ca9a450, C4<1>, C4<1>;
L_000002e81cb07a80 .functor AND 1, L_000002e81cb08a40, L_000002e81ca99410, C4<1>, C4<1>;
L_000002e81cb077e0 .functor AND 1, L_000002e81cb07a80, L_000002e81ca9a630, C4<1>, C4<1>;
L_000002e81cb08c00 .functor AND 1, L_000002e81cb077e0, L_000002e81ca99e10, C4<1>, C4<1>;
L_000002e81cb07380 .functor OR 1, L_000002e81cb07b60, L_000002e81cb08c00, C4<0>, C4<0>;
L_000002e81cb081f0 .functor AND 1, L_000002e81ca988d0, L_000002e81ca99af0, C4<1>, C4<1>;
L_000002e81cb073f0 .functor AND 1, L_000002e81cb081f0, L_000002e81ca99a50, C4<1>, C4<1>;
L_000002e81cb089d0 .functor AND 1, L_000002e81cb073f0, L_000002e81ca99eb0, C4<1>, C4<1>;
L_000002e81cb08810 .functor AND 1, L_000002e81ca99370, L_000002e81ca9a1d0, C4<1>, C4<1>;
L_000002e81cb08030 .functor OR 1, L_000002e81ca9a950, L_000002e81cb08810, C4<0>, C4<0>;
L_000002e81cb087a0 .functor AND 1, L_000002e81ca9a8b0, L_000002e81ca99c30, C4<1>, C4<1>;
L_000002e81cb08880 .functor AND 1, L_000002e81cb087a0, L_000002e81ca99730, C4<1>, C4<1>;
L_000002e81cb088f0 .functor OR 1, L_000002e81cb08030, L_000002e81cb08880, C4<0>, C4<0>;
L_000002e81cb07af0 .functor AND 1, L_000002e81ca9a770, L_000002e81ca9a130, C4<1>, C4<1>;
L_000002e81cb08960 .functor AND 1, L_000002e81cb07af0, L_000002e81ca9ae50, C4<1>, C4<1>;
L_000002e81cb08ab0 .functor AND 1, L_000002e81cb08960, L_000002e81ca99cd0, C4<1>, C4<1>;
L_000002e81cb07c40 .functor OR 1, L_000002e81cb088f0, L_000002e81cb08ab0, C4<0>, C4<0>;
L_000002e81cb07930 .functor XOR 4, L_000002e81cb05940, L_000002e81ca98790, C4<0000>, C4<0000>;
v000002e81ca2df90_0 .net *"_ivl_100", 0 0, L_000002e81ca9a090;  1 drivers
v000002e81ca2dbd0_0 .net *"_ivl_101", 0 0, L_000002e81cb07a10;  1 drivers
v000002e81ca2c910_0 .net *"_ivl_104", 0 0, L_000002e81ca9adb0;  1 drivers
v000002e81ca2e030_0 .net *"_ivl_105", 0 0, L_000002e81cb08ea0;  1 drivers
v000002e81ca2e850_0 .net *"_ivl_107", 0 0, L_000002e81cb08570;  1 drivers
v000002e81ca2cc30_0 .net *"_ivl_11", 0 0, L_000002e81ca97070;  1 drivers
v000002e81ca2d630_0 .net *"_ivl_110", 0 0, L_000002e81ca9a9f0;  1 drivers
v000002e81ca2d590_0 .net *"_ivl_112", 0 0, L_000002e81ca9a310;  1 drivers
v000002e81ca2dc70_0 .net *"_ivl_113", 0 0, L_000002e81cb08650;  1 drivers
v000002e81ca2d310_0 .net *"_ivl_116", 0 0, L_000002e81ca986f0;  1 drivers
v000002e81ca2de50_0 .net *"_ivl_117", 0 0, L_000002e81cb086c0;  1 drivers
v000002e81ca2c9b0_0 .net *"_ivl_120", 0 0, L_000002e81ca992d0;  1 drivers
v000002e81ca2c190_0 .net *"_ivl_121", 0 0, L_000002e81cb07310;  1 drivers
v000002e81ca2d270_0 .net *"_ivl_123", 0 0, L_000002e81cb07b60;  1 drivers
v000002e81ca2c550_0 .net *"_ivl_126", 0 0, L_000002e81ca99b90;  1 drivers
v000002e81ca2e350_0 .net *"_ivl_128", 0 0, L_000002e81ca9a450;  1 drivers
v000002e81ca2e7b0_0 .net *"_ivl_129", 0 0, L_000002e81cb08a40;  1 drivers
v000002e81ca2cd70_0 .net *"_ivl_13", 0 0, L_000002e81ca96c10;  1 drivers
v000002e81ca2d810_0 .net *"_ivl_132", 0 0, L_000002e81ca99410;  1 drivers
v000002e81ca2c5f0_0 .net *"_ivl_133", 0 0, L_000002e81cb07a80;  1 drivers
v000002e81ca2e2b0_0 .net *"_ivl_136", 0 0, L_000002e81ca9a630;  1 drivers
v000002e81ca2db30_0 .net *"_ivl_137", 0 0, L_000002e81cb077e0;  1 drivers
v000002e81ca2d3b0_0 .net *"_ivl_140", 0 0, L_000002e81ca99e10;  1 drivers
v000002e81ca2e530_0 .net *"_ivl_141", 0 0, L_000002e81cb08c00;  1 drivers
v000002e81ca2e3f0_0 .net *"_ivl_143", 0 0, L_000002e81cb07380;  1 drivers
v000002e81ca2e0d0_0 .net *"_ivl_146", 0 0, L_000002e81ca988d0;  1 drivers
v000002e81ca2d6d0_0 .net *"_ivl_148", 0 0, L_000002e81ca99af0;  1 drivers
v000002e81ca2e5d0_0 .net *"_ivl_149", 0 0, L_000002e81cb081f0;  1 drivers
v000002e81ca2e490_0 .net *"_ivl_15", 0 0, L_000002e81ca98330;  1 drivers
v000002e81ca2ca50_0 .net *"_ivl_152", 0 0, L_000002e81ca99a50;  1 drivers
v000002e81ca2e670_0 .net *"_ivl_153", 0 0, L_000002e81cb073f0;  1 drivers
v000002e81ca2d770_0 .net *"_ivl_156", 0 0, L_000002e81ca99eb0;  1 drivers
v000002e81ca2c230_0 .net *"_ivl_16", 0 0, L_000002e81cb059b0;  1 drivers
v000002e81ca2e710_0 .net *"_ivl_160", 0 0, L_000002e81ca9a950;  1 drivers
v000002e81ca2c4b0_0 .net *"_ivl_162", 0 0, L_000002e81ca99370;  1 drivers
v000002e81ca2caf0_0 .net *"_ivl_164", 0 0, L_000002e81ca9a1d0;  1 drivers
v000002e81ca2dd10_0 .net *"_ivl_165", 0 0, L_000002e81cb08810;  1 drivers
v000002e81ca2e8f0_0 .net *"_ivl_167", 0 0, L_000002e81cb08030;  1 drivers
v000002e81ca2c2d0_0 .net *"_ivl_170", 0 0, L_000002e81ca9a8b0;  1 drivers
v000002e81ca2c370_0 .net *"_ivl_172", 0 0, L_000002e81ca99c30;  1 drivers
v000002e81ca2e170_0 .net *"_ivl_173", 0 0, L_000002e81cb087a0;  1 drivers
v000002e81ca2cb90_0 .net *"_ivl_176", 0 0, L_000002e81ca99730;  1 drivers
v000002e81ca2e210_0 .net *"_ivl_177", 0 0, L_000002e81cb08880;  1 drivers
v000002e81ca2cf50_0 .net *"_ivl_179", 0 0, L_000002e81cb088f0;  1 drivers
v000002e81ca2d450_0 .net *"_ivl_18", 0 0, L_000002e81cb05a20;  1 drivers
v000002e81ca2c410_0 .net *"_ivl_182", 0 0, L_000002e81ca9a770;  1 drivers
v000002e81ca2c730_0 .net *"_ivl_184", 0 0, L_000002e81ca9a130;  1 drivers
v000002e81ca2c690_0 .net *"_ivl_185", 0 0, L_000002e81cb07af0;  1 drivers
v000002e81ca2cff0_0 .net *"_ivl_188", 0 0, L_000002e81ca9ae50;  1 drivers
v000002e81ca2ccd0_0 .net *"_ivl_189", 0 0, L_000002e81cb08960;  1 drivers
v000002e81ca2ddb0_0 .net *"_ivl_192", 0 0, L_000002e81ca99cd0;  1 drivers
v000002e81ca2def0_0 .net *"_ivl_193", 0 0, L_000002e81cb08ab0;  1 drivers
v000002e81ca2d8b0_0 .net *"_ivl_198", 3 0, L_000002e81ca98790;  1 drivers
v000002e81ca2ce10_0 .net *"_ivl_23", 0 0, L_000002e81ca96d50;  1 drivers
v000002e81ca2c7d0_0 .net *"_ivl_25", 0 0, L_000002e81ca96df0;  1 drivers
v000002e81ca2d1d0_0 .net *"_ivl_27", 0 0, L_000002e81ca983d0;  1 drivers
v000002e81ca2c870_0 .net *"_ivl_28", 0 0, L_000002e81cb05a90;  1 drivers
v000002e81ca2ceb0_0 .net *"_ivl_30", 0 0, L_000002e81cb05b00;  1 drivers
v000002e81ca2d090_0 .net *"_ivl_33", 0 0, L_000002e81ca97390;  1 drivers
v000002e81ca2d4f0_0 .net *"_ivl_35", 0 0, L_000002e81ca97570;  1 drivers
v000002e81ca2d130_0 .net *"_ivl_36", 0 0, L_000002e81cb05c50;  1 drivers
v000002e81ca2d950_0 .net *"_ivl_39", 0 0, L_000002e81ca97610;  1 drivers
v000002e81ca2d9f0_0 .net *"_ivl_40", 0 0, L_000002e81cb05e80;  1 drivers
v000002e81ca2da90_0 .net *"_ivl_42", 0 0, L_000002e81cb07fc0;  1 drivers
v000002e81ca2f110_0 .net *"_ivl_47", 0 0, L_000002e81ca976b0;  1 drivers
v000002e81ca2f1b0_0 .net *"_ivl_49", 0 0, L_000002e81ca97750;  1 drivers
v000002e81ca2f750_0 .net *"_ivl_51", 0 0, L_000002e81ca977f0;  1 drivers
v000002e81ca2f890_0 .net *"_ivl_52", 0 0, L_000002e81cb08ce0;  1 drivers
v000002e81ca2ead0_0 .net *"_ivl_54", 0 0, L_000002e81cb085e0;  1 drivers
v000002e81ca2f570_0 .net *"_ivl_57", 0 0, L_000002e81ca99ff0;  1 drivers
v000002e81ca2f930_0 .net *"_ivl_59", 0 0, L_000002e81ca9a4f0;  1 drivers
v000002e81ca2f9d0_0 .net *"_ivl_60", 0 0, L_000002e81cb08260;  1 drivers
v000002e81ca2fb10_0 .net *"_ivl_63", 0 0, L_000002e81ca9aa90;  1 drivers
v000002e81ca2ed50_0 .net *"_ivl_64", 0 0, L_000002e81cb079a0;  1 drivers
v000002e81ca2fbb0_0 .net *"_ivl_66", 0 0, L_000002e81cb08500;  1 drivers
v000002e81ca2edf0_0 .net *"_ivl_69", 0 0, L_000002e81ca98b50;  1 drivers
v000002e81ca30150_0 .net *"_ivl_7", 0 0, L_000002e81cb06200;  1 drivers
v000002e81ca30510_0 .net *"_ivl_71", 0 0, L_000002e81ca99230;  1 drivers
v000002e81ca2fa70_0 .net *"_ivl_72", 0 0, L_000002e81cb07e70;  1 drivers
v000002e81ca2f7f0_0 .net *"_ivl_75", 0 0, L_000002e81ca99910;  1 drivers
v000002e81ca2fc50_0 .net *"_ivl_76", 0 0, L_000002e81cb080a0;  1 drivers
v000002e81ca305b0_0 .net *"_ivl_79", 0 0, L_000002e81ca99690;  1 drivers
v000002e81ca2efd0_0 .net *"_ivl_80", 0 0, L_000002e81cb08110;  1 drivers
v000002e81ca30830_0 .net *"_ivl_82", 0 0, L_000002e81cb08180;  1 drivers
v000002e81ca30330_0 .net *"_ivl_88", 0 0, L_000002e81ca99870;  1 drivers
v000002e81ca303d0_0 .net *"_ivl_90", 0 0, L_000002e81ca99190;  1 drivers
v000002e81ca30010_0 .net *"_ivl_92", 0 0, L_000002e81ca9a3b0;  1 drivers
v000002e81ca306f0_0 .net *"_ivl_93", 0 0, L_000002e81cb07bd0;  1 drivers
v000002e81ca2ef30_0 .net *"_ivl_95", 0 0, L_000002e81cb08730;  1 drivers
v000002e81ca2f070_0 .net *"_ivl_98", 0 0, L_000002e81ca999b0;  1 drivers
v000002e81ca2fed0_0 .net "a", 3 0, L_000002e81ca99050;  1 drivers
v000002e81ca301f0_0 .net "b", 3 0, L_000002e81ca990f0;  1 drivers
v000002e81ca2fcf0_0 .net "c", 4 0, L_000002e81ca9ad10;  1 drivers
v000002e81ca2fd90_0 .net "cin", 0 0, L_000002e81ca994b0;  1 drivers
v000002e81ca2fe30_0 .net "cout", 0 0, L_000002e81ca9ab30;  1 drivers
v000002e81ca2ff70_0 .net "g", 3 0, L_000002e81cb058d0;  1 drivers
v000002e81ca2f610_0 .net "group_G", 0 0, L_000002e81cb07c40;  1 drivers
v000002e81ca2f6b0_0 .net "group_P", 0 0, L_000002e81cb089d0;  1 drivers
v000002e81ca2f250_0 .net "p", 3 0, L_000002e81cb05940;  1 drivers
v000002e81ca2f2f0_0 .net "sum", 3 0, L_000002e81cb07930;  1 drivers
L_000002e81ca97070 .part L_000002e81cb058d0, 0, 1;
L_000002e81ca96c10 .part L_000002e81cb05940, 0, 1;
L_000002e81ca98330 .part L_000002e81ca9ad10, 0, 1;
L_000002e81ca96d50 .part L_000002e81cb058d0, 1, 1;
L_000002e81ca96df0 .part L_000002e81cb05940, 1, 1;
L_000002e81ca983d0 .part L_000002e81cb058d0, 0, 1;
L_000002e81ca97390 .part L_000002e81cb05940, 1, 1;
L_000002e81ca97570 .part L_000002e81cb05940, 0, 1;
L_000002e81ca97610 .part L_000002e81ca9ad10, 0, 1;
L_000002e81ca976b0 .part L_000002e81cb058d0, 2, 1;
L_000002e81ca97750 .part L_000002e81cb05940, 2, 1;
L_000002e81ca977f0 .part L_000002e81cb058d0, 1, 1;
L_000002e81ca99ff0 .part L_000002e81cb05940, 2, 1;
L_000002e81ca9a4f0 .part L_000002e81cb05940, 1, 1;
L_000002e81ca9aa90 .part L_000002e81cb058d0, 0, 1;
L_000002e81ca98b50 .part L_000002e81cb05940, 2, 1;
L_000002e81ca99230 .part L_000002e81cb05940, 1, 1;
L_000002e81ca99910 .part L_000002e81cb05940, 0, 1;
L_000002e81ca99690 .part L_000002e81ca9ad10, 0, 1;
LS_000002e81ca9ad10_0_0 .concat8 [ 1 1 1 1], L_000002e81cb06200, L_000002e81cb05a20, L_000002e81cb07fc0, L_000002e81cb08180;
LS_000002e81ca9ad10_0_4 .concat8 [ 1 0 0 0], L_000002e81cb07380;
L_000002e81ca9ad10 .concat8 [ 4 1 0 0], LS_000002e81ca9ad10_0_0, LS_000002e81ca9ad10_0_4;
L_000002e81ca99870 .part L_000002e81cb058d0, 3, 1;
L_000002e81ca99190 .part L_000002e81cb05940, 3, 1;
L_000002e81ca9a3b0 .part L_000002e81cb058d0, 2, 1;
L_000002e81ca999b0 .part L_000002e81cb05940, 3, 1;
L_000002e81ca9a090 .part L_000002e81cb05940, 2, 1;
L_000002e81ca9adb0 .part L_000002e81cb058d0, 1, 1;
L_000002e81ca9a9f0 .part L_000002e81cb05940, 3, 1;
L_000002e81ca9a310 .part L_000002e81cb05940, 2, 1;
L_000002e81ca986f0 .part L_000002e81cb05940, 1, 1;
L_000002e81ca992d0 .part L_000002e81cb058d0, 0, 1;
L_000002e81ca99b90 .part L_000002e81cb05940, 3, 1;
L_000002e81ca9a450 .part L_000002e81cb05940, 2, 1;
L_000002e81ca99410 .part L_000002e81cb05940, 1, 1;
L_000002e81ca9a630 .part L_000002e81cb05940, 0, 1;
L_000002e81ca99e10 .part L_000002e81ca9ad10, 0, 1;
L_000002e81ca988d0 .part L_000002e81cb05940, 3, 1;
L_000002e81ca99af0 .part L_000002e81cb05940, 2, 1;
L_000002e81ca99a50 .part L_000002e81cb05940, 1, 1;
L_000002e81ca99eb0 .part L_000002e81cb05940, 0, 1;
L_000002e81ca9a950 .part L_000002e81cb058d0, 3, 1;
L_000002e81ca99370 .part L_000002e81cb05940, 3, 1;
L_000002e81ca9a1d0 .part L_000002e81cb058d0, 2, 1;
L_000002e81ca9a8b0 .part L_000002e81cb05940, 3, 1;
L_000002e81ca99c30 .part L_000002e81cb05940, 2, 1;
L_000002e81ca99730 .part L_000002e81cb058d0, 1, 1;
L_000002e81ca9a770 .part L_000002e81cb05940, 3, 1;
L_000002e81ca9a130 .part L_000002e81cb05940, 2, 1;
L_000002e81ca9ae50 .part L_000002e81cb05940, 1, 1;
L_000002e81ca99cd0 .part L_000002e81cb058d0, 0, 1;
L_000002e81ca98790 .part L_000002e81ca9ad10, 0, 4;
L_000002e81ca9ab30 .part L_000002e81ca9ad10, 4, 1;
S_000002e81ca32e00 .scope module, "cla_upper" "cla_16bit" 11 38, 12 3 0, S_000002e81c9ffc70;
 .timescale -9 -12;
    .port_info 0 /INPUT 16 "a";
    .port_info 1 /INPUT 16 "b";
    .port_info 2 /INPUT 1 "cin";
    .port_info 3 /OUTPUT 16 "sum";
    .port_info 4 /OUTPUT 1 "group_G";
    .port_info 5 /OUTPUT 1 "group_P";
    .port_info 6 /OUTPUT 1 "cout";
    .port_info 7 /OUTPUT 1 "overflow";
L_000002e81cb29900 .functor BUFZ 1, L_000002e81caa5c20, C4<0>, C4<0>, C4<0>;
L_000002e81cb294a0 .functor AND 1, L_000002e81ca85410, L_000002e81ca84ab0, C4<1>, C4<1>;
L_000002e81cb2a380 .functor OR 1, L_000002e81ca86810, L_000002e81cb294a0, C4<0>, C4<0>;
L_000002e81cb29d60 .functor AND 1, L_000002e81ca846f0, L_000002e81ca86b30, C4<1>, C4<1>;
L_000002e81cb2aa10 .functor OR 1, L_000002e81ca85c30, L_000002e81cb29d60, C4<0>, C4<0>;
L_000002e81cb2acb0 .functor AND 1, L_000002e81ca85a50, L_000002e81ca86770, C4<1>, C4<1>;
L_000002e81cb29970 .functor AND 1, L_000002e81cb2acb0, L_000002e81ca861d0, C4<1>, C4<1>;
L_000002e81cb2a7e0 .functor OR 1, L_000002e81cb2aa10, L_000002e81cb29970, C4<0>, C4<0>;
L_000002e81cb2a5b0 .functor AND 1, L_000002e81ca866d0, L_000002e81ca85690, C4<1>, C4<1>;
L_000002e81cb29ba0 .functor OR 1, L_000002e81ca85230, L_000002e81cb2a5b0, C4<0>, C4<0>;
L_000002e81cb29a50 .functor AND 1, L_000002e81ca85d70, L_000002e81ca85e10, C4<1>, C4<1>;
L_000002e81cb2a3f0 .functor AND 1, L_000002e81cb29a50, L_000002e81ca857d0, C4<1>, C4<1>;
L_000002e81cb29e40 .functor OR 1, L_000002e81cb29ba0, L_000002e81cb2a3f0, C4<0>, C4<0>;
L_000002e81cb2a540 .functor AND 1, L_000002e81ca86e50, L_000002e81ca85190, C4<1>, C4<1>;
L_000002e81cb2a620 .functor AND 1, L_000002e81cb2a540, L_000002e81ca852d0, C4<1>, C4<1>;
L_000002e81cb29430 .functor AND 1, L_000002e81cb2a620, L_000002e81ca86450, C4<1>, C4<1>;
L_000002e81cb2a700 .functor OR 1, L_000002e81cb29e40, L_000002e81cb29430, C4<0>, C4<0>;
L_000002e81cb295f0 .functor AND 1, L_000002e81ca84790, L_000002e81ca85eb0, C4<1>, C4<1>;
L_000002e81cb29350 .functor OR 1, L_000002e81ca84bf0, L_000002e81cb295f0, C4<0>, C4<0>;
L_000002e81cb2a850 .functor AND 1, L_000002e81ca86590, L_000002e81ca868b0, C4<1>, C4<1>;
L_000002e81cb2aaf0 .functor AND 1, L_000002e81cb2a850, L_000002e81ca85370, C4<1>, C4<1>;
L_000002e81cb2ac40 .functor OR 1, L_000002e81cb29350, L_000002e81cb2aaf0, C4<0>, C4<0>;
L_000002e81cb293c0 .functor AND 1, L_000002e81ca86630, L_000002e81ca86270, C4<1>, C4<1>;
L_000002e81cb2ad20 .functor AND 1, L_000002e81cb293c0, L_000002e81ca85ff0, C4<1>, C4<1>;
L_000002e81cb2ad90 .functor AND 1, L_000002e81cb2ad20, L_000002e81ca869f0, C4<1>, C4<1>;
L_000002e81cb2ae00 .functor OR 1, L_000002e81cb2ac40, L_000002e81cb2ad90, C4<0>, C4<0>;
L_000002e81cb292e0 .functor AND 1, L_000002e81ca85870, L_000002e81ca84dd0, C4<1>, C4<1>;
L_000002e81cb2c760 .functor AND 1, L_000002e81cb292e0, L_000002e81ca86310, C4<1>, C4<1>;
L_000002e81cb2b570 .functor AND 1, L_000002e81cb2c760, L_000002e81ca86950, C4<1>, C4<1>;
L_000002e81cb2bab0 .functor AND 1, L_000002e81cb2b570, L_000002e81ca86090, C4<1>, C4<1>;
L_000002e81cb2af50 .functor OR 1, L_000002e81cb2ae00, L_000002e81cb2bab0, C4<0>, C4<0>;
L_000002e81cb2bd50 .functor AND 1, L_000002e81ca84e70, L_000002e81ca86130, C4<1>, C4<1>;
L_000002e81cb2c220 .functor OR 1, L_000002e81ca86c70, L_000002e81cb2bd50, C4<0>, C4<0>;
L_000002e81cb2b7a0 .functor AND 1, L_000002e81ca85910, L_000002e81ca84b50, C4<1>, C4<1>;
L_000002e81cb2bea0 .functor AND 1, L_000002e81cb2b7a0, L_000002e81ca86bd0, C4<1>, C4<1>;
L_000002e81cb2c140 .functor OR 1, L_000002e81cb2c220, L_000002e81cb2bea0, C4<0>, C4<0>;
L_000002e81cb2b810 .functor AND 1, L_000002e81ca84830, L_000002e81ca848d0, C4<1>, C4<1>;
L_000002e81cb2b5e0 .functor AND 1, L_000002e81cb2b810, L_000002e81ca84970, C4<1>, C4<1>;
L_000002e81cb2bc70 .functor AND 1, L_000002e81cb2b5e0, L_000002e81ca85af0, C4<1>, C4<1>;
L_000002e81cb2b420 .functor OR 1, L_000002e81cb2c140, L_000002e81cb2bc70, C4<0>, C4<0>;
L_000002e81cb2b2d0 .functor XNOR 1, L_000002e81ca84c90, L_000002e81ca84d30, C4<0>, C4<0>;
L_000002e81cb2be30 .functor XOR 1, L_000002e81ca84f10, L_000002e81ca854b0, C4<0>, C4<0>;
L_000002e81cb2c530 .functor AND 1, L_000002e81cb2b2d0, L_000002e81cb2be30, C4<1>, C4<1>;
v000002e81ca50140_0 .net *"_ivl_101", 0 0, L_000002e81cb29e40;  1 drivers
v000002e81ca4fce0_0 .net *"_ivl_104", 0 0, L_000002e81ca86e50;  1 drivers
v000002e81ca4e660_0 .net *"_ivl_106", 0 0, L_000002e81ca85190;  1 drivers
v000002e81ca4fa60_0 .net *"_ivl_107", 0 0, L_000002e81cb2a540;  1 drivers
v000002e81ca501e0_0 .net *"_ivl_110", 0 0, L_000002e81ca852d0;  1 drivers
v000002e81ca4f920_0 .net *"_ivl_111", 0 0, L_000002e81cb2a620;  1 drivers
v000002e81ca4dda0_0 .net *"_ivl_114", 0 0, L_000002e81ca86450;  1 drivers
v000002e81ca4e0c0_0 .net *"_ivl_115", 0 0, L_000002e81cb29430;  1 drivers
v000002e81ca4dee0_0 .net *"_ivl_117", 0 0, L_000002e81cb2a700;  1 drivers
v000002e81ca4e700_0 .net *"_ivl_123", 0 0, L_000002e81ca84bf0;  1 drivers
v000002e81ca4df80_0 .net *"_ivl_125", 0 0, L_000002e81ca84790;  1 drivers
v000002e81ca4e160_0 .net *"_ivl_127", 0 0, L_000002e81ca85eb0;  1 drivers
v000002e81ca4f380_0 .net *"_ivl_128", 0 0, L_000002e81cb295f0;  1 drivers
v000002e81ca4e8e0_0 .net *"_ivl_130", 0 0, L_000002e81cb29350;  1 drivers
v000002e81ca4e200_0 .net *"_ivl_133", 0 0, L_000002e81ca86590;  1 drivers
v000002e81ca4eca0_0 .net *"_ivl_135", 0 0, L_000002e81ca868b0;  1 drivers
v000002e81ca4e2a0_0 .net *"_ivl_136", 0 0, L_000002e81cb2a850;  1 drivers
v000002e81ca4f240_0 .net *"_ivl_139", 0 0, L_000002e81ca85370;  1 drivers
v000002e81ca4e340_0 .net *"_ivl_140", 0 0, L_000002e81cb2aaf0;  1 drivers
v000002e81ca4e980_0 .net *"_ivl_142", 0 0, L_000002e81cb2ac40;  1 drivers
v000002e81ca4ea20_0 .net *"_ivl_145", 0 0, L_000002e81ca86630;  1 drivers
v000002e81ca4eac0_0 .net *"_ivl_147", 0 0, L_000002e81ca86270;  1 drivers
v000002e81ca4eb60_0 .net *"_ivl_148", 0 0, L_000002e81cb293c0;  1 drivers
v000002e81ca4f420_0 .net *"_ivl_151", 0 0, L_000002e81ca85ff0;  1 drivers
v000002e81ca4f4c0_0 .net *"_ivl_152", 0 0, L_000002e81cb2ad20;  1 drivers
v000002e81ca4f560_0 .net *"_ivl_155", 0 0, L_000002e81ca869f0;  1 drivers
v000002e81ca50640_0 .net *"_ivl_156", 0 0, L_000002e81cb2ad90;  1 drivers
v000002e81ca505a0_0 .net *"_ivl_158", 0 0, L_000002e81cb2ae00;  1 drivers
v000002e81ca51220_0 .net *"_ivl_161", 0 0, L_000002e81ca85870;  1 drivers
v000002e81ca529e0_0 .net *"_ivl_163", 0 0, L_000002e81ca84dd0;  1 drivers
v000002e81ca521c0_0 .net *"_ivl_164", 0 0, L_000002e81cb292e0;  1 drivers
v000002e81ca519a0_0 .net *"_ivl_167", 0 0, L_000002e81ca86310;  1 drivers
v000002e81ca50aa0_0 .net *"_ivl_168", 0 0, L_000002e81cb2c760;  1 drivers
v000002e81ca52b20_0 .net *"_ivl_171", 0 0, L_000002e81ca86950;  1 drivers
v000002e81ca50f00_0 .net *"_ivl_172", 0 0, L_000002e81cb2b570;  1 drivers
v000002e81ca51e00_0 .net *"_ivl_175", 0 0, L_000002e81ca86090;  1 drivers
v000002e81ca51f40_0 .net *"_ivl_176", 0 0, L_000002e81cb2bab0;  1 drivers
v000002e81ca51860_0 .net *"_ivl_178", 0 0, L_000002e81cb2af50;  1 drivers
v000002e81ca50460_0 .net *"_ivl_183", 0 0, L_000002e81ca86c70;  1 drivers
v000002e81ca50500_0 .net *"_ivl_185", 0 0, L_000002e81ca84e70;  1 drivers
v000002e81ca50d20_0 .net *"_ivl_187", 0 0, L_000002e81ca86130;  1 drivers
v000002e81ca51ea0_0 .net *"_ivl_188", 0 0, L_000002e81cb2bd50;  1 drivers
v000002e81ca50b40_0 .net *"_ivl_190", 0 0, L_000002e81cb2c220;  1 drivers
v000002e81ca51720_0 .net *"_ivl_193", 0 0, L_000002e81ca85910;  1 drivers
v000002e81ca510e0_0 .net *"_ivl_195", 0 0, L_000002e81ca84b50;  1 drivers
v000002e81ca50dc0_0 .net *"_ivl_196", 0 0, L_000002e81cb2b7a0;  1 drivers
v000002e81ca506e0_0 .net *"_ivl_199", 0 0, L_000002e81ca86bd0;  1 drivers
v000002e81ca50780_0 .net *"_ivl_200", 0 0, L_000002e81cb2bea0;  1 drivers
v000002e81ca512c0_0 .net *"_ivl_202", 0 0, L_000002e81cb2c140;  1 drivers
v000002e81ca52a80_0 .net *"_ivl_205", 0 0, L_000002e81ca84830;  1 drivers
v000002e81ca52260_0 .net *"_ivl_207", 0 0, L_000002e81ca848d0;  1 drivers
v000002e81ca50820_0 .net *"_ivl_208", 0 0, L_000002e81cb2b810;  1 drivers
v000002e81ca52940_0 .net *"_ivl_211", 0 0, L_000002e81ca84970;  1 drivers
v000002e81ca52bc0_0 .net *"_ivl_212", 0 0, L_000002e81cb2b5e0;  1 drivers
v000002e81ca52800_0 .net *"_ivl_215", 0 0, L_000002e81ca85af0;  1 drivers
v000002e81ca51180_0 .net *"_ivl_216", 0 0, L_000002e81cb2bc70;  1 drivers
v000002e81ca50e60_0 .net *"_ivl_223", 0 0, L_000002e81ca84c90;  1 drivers
v000002e81ca52300_0 .net *"_ivl_225", 0 0, L_000002e81ca84d30;  1 drivers
v000002e81ca52120_0 .net *"_ivl_226", 0 0, L_000002e81cb2b2d0;  1 drivers
v000002e81ca523a0_0 .net *"_ivl_229", 0 0, L_000002e81ca84f10;  1 drivers
v000002e81ca51360_0 .net *"_ivl_231", 0 0, L_000002e81ca854b0;  1 drivers
v000002e81ca52080_0 .net *"_ivl_232", 0 0, L_000002e81cb2be30;  1 drivers
v000002e81ca508c0_0 .net *"_ivl_42", 0 0, L_000002e81cb29900;  1 drivers
v000002e81ca52620_0 .net *"_ivl_46", 0 0, L_000002e81ca86810;  1 drivers
v000002e81ca52440_0 .net *"_ivl_48", 0 0, L_000002e81ca85410;  1 drivers
v000002e81ca51d60_0 .net *"_ivl_50", 0 0, L_000002e81ca84ab0;  1 drivers
v000002e81ca50fa0_0 .net *"_ivl_51", 0 0, L_000002e81cb294a0;  1 drivers
v000002e81ca524e0_0 .net *"_ivl_53", 0 0, L_000002e81cb2a380;  1 drivers
v000002e81ca50960_0 .net *"_ivl_58", 0 0, L_000002e81ca85c30;  1 drivers
v000002e81ca50a00_0 .net *"_ivl_60", 0 0, L_000002e81ca846f0;  1 drivers
v000002e81ca51fe0_0 .net *"_ivl_62", 0 0, L_000002e81ca86b30;  1 drivers
v000002e81ca52580_0 .net *"_ivl_63", 0 0, L_000002e81cb29d60;  1 drivers
v000002e81ca515e0_0 .net *"_ivl_65", 0 0, L_000002e81cb2aa10;  1 drivers
v000002e81ca51400_0 .net *"_ivl_68", 0 0, L_000002e81ca85a50;  1 drivers
v000002e81ca51680_0 .net *"_ivl_70", 0 0, L_000002e81ca86770;  1 drivers
v000002e81ca50be0_0 .net *"_ivl_71", 0 0, L_000002e81cb2acb0;  1 drivers
v000002e81ca51040_0 .net *"_ivl_74", 0 0, L_000002e81ca861d0;  1 drivers
v000002e81ca526c0_0 .net *"_ivl_75", 0 0, L_000002e81cb29970;  1 drivers
v000002e81ca51540_0 .net *"_ivl_77", 0 0, L_000002e81cb2a7e0;  1 drivers
v000002e81ca514a0_0 .net *"_ivl_82", 0 0, L_000002e81ca85230;  1 drivers
v000002e81ca50c80_0 .net *"_ivl_84", 0 0, L_000002e81ca866d0;  1 drivers
v000002e81ca517c0_0 .net *"_ivl_86", 0 0, L_000002e81ca85690;  1 drivers
v000002e81ca51900_0 .net *"_ivl_87", 0 0, L_000002e81cb2a5b0;  1 drivers
v000002e81ca51ae0_0 .net *"_ivl_89", 0 0, L_000002e81cb29ba0;  1 drivers
v000002e81ca51a40_0 .net *"_ivl_92", 0 0, L_000002e81ca85d70;  1 drivers
v000002e81ca52760_0 .net *"_ivl_94", 0 0, L_000002e81ca85e10;  1 drivers
v000002e81ca528a0_0 .net *"_ivl_95", 0 0, L_000002e81cb29a50;  1 drivers
v000002e81ca51b80_0 .net *"_ivl_98", 0 0, L_000002e81ca857d0;  1 drivers
v000002e81ca51c20_0 .net *"_ivl_99", 0 0, L_000002e81cb2a3f0;  1 drivers
v000002e81ca51cc0_0 .net "a", 15 0, L_000002e81ca85550;  1 drivers
v000002e81ca54ba0_0 .net "b", 15 0, L_000002e81ca855f0;  1 drivers
v000002e81ca541a0_0 .net "c", 4 0, L_000002e81ca864f0;  1 drivers
v000002e81ca55000_0 .net "cin", 0 0, L_000002e81caa5c20;  alias, 1 drivers
v000002e81ca54100_0 .net "cout", 0 0, L_000002e81ca84a10;  1 drivers
v000002e81ca53700_0 .net "gg", 3 0, L_000002e81ca85730;  1 drivers
v000002e81ca53840_0 .net "gp", 3 0, L_000002e81ca86db0;  1 drivers
v000002e81ca52e40_0 .net "group_G", 0 0, L_000002e81cb2b420;  1 drivers
v000002e81ca54060_0 .net "group_P", 0 0, L_000002e81ca859b0;  1 drivers
v000002e81ca54240_0 .net "overflow", 0 0, L_000002e81cb2c530;  1 drivers
v000002e81ca53e80_0 .net "sum", 15 0, L_000002e81ca85f50;  1 drivers
L_000002e81ca9f270 .part L_000002e81ca85550, 0, 4;
L_000002e81ca9db50 .part L_000002e81ca855f0, 0, 4;
L_000002e81ca9e050 .part L_000002e81ca864f0, 0, 1;
L_000002e81ca80410 .part L_000002e81ca85550, 4, 4;
L_000002e81ca7fb50 .part L_000002e81ca855f0, 4, 4;
L_000002e81ca7f970 .part L_000002e81ca864f0, 1, 1;
L_000002e81ca827b0 .part L_000002e81ca85550, 8, 4;
L_000002e81ca82350 .part L_000002e81ca855f0, 8, 4;
L_000002e81ca845b0 .part L_000002e81ca864f0, 2, 1;
L_000002e81ca85cd0 .part L_000002e81ca85550, 12, 4;
L_000002e81ca85b90 .part L_000002e81ca855f0, 12, 4;
L_000002e81ca850f0 .part L_000002e81ca864f0, 3, 1;
L_000002e81ca85f50 .concat8 [ 4 4 4 4], L_000002e81cb031e0, L_000002e81cb04fa0, L_000002e81cb048a0, L_000002e81cb29ac0;
L_000002e81ca85730 .concat8 [ 1 1 1 1], L_000002e81cb02fb0, L_000002e81cb043d0, L_000002e81cb03e90, L_000002e81cb2a1c0;
L_000002e81ca86db0 .concat8 [ 1 1 1 1], L_000002e81cb03560, L_000002e81cb03480, L_000002e81cb03cd0, L_000002e81cb29890;
L_000002e81ca86810 .part L_000002e81ca85730, 0, 1;
L_000002e81ca85410 .part L_000002e81ca86db0, 0, 1;
L_000002e81ca84ab0 .part L_000002e81ca864f0, 0, 1;
L_000002e81ca85c30 .part L_000002e81ca85730, 1, 1;
L_000002e81ca846f0 .part L_000002e81ca86db0, 1, 1;
L_000002e81ca86b30 .part L_000002e81ca85730, 0, 1;
L_000002e81ca85a50 .part L_000002e81ca86db0, 1, 1;
L_000002e81ca86770 .part L_000002e81ca86db0, 0, 1;
L_000002e81ca861d0 .part L_000002e81ca864f0, 0, 1;
L_000002e81ca85230 .part L_000002e81ca85730, 2, 1;
L_000002e81ca866d0 .part L_000002e81ca86db0, 2, 1;
L_000002e81ca85690 .part L_000002e81ca85730, 1, 1;
L_000002e81ca85d70 .part L_000002e81ca86db0, 2, 1;
L_000002e81ca85e10 .part L_000002e81ca86db0, 1, 1;
L_000002e81ca857d0 .part L_000002e81ca85730, 0, 1;
L_000002e81ca86e50 .part L_000002e81ca86db0, 2, 1;
L_000002e81ca85190 .part L_000002e81ca86db0, 1, 1;
L_000002e81ca852d0 .part L_000002e81ca86db0, 0, 1;
L_000002e81ca86450 .part L_000002e81ca864f0, 0, 1;
LS_000002e81ca864f0_0_0 .concat8 [ 1 1 1 1], L_000002e81cb29900, L_000002e81cb2a380, L_000002e81cb2a7e0, L_000002e81cb2a700;
LS_000002e81ca864f0_0_4 .concat8 [ 1 0 0 0], L_000002e81cb2af50;
L_000002e81ca864f0 .concat8 [ 4 1 0 0], LS_000002e81ca864f0_0_0, LS_000002e81ca864f0_0_4;
L_000002e81ca84bf0 .part L_000002e81ca85730, 3, 1;
L_000002e81ca84790 .part L_000002e81ca86db0, 3, 1;
L_000002e81ca85eb0 .part L_000002e81ca85730, 2, 1;
L_000002e81ca86590 .part L_000002e81ca86db0, 3, 1;
L_000002e81ca868b0 .part L_000002e81ca86db0, 2, 1;
L_000002e81ca85370 .part L_000002e81ca85730, 1, 1;
L_000002e81ca86630 .part L_000002e81ca86db0, 3, 1;
L_000002e81ca86270 .part L_000002e81ca86db0, 2, 1;
L_000002e81ca85ff0 .part L_000002e81ca86db0, 1, 1;
L_000002e81ca869f0 .part L_000002e81ca85730, 0, 1;
L_000002e81ca85870 .part L_000002e81ca86db0, 3, 1;
L_000002e81ca84dd0 .part L_000002e81ca86db0, 2, 1;
L_000002e81ca86310 .part L_000002e81ca86db0, 1, 1;
L_000002e81ca86950 .part L_000002e81ca86db0, 0, 1;
L_000002e81ca86090 .part L_000002e81ca864f0, 0, 1;
L_000002e81ca859b0 .reduce/and L_000002e81ca86db0;
L_000002e81ca86c70 .part L_000002e81ca85730, 3, 1;
L_000002e81ca84e70 .part L_000002e81ca86db0, 3, 1;
L_000002e81ca86130 .part L_000002e81ca85730, 2, 1;
L_000002e81ca85910 .part L_000002e81ca86db0, 3, 1;
L_000002e81ca84b50 .part L_000002e81ca86db0, 2, 1;
L_000002e81ca86bd0 .part L_000002e81ca85730, 1, 1;
L_000002e81ca84830 .part L_000002e81ca86db0, 3, 1;
L_000002e81ca848d0 .part L_000002e81ca86db0, 2, 1;
L_000002e81ca84970 .part L_000002e81ca86db0, 1, 1;
L_000002e81ca85af0 .part L_000002e81ca85730, 0, 1;
L_000002e81ca84a10 .part L_000002e81ca864f0, 4, 1;
L_000002e81ca84c90 .part L_000002e81ca85550, 15, 1;
L_000002e81ca84d30 .part L_000002e81ca855f0, 15, 1;
L_000002e81ca84f10 .part L_000002e81ca85f50, 15, 1;
L_000002e81ca854b0 .part L_000002e81ca85550, 15, 1;
S_000002e81ca31500 .scope generate, "cla4_blocks[0]" "cla4_blocks[0]" 12 32, 12 32 0, S_000002e81ca32e00;
 .timescale -9 -12;
P_000002e81c939e30 .param/l "i" 0 12 32, +C4<00>;
S_000002e81ca324a0 .scope module, "block" "cla_4bit" 12 33, 13 3 0, S_000002e81ca31500;
 .timescale -9 -12;
    .port_info 0 /INPUT 4 "a";
    .port_info 1 /INPUT 4 "b";
    .port_info 2 /INPUT 1 "cin";
    .port_info 3 /OUTPUT 4 "sum";
    .port_info 4 /OUTPUT 1 "group_G";
    .port_info 5 /OUTPUT 1 "group_P";
    .port_info 6 /OUTPUT 1 "cout";
L_000002e81cb098b0 .functor AND 4, L_000002e81ca9f270, L_000002e81ca9db50, C4<1111>, C4<1111>;
L_000002e81cb09530 .functor XOR 4, L_000002e81ca9f270, L_000002e81ca9db50, C4<0000>, C4<0000>;
L_000002e81cb09060 .functor BUFZ 1, L_000002e81ca9e050, C4<0>, C4<0>, C4<0>;
L_000002e81cb09a70 .functor AND 1, L_000002e81ca9c070, L_000002e81ca9d3d0, C4<1>, C4<1>;
L_000002e81cb09d10 .functor OR 1, L_000002e81ca9af90, L_000002e81cb09a70, C4<0>, C4<0>;
L_000002e81cb09c30 .functor AND 1, L_000002e81ca9b7b0, L_000002e81ca9cf70, C4<1>, C4<1>;
L_000002e81cb09d80 .functor OR 1, L_000002e81ca9ce30, L_000002e81cb09c30, C4<0>, C4<0>;
L_000002e81cb09df0 .functor AND 1, L_000002e81ca9d0b0, L_000002e81ca9d470, C4<1>, C4<1>;
L_000002e81cb09220 .functor AND 1, L_000002e81cb09df0, L_000002e81ca9ba30, C4<1>, C4<1>;
L_000002e81cb095a0 .functor OR 1, L_000002e81cb09d80, L_000002e81cb09220, C4<0>, C4<0>;
L_000002e81cb090d0 .functor AND 1, L_000002e81ca9bc10, L_000002e81ca9bfd0, C4<1>, C4<1>;
L_000002e81cb09a00 .functor OR 1, L_000002e81ca9b5d0, L_000002e81cb090d0, C4<0>, C4<0>;
L_000002e81cb09760 .functor AND 1, L_000002e81ca9b990, L_000002e81ca9c6b0, C4<1>, C4<1>;
L_000002e81cb09920 .functor AND 1, L_000002e81cb09760, L_000002e81ca9d5b0, C4<1>, C4<1>;
L_000002e81cb097d0 .functor OR 1, L_000002e81cb09a00, L_000002e81cb09920, C4<0>, C4<0>;
L_000002e81cb08f80 .functor AND 1, L_000002e81ca9c750, L_000002e81ca9b0d0, C4<1>, C4<1>;
L_000002e81cb09140 .functor AND 1, L_000002e81cb08f80, L_000002e81ca9c7f0, C4<1>, C4<1>;
L_000002e81cb09b50 .functor AND 1, L_000002e81cb09140, L_000002e81ca9bcb0, C4<1>, C4<1>;
L_000002e81cb091b0 .functor OR 1, L_000002e81cb097d0, L_000002e81cb09b50, C4<0>, C4<0>;
L_000002e81cb034f0 .functor AND 1, L_000002e81ca9b670, L_000002e81ca9b710, C4<1>, C4<1>;
L_000002e81cb02ca0 .functor OR 1, L_000002e81ca9b2b0, L_000002e81cb034f0, C4<0>, C4<0>;
L_000002e81cb036b0 .functor AND 1, L_000002e81ca9b210, L_000002e81ca9bd50, C4<1>, C4<1>;
L_000002e81cb035d0 .functor AND 1, L_000002e81cb036b0, L_000002e81ca9bdf0, C4<1>, C4<1>;
L_000002e81cb02c30 .functor OR 1, L_000002e81cb02ca0, L_000002e81cb035d0, C4<0>, C4<0>;
L_000002e81cb03870 .functor AND 1, L_000002e81ca9be90, L_000002e81ca9bf30, C4<1>, C4<1>;
L_000002e81cb03640 .functor AND 1, L_000002e81cb03870, L_000002e81ca9c110, C4<1>, C4<1>;
L_000002e81cb02450 .functor AND 1, L_000002e81cb03640, L_000002e81ca9c1b0, C4<1>, C4<1>;
L_000002e81cb02a70 .functor OR 1, L_000002e81cb02c30, L_000002e81cb02450, C4<0>, C4<0>;
L_000002e81cb026f0 .functor AND 1, L_000002e81ca9dab0, L_000002e81ca9e690, C4<1>, C4<1>;
L_000002e81cb02530 .functor AND 1, L_000002e81cb026f0, L_000002e81ca9f450, C4<1>, C4<1>;
L_000002e81cb01f10 .functor AND 1, L_000002e81cb02530, L_000002e81ca9e870, C4<1>, C4<1>;
L_000002e81cb02680 .functor AND 1, L_000002e81cb01f10, L_000002e81ca9e0f0, C4<1>, C4<1>;
L_000002e81cb02ae0 .functor OR 1, L_000002e81cb02a70, L_000002e81cb02680, C4<0>, C4<0>;
L_000002e81cb02290 .functor AND 1, L_000002e81ca9e190, L_000002e81ca9e2d0, C4<1>, C4<1>;
L_000002e81cb02d10 .functor AND 1, L_000002e81cb02290, L_000002e81ca9d6f0, C4<1>, C4<1>;
L_000002e81cb03560 .functor AND 1, L_000002e81cb02d10, L_000002e81ca9e7d0, C4<1>, C4<1>;
L_000002e81cb03020 .functor AND 1, L_000002e81ca9df10, L_000002e81ca9d830, C4<1>, C4<1>;
L_000002e81cb02df0 .functor OR 1, L_000002e81ca9d970, L_000002e81cb03020, C4<0>, C4<0>;
L_000002e81cb025a0 .functor AND 1, L_000002e81ca9ed70, L_000002e81ca9f4f0, C4<1>, C4<1>;
L_000002e81cb039c0 .functor AND 1, L_000002e81cb025a0, L_000002e81ca9e5f0, C4<1>, C4<1>;
L_000002e81cb03aa0 .functor OR 1, L_000002e81cb02df0, L_000002e81cb039c0, C4<0>, C4<0>;
L_000002e81cb02760 .functor AND 1, L_000002e81ca9f590, L_000002e81ca9ef50, C4<1>, C4<1>;
L_000002e81cb02610 .functor AND 1, L_000002e81cb02760, L_000002e81ca9dbf0, C4<1>, C4<1>;
L_000002e81cb03720 .functor AND 1, L_000002e81cb02610, L_000002e81ca9dc90, C4<1>, C4<1>;
L_000002e81cb02fb0 .functor OR 1, L_000002e81cb03aa0, L_000002e81cb03720, C4<0>, C4<0>;
L_000002e81cb031e0 .functor XOR 4, L_000002e81cb09530, L_000002e81ca9de70, C4<0000>, C4<0000>;
v000002e81ca14950_0 .net *"_ivl_100", 0 0, L_000002e81ca9bd50;  1 drivers
v000002e81ca137d0_0 .net *"_ivl_101", 0 0, L_000002e81cb036b0;  1 drivers
v000002e81ca158f0_0 .net *"_ivl_104", 0 0, L_000002e81ca9bdf0;  1 drivers
v000002e81ca155d0_0 .net *"_ivl_105", 0 0, L_000002e81cb035d0;  1 drivers
v000002e81ca14c70_0 .net *"_ivl_107", 0 0, L_000002e81cb02c30;  1 drivers
v000002e81ca13d70_0 .net *"_ivl_11", 0 0, L_000002e81ca9af90;  1 drivers
v000002e81ca144f0_0 .net *"_ivl_110", 0 0, L_000002e81ca9be90;  1 drivers
v000002e81ca13870_0 .net *"_ivl_112", 0 0, L_000002e81ca9bf30;  1 drivers
v000002e81ca14770_0 .net *"_ivl_113", 0 0, L_000002e81cb03870;  1 drivers
v000002e81ca13230_0 .net *"_ivl_116", 0 0, L_000002e81ca9c110;  1 drivers
v000002e81ca13730_0 .net *"_ivl_117", 0 0, L_000002e81cb03640;  1 drivers
v000002e81ca15490_0 .net *"_ivl_120", 0 0, L_000002e81ca9c1b0;  1 drivers
v000002e81ca13ff0_0 .net *"_ivl_121", 0 0, L_000002e81cb02450;  1 drivers
v000002e81ca13a50_0 .net *"_ivl_123", 0 0, L_000002e81cb02a70;  1 drivers
v000002e81ca14d10_0 .net *"_ivl_126", 0 0, L_000002e81ca9dab0;  1 drivers
v000002e81ca14bd0_0 .net *"_ivl_128", 0 0, L_000002e81ca9e690;  1 drivers
v000002e81ca14810_0 .net *"_ivl_129", 0 0, L_000002e81cb026f0;  1 drivers
v000002e81ca15850_0 .net *"_ivl_13", 0 0, L_000002e81ca9c070;  1 drivers
v000002e81ca13c30_0 .net *"_ivl_132", 0 0, L_000002e81ca9f450;  1 drivers
v000002e81ca14db0_0 .net *"_ivl_133", 0 0, L_000002e81cb02530;  1 drivers
v000002e81ca132d0_0 .net *"_ivl_136", 0 0, L_000002e81ca9e870;  1 drivers
v000002e81ca134b0_0 .net *"_ivl_137", 0 0, L_000002e81cb01f10;  1 drivers
v000002e81ca13370_0 .net *"_ivl_140", 0 0, L_000002e81ca9e0f0;  1 drivers
v000002e81ca13410_0 .net *"_ivl_141", 0 0, L_000002e81cb02680;  1 drivers
v000002e81ca13af0_0 .net *"_ivl_143", 0 0, L_000002e81cb02ae0;  1 drivers
v000002e81ca14f90_0 .net *"_ivl_146", 0 0, L_000002e81ca9e190;  1 drivers
v000002e81ca13b90_0 .net *"_ivl_148", 0 0, L_000002e81ca9e2d0;  1 drivers
v000002e81ca14590_0 .net *"_ivl_149", 0 0, L_000002e81cb02290;  1 drivers
v000002e81ca13eb0_0 .net *"_ivl_15", 0 0, L_000002e81ca9d3d0;  1 drivers
v000002e81ca13cd0_0 .net *"_ivl_152", 0 0, L_000002e81ca9d6f0;  1 drivers
v000002e81ca13690_0 .net *"_ivl_153", 0 0, L_000002e81cb02d10;  1 drivers
v000002e81ca13f50_0 .net *"_ivl_156", 0 0, L_000002e81ca9e7d0;  1 drivers
v000002e81ca14090_0 .net *"_ivl_16", 0 0, L_000002e81cb09a70;  1 drivers
v000002e81ca15030_0 .net *"_ivl_160", 0 0, L_000002e81ca9d970;  1 drivers
v000002e81ca15670_0 .net *"_ivl_162", 0 0, L_000002e81ca9df10;  1 drivers
v000002e81ca14130_0 .net *"_ivl_164", 0 0, L_000002e81ca9d830;  1 drivers
v000002e81ca150d0_0 .net *"_ivl_165", 0 0, L_000002e81cb03020;  1 drivers
v000002e81ca141d0_0 .net *"_ivl_167", 0 0, L_000002e81cb02df0;  1 drivers
v000002e81ca148b0_0 .net *"_ivl_170", 0 0, L_000002e81ca9ed70;  1 drivers
v000002e81ca149f0_0 .net *"_ivl_172", 0 0, L_000002e81ca9f4f0;  1 drivers
v000002e81ca14a90_0 .net *"_ivl_173", 0 0, L_000002e81cb025a0;  1 drivers
v000002e81ca15210_0 .net *"_ivl_176", 0 0, L_000002e81ca9e5f0;  1 drivers
v000002e81ca15b70_0 .net *"_ivl_177", 0 0, L_000002e81cb039c0;  1 drivers
v000002e81ca16110_0 .net *"_ivl_179", 0 0, L_000002e81cb03aa0;  1 drivers
v000002e81ca162f0_0 .net *"_ivl_18", 0 0, L_000002e81cb09d10;  1 drivers
v000002e81ca16750_0 .net *"_ivl_182", 0 0, L_000002e81ca9f590;  1 drivers
v000002e81ca175b0_0 .net *"_ivl_184", 0 0, L_000002e81ca9ef50;  1 drivers
v000002e81ca170b0_0 .net *"_ivl_185", 0 0, L_000002e81cb02760;  1 drivers
v000002e81ca164d0_0 .net *"_ivl_188", 0 0, L_000002e81ca9dbf0;  1 drivers
v000002e81ca16c50_0 .net *"_ivl_189", 0 0, L_000002e81cb02610;  1 drivers
v000002e81ca15e90_0 .net *"_ivl_192", 0 0, L_000002e81ca9dc90;  1 drivers
v000002e81ca16070_0 .net *"_ivl_193", 0 0, L_000002e81cb03720;  1 drivers
v000002e81ca16250_0 .net *"_ivl_198", 3 0, L_000002e81ca9de70;  1 drivers
v000002e81ca176f0_0 .net *"_ivl_23", 0 0, L_000002e81ca9ce30;  1 drivers
v000002e81ca17510_0 .net *"_ivl_25", 0 0, L_000002e81ca9b7b0;  1 drivers
v000002e81ca166b0_0 .net *"_ivl_27", 0 0, L_000002e81ca9cf70;  1 drivers
v000002e81ca16390_0 .net *"_ivl_28", 0 0, L_000002e81cb09c30;  1 drivers
v000002e81ca16610_0 .net *"_ivl_30", 0 0, L_000002e81cb09d80;  1 drivers
v000002e81ca15f30_0 .net *"_ivl_33", 0 0, L_000002e81ca9d0b0;  1 drivers
v000002e81ca161b0_0 .net *"_ivl_35", 0 0, L_000002e81ca9d470;  1 drivers
v000002e81ca17150_0 .net *"_ivl_36", 0 0, L_000002e81cb09df0;  1 drivers
v000002e81ca173d0_0 .net *"_ivl_39", 0 0, L_000002e81ca9ba30;  1 drivers
v000002e81ca16430_0 .net *"_ivl_40", 0 0, L_000002e81cb09220;  1 drivers
v000002e81ca16570_0 .net *"_ivl_42", 0 0, L_000002e81cb095a0;  1 drivers
v000002e81ca15c10_0 .net *"_ivl_47", 0 0, L_000002e81ca9b5d0;  1 drivers
v000002e81ca16a70_0 .net *"_ivl_49", 0 0, L_000002e81ca9bc10;  1 drivers
v000002e81ca16bb0_0 .net *"_ivl_51", 0 0, L_000002e81ca9bfd0;  1 drivers
v000002e81ca16b10_0 .net *"_ivl_52", 0 0, L_000002e81cb090d0;  1 drivers
v000002e81ca171f0_0 .net *"_ivl_54", 0 0, L_000002e81cb09a00;  1 drivers
v000002e81ca17e70_0 .net *"_ivl_57", 0 0, L_000002e81ca9b990;  1 drivers
v000002e81ca180f0_0 .net *"_ivl_59", 0 0, L_000002e81ca9c6b0;  1 drivers
v000002e81ca17f10_0 .net *"_ivl_60", 0 0, L_000002e81cb09760;  1 drivers
v000002e81ca17dd0_0 .net *"_ivl_63", 0 0, L_000002e81ca9d5b0;  1 drivers
v000002e81ca17470_0 .net *"_ivl_64", 0 0, L_000002e81cb09920;  1 drivers
v000002e81ca15fd0_0 .net *"_ivl_66", 0 0, L_000002e81cb097d0;  1 drivers
v000002e81ca17290_0 .net *"_ivl_69", 0 0, L_000002e81ca9c750;  1 drivers
v000002e81ca17790_0 .net *"_ivl_7", 0 0, L_000002e81cb09060;  1 drivers
v000002e81ca17b50_0 .net *"_ivl_71", 0 0, L_000002e81ca9b0d0;  1 drivers
v000002e81ca167f0_0 .net *"_ivl_72", 0 0, L_000002e81cb08f80;  1 drivers
v000002e81ca16890_0 .net *"_ivl_75", 0 0, L_000002e81ca9c7f0;  1 drivers
v000002e81ca16930_0 .net *"_ivl_76", 0 0, L_000002e81cb09140;  1 drivers
v000002e81ca17830_0 .net *"_ivl_79", 0 0, L_000002e81ca9bcb0;  1 drivers
v000002e81ca178d0_0 .net *"_ivl_80", 0 0, L_000002e81cb09b50;  1 drivers
v000002e81ca17970_0 .net *"_ivl_82", 0 0, L_000002e81cb091b0;  1 drivers
v000002e81ca17a10_0 .net *"_ivl_88", 0 0, L_000002e81ca9b2b0;  1 drivers
v000002e81ca16ed0_0 .net *"_ivl_90", 0 0, L_000002e81ca9b670;  1 drivers
v000002e81ca169d0_0 .net *"_ivl_92", 0 0, L_000002e81ca9b710;  1 drivers
v000002e81ca18050_0 .net *"_ivl_93", 0 0, L_000002e81cb034f0;  1 drivers
v000002e81ca16cf0_0 .net *"_ivl_95", 0 0, L_000002e81cb02ca0;  1 drivers
v000002e81ca17330_0 .net *"_ivl_98", 0 0, L_000002e81ca9b210;  1 drivers
v000002e81ca17fb0_0 .net "a", 3 0, L_000002e81ca9f270;  1 drivers
v000002e81ca15cb0_0 .net "b", 3 0, L_000002e81ca9db50;  1 drivers
v000002e81ca15990_0 .net "c", 4 0, L_000002e81ca9b170;  1 drivers
v000002e81ca15a30_0 .net "cin", 0 0, L_000002e81ca9e050;  1 drivers
v000002e81ca17ab0_0 .net "cout", 0 0, L_000002e81ca9dd30;  1 drivers
v000002e81ca17bf0_0 .net "g", 3 0, L_000002e81cb098b0;  1 drivers
v000002e81ca15d50_0 .net "group_G", 0 0, L_000002e81cb02fb0;  1 drivers
v000002e81ca16d90_0 .net "group_P", 0 0, L_000002e81cb03560;  1 drivers
v000002e81ca16e30_0 .net "p", 3 0, L_000002e81cb09530;  1 drivers
v000002e81ca16f70_0 .net "sum", 3 0, L_000002e81cb031e0;  1 drivers
L_000002e81ca9af90 .part L_000002e81cb098b0, 0, 1;
L_000002e81ca9c070 .part L_000002e81cb09530, 0, 1;
L_000002e81ca9d3d0 .part L_000002e81ca9b170, 0, 1;
L_000002e81ca9ce30 .part L_000002e81cb098b0, 1, 1;
L_000002e81ca9b7b0 .part L_000002e81cb09530, 1, 1;
L_000002e81ca9cf70 .part L_000002e81cb098b0, 0, 1;
L_000002e81ca9d0b0 .part L_000002e81cb09530, 1, 1;
L_000002e81ca9d470 .part L_000002e81cb09530, 0, 1;
L_000002e81ca9ba30 .part L_000002e81ca9b170, 0, 1;
L_000002e81ca9b5d0 .part L_000002e81cb098b0, 2, 1;
L_000002e81ca9bc10 .part L_000002e81cb09530, 2, 1;
L_000002e81ca9bfd0 .part L_000002e81cb098b0, 1, 1;
L_000002e81ca9b990 .part L_000002e81cb09530, 2, 1;
L_000002e81ca9c6b0 .part L_000002e81cb09530, 1, 1;
L_000002e81ca9d5b0 .part L_000002e81cb098b0, 0, 1;
L_000002e81ca9c750 .part L_000002e81cb09530, 2, 1;
L_000002e81ca9b0d0 .part L_000002e81cb09530, 1, 1;
L_000002e81ca9c7f0 .part L_000002e81cb09530, 0, 1;
L_000002e81ca9bcb0 .part L_000002e81ca9b170, 0, 1;
LS_000002e81ca9b170_0_0 .concat8 [ 1 1 1 1], L_000002e81cb09060, L_000002e81cb09d10, L_000002e81cb095a0, L_000002e81cb091b0;
LS_000002e81ca9b170_0_4 .concat8 [ 1 0 0 0], L_000002e81cb02ae0;
L_000002e81ca9b170 .concat8 [ 4 1 0 0], LS_000002e81ca9b170_0_0, LS_000002e81ca9b170_0_4;
L_000002e81ca9b2b0 .part L_000002e81cb098b0, 3, 1;
L_000002e81ca9b670 .part L_000002e81cb09530, 3, 1;
L_000002e81ca9b710 .part L_000002e81cb098b0, 2, 1;
L_000002e81ca9b210 .part L_000002e81cb09530, 3, 1;
L_000002e81ca9bd50 .part L_000002e81cb09530, 2, 1;
L_000002e81ca9bdf0 .part L_000002e81cb098b0, 1, 1;
L_000002e81ca9be90 .part L_000002e81cb09530, 3, 1;
L_000002e81ca9bf30 .part L_000002e81cb09530, 2, 1;
L_000002e81ca9c110 .part L_000002e81cb09530, 1, 1;
L_000002e81ca9c1b0 .part L_000002e81cb098b0, 0, 1;
L_000002e81ca9dab0 .part L_000002e81cb09530, 3, 1;
L_000002e81ca9e690 .part L_000002e81cb09530, 2, 1;
L_000002e81ca9f450 .part L_000002e81cb09530, 1, 1;
L_000002e81ca9e870 .part L_000002e81cb09530, 0, 1;
L_000002e81ca9e0f0 .part L_000002e81ca9b170, 0, 1;
L_000002e81ca9e190 .part L_000002e81cb09530, 3, 1;
L_000002e81ca9e2d0 .part L_000002e81cb09530, 2, 1;
L_000002e81ca9d6f0 .part L_000002e81cb09530, 1, 1;
L_000002e81ca9e7d0 .part L_000002e81cb09530, 0, 1;
L_000002e81ca9d970 .part L_000002e81cb098b0, 3, 1;
L_000002e81ca9df10 .part L_000002e81cb09530, 3, 1;
L_000002e81ca9d830 .part L_000002e81cb098b0, 2, 1;
L_000002e81ca9ed70 .part L_000002e81cb09530, 3, 1;
L_000002e81ca9f4f0 .part L_000002e81cb09530, 2, 1;
L_000002e81ca9e5f0 .part L_000002e81cb098b0, 1, 1;
L_000002e81ca9f590 .part L_000002e81cb09530, 3, 1;
L_000002e81ca9ef50 .part L_000002e81cb09530, 2, 1;
L_000002e81ca9dbf0 .part L_000002e81cb09530, 1, 1;
L_000002e81ca9dc90 .part L_000002e81cb098b0, 0, 1;
L_000002e81ca9de70 .part L_000002e81ca9b170, 0, 4;
L_000002e81ca9dd30 .part L_000002e81ca9b170, 4, 1;
S_000002e81ca32c70 .scope generate, "cla4_blocks[1]" "cla4_blocks[1]" 12 32, 12 32 0, S_000002e81ca32e00;
 .timescale -9 -12;
P_000002e81c939f30 .param/l "i" 0 12 32, +C4<01>;
S_000002e81ca32f90 .scope module, "block" "cla_4bit" 12 33, 13 3 0, S_000002e81ca32c70;
 .timescale -9 -12;
    .port_info 0 /INPUT 4 "a";
    .port_info 1 /INPUT 4 "b";
    .port_info 2 /INPUT 1 "cin";
    .port_info 3 /OUTPUT 4 "sum";
    .port_info 4 /OUTPUT 1 "group_G";
    .port_info 5 /OUTPUT 1 "group_P";
    .port_info 6 /OUTPUT 1 "cout";
L_000002e81cb024c0 .functor AND 4, L_000002e81ca80410, L_000002e81ca7fb50, C4<1111>, C4<1111>;
L_000002e81cb02b50 .functor XOR 4, L_000002e81ca80410, L_000002e81ca7fb50, C4<0000>, C4<0000>;
L_000002e81cb02370 .functor BUFZ 1, L_000002e81ca7f970, C4<0>, C4<0>, C4<0>;
L_000002e81cb01f80 .functor AND 1, L_000002e81ca9eff0, L_000002e81ca9eb90, C4<1>, C4<1>;
L_000002e81cb023e0 .functor OR 1, L_000002e81ca9e230, L_000002e81cb01f80, C4<0>, C4<0>;
L_000002e81cb02d80 .functor AND 1, L_000002e81ca9ee10, L_000002e81ca9ecd0, C4<1>, C4<1>;
L_000002e81cb02e60 .functor OR 1, L_000002e81ca9e410, L_000002e81cb02d80, C4<0>, C4<0>;
L_000002e81cb02300 .functor AND 1, L_000002e81ca9d790, L_000002e81ca9ddd0, C4<1>, C4<1>;
L_000002e81cb02ed0 .functor AND 1, L_000002e81cb02300, L_000002e81ca9e370, C4<1>, C4<1>;
L_000002e81cb03790 .functor OR 1, L_000002e81cb02e60, L_000002e81cb02ed0, C4<0>, C4<0>;
L_000002e81cb01ff0 .functor AND 1, L_000002e81ca9eeb0, L_000002e81ca9da10, C4<1>, C4<1>;
L_000002e81cb02060 .functor OR 1, L_000002e81ca9d8d0, L_000002e81cb01ff0, C4<0>, C4<0>;
L_000002e81cb027d0 .functor AND 1, L_000002e81ca9f090, L_000002e81ca9f130, C4<1>, C4<1>;
L_000002e81cb02840 .functor AND 1, L_000002e81cb027d0, L_000002e81ca9dfb0, C4<1>, C4<1>;
L_000002e81cb02bc0 .functor OR 1, L_000002e81cb02060, L_000002e81cb02840, C4<0>, C4<0>;
L_000002e81cb03950 .functor AND 1, L_000002e81ca9e4b0, L_000002e81ca9e550, C4<1>, C4<1>;
L_000002e81cb03a30 .functor AND 1, L_000002e81cb03950, L_000002e81ca9e730, C4<1>, C4<1>;
L_000002e81cb021b0 .functor AND 1, L_000002e81cb03a30, L_000002e81ca9f3b0, C4<1>, C4<1>;
L_000002e81cb028b0 .functor OR 1, L_000002e81cb02bc0, L_000002e81cb021b0, C4<0>, C4<0>;
L_000002e81cb02f40 .functor AND 1, L_000002e81ca9eaf0, L_000002e81ca9ec30, C4<1>, C4<1>;
L_000002e81cb02920 .functor OR 1, L_000002e81ca9ea50, L_000002e81cb02f40, C4<0>, C4<0>;
L_000002e81cb03250 .functor AND 1, L_000002e81ca9e9b0, L_000002e81ca9f1d0, C4<1>, C4<1>;
L_000002e81cb03410 .functor AND 1, L_000002e81cb03250, L_000002e81ca9f310, C4<1>, C4<1>;
L_000002e81cb03800 .functor OR 1, L_000002e81cb02920, L_000002e81cb03410, C4<0>, C4<0>;
L_000002e81cb032c0 .functor AND 1, L_000002e81ca7fd30, L_000002e81ca81db0, C4<1>, C4<1>;
L_000002e81cb02990 .functor AND 1, L_000002e81cb032c0, L_000002e81ca81130, C4<1>, C4<1>;
L_000002e81cb020d0 .functor AND 1, L_000002e81cb02990, L_000002e81ca804b0, C4<1>, C4<1>;
L_000002e81cb03100 .functor OR 1, L_000002e81cb03800, L_000002e81cb020d0, C4<0>, C4<0>;
L_000002e81cb02a00 .functor AND 1, L_000002e81ca80050, L_000002e81ca81090, C4<1>, C4<1>;
L_000002e81cb03090 .functor AND 1, L_000002e81cb02a00, L_000002e81ca80910, C4<1>, C4<1>;
L_000002e81cb03170 .functor AND 1, L_000002e81cb03090, L_000002e81ca80550, C4<1>, C4<1>;
L_000002e81cb02140 .functor AND 1, L_000002e81cb03170, L_000002e81ca814f0, C4<1>, C4<1>;
L_000002e81cb03330 .functor OR 1, L_000002e81cb03100, L_000002e81cb02140, C4<0>, C4<0>;
L_000002e81cb02220 .functor AND 1, L_000002e81ca80cd0, L_000002e81ca7fab0, C4<1>, C4<1>;
L_000002e81cb033a0 .functor AND 1, L_000002e81cb02220, L_000002e81ca81450, C4<1>, C4<1>;
L_000002e81cb03480 .functor AND 1, L_000002e81cb033a0, L_000002e81ca81810, C4<1>, C4<1>;
L_000002e81cb038e0 .functor AND 1, L_000002e81ca818b0, L_000002e81ca81c70, C4<1>, C4<1>;
L_000002e81cb04050 .functor OR 1, L_000002e81ca813b0, L_000002e81cb038e0, C4<0>, C4<0>;
L_000002e81cb05080 .functor AND 1, L_000002e81ca81270, L_000002e81ca81e50, C4<1>, C4<1>;
L_000002e81cb04d00 .functor AND 1, L_000002e81cb05080, L_000002e81ca80b90, C4<1>, C4<1>;
L_000002e81cb04360 .functor OR 1, L_000002e81cb04050, L_000002e81cb04d00, C4<0>, C4<0>;
L_000002e81cb040c0 .functor AND 1, L_000002e81ca80690, L_000002e81ca81630, C4<1>, C4<1>;
L_000002e81cb03d40 .functor AND 1, L_000002e81cb040c0, L_000002e81ca81310, C4<1>, C4<1>;
L_000002e81cb044b0 .functor AND 1, L_000002e81cb03d40, L_000002e81ca80eb0, C4<1>, C4<1>;
L_000002e81cb043d0 .functor OR 1, L_000002e81cb04360, L_000002e81cb044b0, C4<0>, C4<0>;
L_000002e81cb04fa0 .functor XOR 4, L_000002e81cb02b50, L_000002e81ca80c30, C4<0000>, C4<0000>;
v000002e81ca17010_0 .net *"_ivl_100", 0 0, L_000002e81ca9f1d0;  1 drivers
v000002e81ca15ad0_0 .net *"_ivl_101", 0 0, L_000002e81cb03250;  1 drivers
v000002e81ca17650_0 .net *"_ivl_104", 0 0, L_000002e81ca9f310;  1 drivers
v000002e81ca17c90_0 .net *"_ivl_105", 0 0, L_000002e81cb03410;  1 drivers
v000002e81ca17d30_0 .net *"_ivl_107", 0 0, L_000002e81cb03800;  1 drivers
v000002e81ca15df0_0 .net *"_ivl_11", 0 0, L_000002e81ca9e230;  1 drivers
v000002e81ca451a0_0 .net *"_ivl_110", 0 0, L_000002e81ca7fd30;  1 drivers
v000002e81ca44ca0_0 .net *"_ivl_112", 0 0, L_000002e81ca81db0;  1 drivers
v000002e81ca45ce0_0 .net *"_ivl_113", 0 0, L_000002e81cb032c0;  1 drivers
v000002e81ca45e20_0 .net *"_ivl_116", 0 0, L_000002e81ca81130;  1 drivers
v000002e81ca46320_0 .net *"_ivl_117", 0 0, L_000002e81cb02990;  1 drivers
v000002e81ca463c0_0 .net *"_ivl_120", 0 0, L_000002e81ca804b0;  1 drivers
v000002e81ca45740_0 .net *"_ivl_121", 0 0, L_000002e81cb020d0;  1 drivers
v000002e81ca45600_0 .net *"_ivl_123", 0 0, L_000002e81cb03100;  1 drivers
v000002e81ca44de0_0 .net *"_ivl_126", 0 0, L_000002e81ca80050;  1 drivers
v000002e81ca44c00_0 .net *"_ivl_128", 0 0, L_000002e81ca81090;  1 drivers
v000002e81ca44e80_0 .net *"_ivl_129", 0 0, L_000002e81cb02a00;  1 drivers
v000002e81ca445c0_0 .net *"_ivl_13", 0 0, L_000002e81ca9eff0;  1 drivers
v000002e81ca44a20_0 .net *"_ivl_132", 0 0, L_000002e81ca80910;  1 drivers
v000002e81ca45880_0 .net *"_ivl_133", 0 0, L_000002e81cb03090;  1 drivers
v000002e81ca45380_0 .net *"_ivl_136", 0 0, L_000002e81ca80550;  1 drivers
v000002e81ca447a0_0 .net *"_ivl_137", 0 0, L_000002e81cb03170;  1 drivers
v000002e81ca44f20_0 .net *"_ivl_140", 0 0, L_000002e81ca814f0;  1 drivers
v000002e81ca44160_0 .net *"_ivl_141", 0 0, L_000002e81cb02140;  1 drivers
v000002e81ca44340_0 .net *"_ivl_143", 0 0, L_000002e81cb03330;  1 drivers
v000002e81ca44520_0 .net *"_ivl_146", 0 0, L_000002e81ca80cd0;  1 drivers
v000002e81ca459c0_0 .net *"_ivl_148", 0 0, L_000002e81ca7fab0;  1 drivers
v000002e81ca457e0_0 .net *"_ivl_149", 0 0, L_000002e81cb02220;  1 drivers
v000002e81ca44980_0 .net *"_ivl_15", 0 0, L_000002e81ca9eb90;  1 drivers
v000002e81ca44660_0 .net *"_ivl_152", 0 0, L_000002e81ca81450;  1 drivers
v000002e81ca448e0_0 .net *"_ivl_153", 0 0, L_000002e81cb033a0;  1 drivers
v000002e81ca44200_0 .net *"_ivl_156", 0 0, L_000002e81ca81810;  1 drivers
v000002e81ca44480_0 .net *"_ivl_16", 0 0, L_000002e81cb01f80;  1 drivers
v000002e81ca45420_0 .net *"_ivl_160", 0 0, L_000002e81ca813b0;  1 drivers
v000002e81ca456a0_0 .net *"_ivl_162", 0 0, L_000002e81ca818b0;  1 drivers
v000002e81ca44700_0 .net *"_ivl_164", 0 0, L_000002e81ca81c70;  1 drivers
v000002e81ca44840_0 .net *"_ivl_165", 0 0, L_000002e81cb038e0;  1 drivers
v000002e81ca43e40_0 .net *"_ivl_167", 0 0, L_000002e81cb04050;  1 drivers
v000002e81ca44d40_0 .net *"_ivl_170", 0 0, L_000002e81ca81270;  1 drivers
v000002e81ca44fc0_0 .net *"_ivl_172", 0 0, L_000002e81ca81e50;  1 drivers
v000002e81ca45060_0 .net *"_ivl_173", 0 0, L_000002e81cb05080;  1 drivers
v000002e81ca454c0_0 .net *"_ivl_176", 0 0, L_000002e81ca80b90;  1 drivers
v000002e81ca46140_0 .net *"_ivl_177", 0 0, L_000002e81cb04d00;  1 drivers
v000002e81ca43c60_0 .net *"_ivl_179", 0 0, L_000002e81cb04360;  1 drivers
v000002e81ca461e0_0 .net *"_ivl_18", 0 0, L_000002e81cb023e0;  1 drivers
v000002e81ca460a0_0 .net *"_ivl_182", 0 0, L_000002e81ca80690;  1 drivers
v000002e81ca45920_0 .net *"_ivl_184", 0 0, L_000002e81ca81630;  1 drivers
v000002e81ca442a0_0 .net *"_ivl_185", 0 0, L_000002e81cb040c0;  1 drivers
v000002e81ca45560_0 .net *"_ivl_188", 0 0, L_000002e81ca81310;  1 drivers
v000002e81ca45a60_0 .net *"_ivl_189", 0 0, L_000002e81cb03d40;  1 drivers
v000002e81ca45ec0_0 .net *"_ivl_192", 0 0, L_000002e81ca80eb0;  1 drivers
v000002e81ca44ac0_0 .net *"_ivl_193", 0 0, L_000002e81cb044b0;  1 drivers
v000002e81ca443e0_0 .net *"_ivl_198", 3 0, L_000002e81ca80c30;  1 drivers
v000002e81ca44b60_0 .net *"_ivl_23", 0 0, L_000002e81ca9e410;  1 drivers
v000002e81ca45b00_0 .net *"_ivl_25", 0 0, L_000002e81ca9ee10;  1 drivers
v000002e81ca45ba0_0 .net *"_ivl_27", 0 0, L_000002e81ca9ecd0;  1 drivers
v000002e81ca45c40_0 .net *"_ivl_28", 0 0, L_000002e81cb02d80;  1 drivers
v000002e81ca45d80_0 .net *"_ivl_30", 0 0, L_000002e81cb02e60;  1 drivers
v000002e81ca45240_0 .net *"_ivl_33", 0 0, L_000002e81ca9d790;  1 drivers
v000002e81ca45100_0 .net *"_ivl_35", 0 0, L_000002e81ca9ddd0;  1 drivers
v000002e81ca43d00_0 .net *"_ivl_36", 0 0, L_000002e81cb02300;  1 drivers
v000002e81ca452e0_0 .net *"_ivl_39", 0 0, L_000002e81ca9e370;  1 drivers
v000002e81ca45f60_0 .net *"_ivl_40", 0 0, L_000002e81cb02ed0;  1 drivers
v000002e81ca46280_0 .net *"_ivl_42", 0 0, L_000002e81cb03790;  1 drivers
v000002e81ca43f80_0 .net *"_ivl_47", 0 0, L_000002e81ca9d8d0;  1 drivers
v000002e81ca46000_0 .net *"_ivl_49", 0 0, L_000002e81ca9eeb0;  1 drivers
v000002e81ca43da0_0 .net *"_ivl_51", 0 0, L_000002e81ca9da10;  1 drivers
v000002e81ca43ee0_0 .net *"_ivl_52", 0 0, L_000002e81cb01ff0;  1 drivers
v000002e81ca44020_0 .net *"_ivl_54", 0 0, L_000002e81cb02060;  1 drivers
v000002e81ca440c0_0 .net *"_ivl_57", 0 0, L_000002e81ca9f090;  1 drivers
v000002e81ca46e60_0 .net *"_ivl_59", 0 0, L_000002e81ca9f130;  1 drivers
v000002e81ca46f00_0 .net *"_ivl_60", 0 0, L_000002e81cb027d0;  1 drivers
v000002e81ca47680_0 .net *"_ivl_63", 0 0, L_000002e81ca9dfb0;  1 drivers
v000002e81ca477c0_0 .net *"_ivl_64", 0 0, L_000002e81cb02840;  1 drivers
v000002e81ca46640_0 .net *"_ivl_66", 0 0, L_000002e81cb02bc0;  1 drivers
v000002e81ca47400_0 .net *"_ivl_69", 0 0, L_000002e81ca9e4b0;  1 drivers
v000002e81ca47860_0 .net *"_ivl_7", 0 0, L_000002e81cb02370;  1 drivers
v000002e81ca47900_0 .net *"_ivl_71", 0 0, L_000002e81ca9e550;  1 drivers
v000002e81ca47ae0_0 .net *"_ivl_72", 0 0, L_000002e81cb03950;  1 drivers
v000002e81ca468c0_0 .net *"_ivl_75", 0 0, L_000002e81ca9e730;  1 drivers
v000002e81ca48260_0 .net *"_ivl_76", 0 0, L_000002e81cb03a30;  1 drivers
v000002e81ca48760_0 .net *"_ivl_79", 0 0, L_000002e81ca9f3b0;  1 drivers
v000002e81ca479a0_0 .net *"_ivl_80", 0 0, L_000002e81cb021b0;  1 drivers
v000002e81ca475e0_0 .net *"_ivl_82", 0 0, L_000002e81cb028b0;  1 drivers
v000002e81ca47cc0_0 .net *"_ivl_88", 0 0, L_000002e81ca9ea50;  1 drivers
v000002e81ca48800_0 .net *"_ivl_90", 0 0, L_000002e81ca9eaf0;  1 drivers
v000002e81ca48580_0 .net *"_ivl_92", 0 0, L_000002e81ca9ec30;  1 drivers
v000002e81ca48bc0_0 .net *"_ivl_93", 0 0, L_000002e81cb02f40;  1 drivers
v000002e81ca489e0_0 .net *"_ivl_95", 0 0, L_000002e81cb02920;  1 drivers
v000002e81ca48620_0 .net *"_ivl_98", 0 0, L_000002e81ca9e9b0;  1 drivers
v000002e81ca481c0_0 .net "a", 3 0, L_000002e81ca80410;  1 drivers
v000002e81ca48a80_0 .net "b", 3 0, L_000002e81ca7fb50;  1 drivers
v000002e81ca46be0_0 .net "c", 4 0, L_000002e81ca9e910;  1 drivers
v000002e81ca46c80_0 .net "cin", 0 0, L_000002e81ca7f970;  1 drivers
v000002e81ca47fe0_0 .net "cout", 0 0, L_000002e81ca811d0;  1 drivers
v000002e81ca486c0_0 .net "g", 3 0, L_000002e81cb024c0;  1 drivers
v000002e81ca47e00_0 .net "group_G", 0 0, L_000002e81cb043d0;  1 drivers
v000002e81ca470e0_0 .net "group_P", 0 0, L_000002e81cb03480;  1 drivers
v000002e81ca46fa0_0 .net "p", 3 0, L_000002e81cb02b50;  1 drivers
v000002e81ca47720_0 .net "sum", 3 0, L_000002e81cb04fa0;  1 drivers
L_000002e81ca9e230 .part L_000002e81cb024c0, 0, 1;
L_000002e81ca9eff0 .part L_000002e81cb02b50, 0, 1;
L_000002e81ca9eb90 .part L_000002e81ca9e910, 0, 1;
L_000002e81ca9e410 .part L_000002e81cb024c0, 1, 1;
L_000002e81ca9ee10 .part L_000002e81cb02b50, 1, 1;
L_000002e81ca9ecd0 .part L_000002e81cb024c0, 0, 1;
L_000002e81ca9d790 .part L_000002e81cb02b50, 1, 1;
L_000002e81ca9ddd0 .part L_000002e81cb02b50, 0, 1;
L_000002e81ca9e370 .part L_000002e81ca9e910, 0, 1;
L_000002e81ca9d8d0 .part L_000002e81cb024c0, 2, 1;
L_000002e81ca9eeb0 .part L_000002e81cb02b50, 2, 1;
L_000002e81ca9da10 .part L_000002e81cb024c0, 1, 1;
L_000002e81ca9f090 .part L_000002e81cb02b50, 2, 1;
L_000002e81ca9f130 .part L_000002e81cb02b50, 1, 1;
L_000002e81ca9dfb0 .part L_000002e81cb024c0, 0, 1;
L_000002e81ca9e4b0 .part L_000002e81cb02b50, 2, 1;
L_000002e81ca9e550 .part L_000002e81cb02b50, 1, 1;
L_000002e81ca9e730 .part L_000002e81cb02b50, 0, 1;
L_000002e81ca9f3b0 .part L_000002e81ca9e910, 0, 1;
LS_000002e81ca9e910_0_0 .concat8 [ 1 1 1 1], L_000002e81cb02370, L_000002e81cb023e0, L_000002e81cb03790, L_000002e81cb028b0;
LS_000002e81ca9e910_0_4 .concat8 [ 1 0 0 0], L_000002e81cb03330;
L_000002e81ca9e910 .concat8 [ 4 1 0 0], LS_000002e81ca9e910_0_0, LS_000002e81ca9e910_0_4;
L_000002e81ca9ea50 .part L_000002e81cb024c0, 3, 1;
L_000002e81ca9eaf0 .part L_000002e81cb02b50, 3, 1;
L_000002e81ca9ec30 .part L_000002e81cb024c0, 2, 1;
L_000002e81ca9e9b0 .part L_000002e81cb02b50, 3, 1;
L_000002e81ca9f1d0 .part L_000002e81cb02b50, 2, 1;
L_000002e81ca9f310 .part L_000002e81cb024c0, 1, 1;
L_000002e81ca7fd30 .part L_000002e81cb02b50, 3, 1;
L_000002e81ca81db0 .part L_000002e81cb02b50, 2, 1;
L_000002e81ca81130 .part L_000002e81cb02b50, 1, 1;
L_000002e81ca804b0 .part L_000002e81cb024c0, 0, 1;
L_000002e81ca80050 .part L_000002e81cb02b50, 3, 1;
L_000002e81ca81090 .part L_000002e81cb02b50, 2, 1;
L_000002e81ca80910 .part L_000002e81cb02b50, 1, 1;
L_000002e81ca80550 .part L_000002e81cb02b50, 0, 1;
L_000002e81ca814f0 .part L_000002e81ca9e910, 0, 1;
L_000002e81ca80cd0 .part L_000002e81cb02b50, 3, 1;
L_000002e81ca7fab0 .part L_000002e81cb02b50, 2, 1;
L_000002e81ca81450 .part L_000002e81cb02b50, 1, 1;
L_000002e81ca81810 .part L_000002e81cb02b50, 0, 1;
L_000002e81ca813b0 .part L_000002e81cb024c0, 3, 1;
L_000002e81ca818b0 .part L_000002e81cb02b50, 3, 1;
L_000002e81ca81c70 .part L_000002e81cb024c0, 2, 1;
L_000002e81ca81270 .part L_000002e81cb02b50, 3, 1;
L_000002e81ca81e50 .part L_000002e81cb02b50, 2, 1;
L_000002e81ca80b90 .part L_000002e81cb024c0, 1, 1;
L_000002e81ca80690 .part L_000002e81cb02b50, 3, 1;
L_000002e81ca81630 .part L_000002e81cb02b50, 2, 1;
L_000002e81ca81310 .part L_000002e81cb02b50, 1, 1;
L_000002e81ca80eb0 .part L_000002e81cb024c0, 0, 1;
L_000002e81ca80c30 .part L_000002e81ca9e910, 0, 4;
L_000002e81ca811d0 .part L_000002e81ca9e910, 4, 1;
S_000002e81ca31b40 .scope generate, "cla4_blocks[2]" "cla4_blocks[2]" 12 32, 12 32 0, S_000002e81ca32e00;
 .timescale -9 -12;
P_000002e81c939630 .param/l "i" 0 12 32, +C4<010>;
S_000002e81ca31690 .scope module, "block" "cla_4bit" 12 33, 13 3 0, S_000002e81ca31b40;
 .timescale -9 -12;
    .port_info 0 /INPUT 4 "a";
    .port_info 1 /INPUT 4 "b";
    .port_info 2 /INPUT 1 "cin";
    .port_info 3 /OUTPUT 4 "sum";
    .port_info 4 /OUTPUT 1 "group_G";
    .port_info 5 /OUTPUT 1 "group_P";
    .port_info 6 /OUTPUT 1 "cout";
L_000002e81cb04ad0 .functor AND 4, L_000002e81ca827b0, L_000002e81ca82350, C4<1111>, C4<1111>;
L_000002e81cb05400 .functor XOR 4, L_000002e81ca827b0, L_000002e81ca82350, C4<0000>, C4<0000>;
L_000002e81cb05160 .functor BUFZ 1, L_000002e81ca845b0, C4<0>, C4<0>, C4<0>;
L_000002e81cb05470 .functor AND 1, L_000002e81ca7f6f0, L_000002e81ca80870, C4<1>, C4<1>;
L_000002e81cb04130 .functor OR 1, L_000002e81ca7fbf0, L_000002e81cb05470, C4<0>, C4<0>;
L_000002e81cb051d0 .functor AND 1, L_000002e81ca816d0, L_000002e81ca802d0, C4<1>, C4<1>;
L_000002e81cb04830 .functor OR 1, L_000002e81ca80190, L_000002e81cb051d0, C4<0>, C4<0>;
L_000002e81cb04b40 .functor AND 1, L_000002e81ca805f0, L_000002e81ca81b30, C4<1>, C4<1>;
L_000002e81cb052b0 .functor AND 1, L_000002e81cb04b40, L_000002e81ca80d70, C4<1>, C4<1>;
L_000002e81cb041a0 .functor OR 1, L_000002e81cb04830, L_000002e81cb052b0, C4<0>, C4<0>;
L_000002e81cb04520 .functor AND 1, L_000002e81ca809b0, L_000002e81ca80f50, C4<1>, C4<1>;
L_000002e81cb04590 .functor OR 1, L_000002e81ca80730, L_000002e81cb04520, C4<0>, C4<0>;
L_000002e81cb03f70 .functor AND 1, L_000002e81ca81590, L_000002e81ca81770, C4<1>, C4<1>;
L_000002e81cb04d70 .functor AND 1, L_000002e81cb03f70, L_000002e81ca80230, C4<1>, C4<1>;
L_000002e81cb04910 .functor OR 1, L_000002e81cb04590, L_000002e81cb04d70, C4<0>, C4<0>;
L_000002e81cb04de0 .functor AND 1, L_000002e81ca7f790, L_000002e81ca7ffb0, C4<1>, C4<1>;
L_000002e81cb04440 .functor AND 1, L_000002e81cb04de0, L_000002e81ca80ff0, C4<1>, C4<1>;
L_000002e81cb03bf0 .functor AND 1, L_000002e81cb04440, L_000002e81ca7f8d0, C4<1>, C4<1>;
L_000002e81cb05550 .functor OR 1, L_000002e81cb04910, L_000002e81cb03bf0, C4<0>, C4<0>;
L_000002e81cb05010 .functor AND 1, L_000002e81ca80e10, L_000002e81ca800f0, C4<1>, C4<1>;
L_000002e81cb049f0 .functor OR 1, L_000002e81ca81950, L_000002e81cb05010, C4<0>, C4<0>;
L_000002e81cb055c0 .functor AND 1, L_000002e81ca819f0, L_000002e81ca80370, C4<1>, C4<1>;
L_000002e81cb056a0 .functor AND 1, L_000002e81cb055c0, L_000002e81ca81a90, C4<1>, C4<1>;
L_000002e81cb03c60 .functor OR 1, L_000002e81cb049f0, L_000002e81cb056a0, C4<0>, C4<0>;
L_000002e81cb04750 .functor AND 1, L_000002e81ca81bd0, L_000002e81ca80af0, C4<1>, C4<1>;
L_000002e81cb04e50 .functor AND 1, L_000002e81cb04750, L_000002e81ca81d10, C4<1>, C4<1>;
L_000002e81cb04ec0 .functor AND 1, L_000002e81cb04e50, L_000002e81ca7fa10, C4<1>, C4<1>;
L_000002e81cb03b80 .functor OR 1, L_000002e81cb03c60, L_000002e81cb04ec0, C4<0>, C4<0>;
L_000002e81cb03fe0 .functor AND 1, L_000002e81ca80a50, L_000002e81ca7fc90, C4<1>, C4<1>;
L_000002e81cb05630 .functor AND 1, L_000002e81cb03fe0, L_000002e81ca7fdd0, C4<1>, C4<1>;
L_000002e81cb047c0 .functor AND 1, L_000002e81cb05630, L_000002e81ca807d0, C4<1>, C4<1>;
L_000002e81cb050f0 .functor AND 1, L_000002e81cb047c0, L_000002e81ca7fe70, C4<1>, C4<1>;
L_000002e81cb05240 .functor OR 1, L_000002e81cb03b80, L_000002e81cb050f0, C4<0>, C4<0>;
L_000002e81cb05320 .functor AND 1, L_000002e81ca7ff10, L_000002e81ca82990, C4<1>, C4<1>;
L_000002e81cb04bb0 .functor AND 1, L_000002e81cb05320, L_000002e81ca822b0, C4<1>, C4<1>;
L_000002e81cb03cd0 .functor AND 1, L_000002e81cb04bb0, L_000002e81ca83e30, C4<1>, C4<1>;
L_000002e81cb03b10 .functor AND 1, L_000002e81ca83430, L_000002e81ca82b70, C4<1>, C4<1>;
L_000002e81cb04210 .functor OR 1, L_000002e81ca841f0, L_000002e81cb03b10, C4<0>, C4<0>;
L_000002e81cb05390 .functor AND 1, L_000002e81ca831b0, L_000002e81ca84510, C4<1>, C4<1>;
L_000002e81cb04f30 .functor AND 1, L_000002e81cb05390, L_000002e81ca83d90, C4<1>, C4<1>;
L_000002e81cb04280 .functor OR 1, L_000002e81cb04210, L_000002e81cb04f30, C4<0>, C4<0>;
L_000002e81cb054e0 .functor AND 1, L_000002e81ca83890, L_000002e81ca84290, C4<1>, C4<1>;
L_000002e81cb03db0 .functor AND 1, L_000002e81cb054e0, L_000002e81ca83b10, C4<1>, C4<1>;
L_000002e81cb03e20 .functor AND 1, L_000002e81cb03db0, L_000002e81ca82cb0, C4<1>, C4<1>;
L_000002e81cb03e90 .functor OR 1, L_000002e81cb04280, L_000002e81cb03e20, C4<0>, C4<0>;
L_000002e81cb048a0 .functor XOR 4, L_000002e81cb05400, L_000002e81ca82d50, C4<0000>, C4<0000>;
v000002e81ca48300_0 .net *"_ivl_100", 0 0, L_000002e81ca80370;  1 drivers
v000002e81ca47b80_0 .net *"_ivl_101", 0 0, L_000002e81cb055c0;  1 drivers
v000002e81ca47a40_0 .net *"_ivl_104", 0 0, L_000002e81ca81a90;  1 drivers
v000002e81ca47040_0 .net *"_ivl_105", 0 0, L_000002e81cb056a0;  1 drivers
v000002e81ca48120_0 .net *"_ivl_107", 0 0, L_000002e81cb03c60;  1 drivers
v000002e81ca474a0_0 .net *"_ivl_11", 0 0, L_000002e81ca7fbf0;  1 drivers
v000002e81ca484e0_0 .net *"_ivl_110", 0 0, L_000002e81ca81bd0;  1 drivers
v000002e81ca46d20_0 .net *"_ivl_112", 0 0, L_000002e81ca80af0;  1 drivers
v000002e81ca48b20_0 .net *"_ivl_113", 0 0, L_000002e81cb04750;  1 drivers
v000002e81ca46460_0 .net *"_ivl_116", 0 0, L_000002e81ca81d10;  1 drivers
v000002e81ca46dc0_0 .net *"_ivl_117", 0 0, L_000002e81cb04e50;  1 drivers
v000002e81ca47180_0 .net *"_ivl_120", 0 0, L_000002e81ca7fa10;  1 drivers
v000002e81ca48080_0 .net *"_ivl_121", 0 0, L_000002e81cb04ec0;  1 drivers
v000002e81ca483a0_0 .net *"_ivl_123", 0 0, L_000002e81cb03b80;  1 drivers
v000002e81ca47c20_0 .net *"_ivl_126", 0 0, L_000002e81ca80a50;  1 drivers
v000002e81ca47d60_0 .net *"_ivl_128", 0 0, L_000002e81ca7fc90;  1 drivers
v000002e81ca488a0_0 .net *"_ivl_129", 0 0, L_000002e81cb03fe0;  1 drivers
v000002e81ca47540_0 .net *"_ivl_13", 0 0, L_000002e81ca7f6f0;  1 drivers
v000002e81ca47ea0_0 .net *"_ivl_132", 0 0, L_000002e81ca7fdd0;  1 drivers
v000002e81ca46500_0 .net *"_ivl_133", 0 0, L_000002e81cb05630;  1 drivers
v000002e81ca47220_0 .net *"_ivl_136", 0 0, L_000002e81ca807d0;  1 drivers
v000002e81ca47f40_0 .net *"_ivl_137", 0 0, L_000002e81cb047c0;  1 drivers
v000002e81ca48440_0 .net *"_ivl_140", 0 0, L_000002e81ca7fe70;  1 drivers
v000002e81ca472c0_0 .net *"_ivl_141", 0 0, L_000002e81cb050f0;  1 drivers
v000002e81ca465a0_0 .net *"_ivl_143", 0 0, L_000002e81cb05240;  1 drivers
v000002e81ca48940_0 .net *"_ivl_146", 0 0, L_000002e81ca7ff10;  1 drivers
v000002e81ca47360_0 .net *"_ivl_148", 0 0, L_000002e81ca82990;  1 drivers
v000002e81ca466e0_0 .net *"_ivl_149", 0 0, L_000002e81cb05320;  1 drivers
v000002e81ca46820_0 .net *"_ivl_15", 0 0, L_000002e81ca80870;  1 drivers
v000002e81ca46780_0 .net *"_ivl_152", 0 0, L_000002e81ca822b0;  1 drivers
v000002e81ca46960_0 .net *"_ivl_153", 0 0, L_000002e81cb04bb0;  1 drivers
v000002e81ca46a00_0 .net *"_ivl_156", 0 0, L_000002e81ca83e30;  1 drivers
v000002e81ca46aa0_0 .net *"_ivl_16", 0 0, L_000002e81cb05470;  1 drivers
v000002e81ca46b40_0 .net *"_ivl_160", 0 0, L_000002e81ca841f0;  1 drivers
v000002e81ca4aba0_0 .net *"_ivl_162", 0 0, L_000002e81ca83430;  1 drivers
v000002e81ca4a1a0_0 .net *"_ivl_164", 0 0, L_000002e81ca82b70;  1 drivers
v000002e81ca4b000_0 .net *"_ivl_165", 0 0, L_000002e81cb03b10;  1 drivers
v000002e81ca4ad80_0 .net *"_ivl_167", 0 0, L_000002e81cb04210;  1 drivers
v000002e81ca493e0_0 .net *"_ivl_170", 0 0, L_000002e81ca831b0;  1 drivers
v000002e81ca4ae20_0 .net *"_ivl_172", 0 0, L_000002e81ca84510;  1 drivers
v000002e81ca4a060_0 .net *"_ivl_173", 0 0, L_000002e81cb05390;  1 drivers
v000002e81ca4b3c0_0 .net *"_ivl_176", 0 0, L_000002e81ca83d90;  1 drivers
v000002e81ca4ac40_0 .net *"_ivl_177", 0 0, L_000002e81cb04f30;  1 drivers
v000002e81ca48d00_0 .net *"_ivl_179", 0 0, L_000002e81cb04280;  1 drivers
v000002e81ca49480_0 .net *"_ivl_18", 0 0, L_000002e81cb04130;  1 drivers
v000002e81ca4a7e0_0 .net *"_ivl_182", 0 0, L_000002e81ca83890;  1 drivers
v000002e81ca48c60_0 .net *"_ivl_184", 0 0, L_000002e81ca84290;  1 drivers
v000002e81ca4aec0_0 .net *"_ivl_185", 0 0, L_000002e81cb054e0;  1 drivers
v000002e81ca4af60_0 .net *"_ivl_188", 0 0, L_000002e81ca83b10;  1 drivers
v000002e81ca4aa60_0 .net *"_ivl_189", 0 0, L_000002e81cb03db0;  1 drivers
v000002e81ca49520_0 .net *"_ivl_192", 0 0, L_000002e81ca82cb0;  1 drivers
v000002e81ca4ace0_0 .net *"_ivl_193", 0 0, L_000002e81cb03e20;  1 drivers
v000002e81ca49a20_0 .net *"_ivl_198", 3 0, L_000002e81ca82d50;  1 drivers
v000002e81ca49f20_0 .net *"_ivl_23", 0 0, L_000002e81ca80190;  1 drivers
v000002e81ca48da0_0 .net *"_ivl_25", 0 0, L_000002e81ca816d0;  1 drivers
v000002e81ca49200_0 .net *"_ivl_27", 0 0, L_000002e81ca802d0;  1 drivers
v000002e81ca4b0a0_0 .net *"_ivl_28", 0 0, L_000002e81cb051d0;  1 drivers
v000002e81ca49ac0_0 .net *"_ivl_30", 0 0, L_000002e81cb04830;  1 drivers
v000002e81ca495c0_0 .net *"_ivl_33", 0 0, L_000002e81ca805f0;  1 drivers
v000002e81ca4a880_0 .net *"_ivl_35", 0 0, L_000002e81ca81b30;  1 drivers
v000002e81ca4a600_0 .net *"_ivl_36", 0 0, L_000002e81cb04b40;  1 drivers
v000002e81ca4a2e0_0 .net *"_ivl_39", 0 0, L_000002e81ca80d70;  1 drivers
v000002e81ca49660_0 .net *"_ivl_40", 0 0, L_000002e81cb052b0;  1 drivers
v000002e81ca4a920_0 .net *"_ivl_42", 0 0, L_000002e81cb041a0;  1 drivers
v000002e81ca49ca0_0 .net *"_ivl_47", 0 0, L_000002e81ca80730;  1 drivers
v000002e81ca4a740_0 .net *"_ivl_49", 0 0, L_000002e81ca809b0;  1 drivers
v000002e81ca4a100_0 .net *"_ivl_51", 0 0, L_000002e81ca80f50;  1 drivers
v000002e81ca48e40_0 .net *"_ivl_52", 0 0, L_000002e81cb04520;  1 drivers
v000002e81ca48ee0_0 .net *"_ivl_54", 0 0, L_000002e81cb04590;  1 drivers
v000002e81ca49700_0 .net *"_ivl_57", 0 0, L_000002e81ca81590;  1 drivers
v000002e81ca4a6a0_0 .net *"_ivl_59", 0 0, L_000002e81ca81770;  1 drivers
v000002e81ca492a0_0 .net *"_ivl_60", 0 0, L_000002e81cb03f70;  1 drivers
v000002e81ca4a560_0 .net *"_ivl_63", 0 0, L_000002e81ca80230;  1 drivers
v000002e81ca4ab00_0 .net *"_ivl_64", 0 0, L_000002e81cb04d70;  1 drivers
v000002e81ca4b140_0 .net *"_ivl_66", 0 0, L_000002e81cb04910;  1 drivers
v000002e81ca497a0_0 .net *"_ivl_69", 0 0, L_000002e81ca7f790;  1 drivers
v000002e81ca49340_0 .net *"_ivl_7", 0 0, L_000002e81cb05160;  1 drivers
v000002e81ca49160_0 .net *"_ivl_71", 0 0, L_000002e81ca7ffb0;  1 drivers
v000002e81ca4b1e0_0 .net *"_ivl_72", 0 0, L_000002e81cb04de0;  1 drivers
v000002e81ca4b280_0 .net *"_ivl_75", 0 0, L_000002e81ca80ff0;  1 drivers
v000002e81ca4a9c0_0 .net *"_ivl_76", 0 0, L_000002e81cb04440;  1 drivers
v000002e81ca4b320_0 .net *"_ivl_79", 0 0, L_000002e81ca7f8d0;  1 drivers
v000002e81ca4a240_0 .net *"_ivl_80", 0 0, L_000002e81cb03bf0;  1 drivers
v000002e81ca49840_0 .net *"_ivl_82", 0 0, L_000002e81cb05550;  1 drivers
v000002e81ca48f80_0 .net *"_ivl_88", 0 0, L_000002e81ca81950;  1 drivers
v000002e81ca498e0_0 .net *"_ivl_90", 0 0, L_000002e81ca80e10;  1 drivers
v000002e81ca49020_0 .net *"_ivl_92", 0 0, L_000002e81ca800f0;  1 drivers
v000002e81ca490c0_0 .net *"_ivl_93", 0 0, L_000002e81cb05010;  1 drivers
v000002e81ca4a380_0 .net *"_ivl_95", 0 0, L_000002e81cb049f0;  1 drivers
v000002e81ca49980_0 .net *"_ivl_98", 0 0, L_000002e81ca819f0;  1 drivers
v000002e81ca49b60_0 .net "a", 3 0, L_000002e81ca827b0;  1 drivers
v000002e81ca49c00_0 .net "b", 3 0, L_000002e81ca82350;  1 drivers
v000002e81ca49d40_0 .net "c", 4 0, L_000002e81ca7f830;  1 drivers
v000002e81ca49de0_0 .net "cin", 0 0, L_000002e81ca845b0;  1 drivers
v000002e81ca49e80_0 .net "cout", 0 0, L_000002e81ca83ed0;  1 drivers
v000002e81ca49fc0_0 .net "g", 3 0, L_000002e81cb04ad0;  1 drivers
v000002e81ca4a420_0 .net "group_G", 0 0, L_000002e81cb03e90;  1 drivers
v000002e81ca4a4c0_0 .net "group_P", 0 0, L_000002e81cb03cd0;  1 drivers
v000002e81ca4c680_0 .net "p", 3 0, L_000002e81cb05400;  1 drivers
v000002e81ca4c7c0_0 .net "sum", 3 0, L_000002e81cb048a0;  1 drivers
L_000002e81ca7fbf0 .part L_000002e81cb04ad0, 0, 1;
L_000002e81ca7f6f0 .part L_000002e81cb05400, 0, 1;
L_000002e81ca80870 .part L_000002e81ca7f830, 0, 1;
L_000002e81ca80190 .part L_000002e81cb04ad0, 1, 1;
L_000002e81ca816d0 .part L_000002e81cb05400, 1, 1;
L_000002e81ca802d0 .part L_000002e81cb04ad0, 0, 1;
L_000002e81ca805f0 .part L_000002e81cb05400, 1, 1;
L_000002e81ca81b30 .part L_000002e81cb05400, 0, 1;
L_000002e81ca80d70 .part L_000002e81ca7f830, 0, 1;
L_000002e81ca80730 .part L_000002e81cb04ad0, 2, 1;
L_000002e81ca809b0 .part L_000002e81cb05400, 2, 1;
L_000002e81ca80f50 .part L_000002e81cb04ad0, 1, 1;
L_000002e81ca81590 .part L_000002e81cb05400, 2, 1;
L_000002e81ca81770 .part L_000002e81cb05400, 1, 1;
L_000002e81ca80230 .part L_000002e81cb04ad0, 0, 1;
L_000002e81ca7f790 .part L_000002e81cb05400, 2, 1;
L_000002e81ca7ffb0 .part L_000002e81cb05400, 1, 1;
L_000002e81ca80ff0 .part L_000002e81cb05400, 0, 1;
L_000002e81ca7f8d0 .part L_000002e81ca7f830, 0, 1;
LS_000002e81ca7f830_0_0 .concat8 [ 1 1 1 1], L_000002e81cb05160, L_000002e81cb04130, L_000002e81cb041a0, L_000002e81cb05550;
LS_000002e81ca7f830_0_4 .concat8 [ 1 0 0 0], L_000002e81cb05240;
L_000002e81ca7f830 .concat8 [ 4 1 0 0], LS_000002e81ca7f830_0_0, LS_000002e81ca7f830_0_4;
L_000002e81ca81950 .part L_000002e81cb04ad0, 3, 1;
L_000002e81ca80e10 .part L_000002e81cb05400, 3, 1;
L_000002e81ca800f0 .part L_000002e81cb04ad0, 2, 1;
L_000002e81ca819f0 .part L_000002e81cb05400, 3, 1;
L_000002e81ca80370 .part L_000002e81cb05400, 2, 1;
L_000002e81ca81a90 .part L_000002e81cb04ad0, 1, 1;
L_000002e81ca81bd0 .part L_000002e81cb05400, 3, 1;
L_000002e81ca80af0 .part L_000002e81cb05400, 2, 1;
L_000002e81ca81d10 .part L_000002e81cb05400, 1, 1;
L_000002e81ca7fa10 .part L_000002e81cb04ad0, 0, 1;
L_000002e81ca80a50 .part L_000002e81cb05400, 3, 1;
L_000002e81ca7fc90 .part L_000002e81cb05400, 2, 1;
L_000002e81ca7fdd0 .part L_000002e81cb05400, 1, 1;
L_000002e81ca807d0 .part L_000002e81cb05400, 0, 1;
L_000002e81ca7fe70 .part L_000002e81ca7f830, 0, 1;
L_000002e81ca7ff10 .part L_000002e81cb05400, 3, 1;
L_000002e81ca82990 .part L_000002e81cb05400, 2, 1;
L_000002e81ca822b0 .part L_000002e81cb05400, 1, 1;
L_000002e81ca83e30 .part L_000002e81cb05400, 0, 1;
L_000002e81ca841f0 .part L_000002e81cb04ad0, 3, 1;
L_000002e81ca83430 .part L_000002e81cb05400, 3, 1;
L_000002e81ca82b70 .part L_000002e81cb04ad0, 2, 1;
L_000002e81ca831b0 .part L_000002e81cb05400, 3, 1;
L_000002e81ca84510 .part L_000002e81cb05400, 2, 1;
L_000002e81ca83d90 .part L_000002e81cb04ad0, 1, 1;
L_000002e81ca83890 .part L_000002e81cb05400, 3, 1;
L_000002e81ca84290 .part L_000002e81cb05400, 2, 1;
L_000002e81ca83b10 .part L_000002e81cb05400, 1, 1;
L_000002e81ca82cb0 .part L_000002e81cb04ad0, 0, 1;
L_000002e81ca82d50 .part L_000002e81ca7f830, 0, 4;
L_000002e81ca83ed0 .part L_000002e81ca7f830, 4, 1;
S_000002e81ca31cd0 .scope generate, "cla4_blocks[3]" "cla4_blocks[3]" 12 32, 12 32 0, S_000002e81ca32e00;
 .timescale -9 -12;
P_000002e81c93b0f0 .param/l "i" 0 12 32, +C4<011>;
S_000002e81ca32310 .scope module, "block" "cla_4bit" 12 33, 13 3 0, S_000002e81ca31cd0;
 .timescale -9 -12;
    .port_info 0 /INPUT 4 "a";
    .port_info 1 /INPUT 4 "b";
    .port_info 2 /INPUT 1 "cin";
    .port_info 3 /OUTPUT 4 "sum";
    .port_info 4 /OUTPUT 1 "group_G";
    .port_info 5 /OUTPUT 1 "group_P";
    .port_info 6 /OUTPUT 1 "cout";
L_000002e81cb03f00 .functor AND 4, L_000002e81ca85cd0, L_000002e81ca85b90, C4<1111>, C4<1111>;
L_000002e81cb042f0 .functor XOR 4, L_000002e81ca85cd0, L_000002e81ca85b90, C4<0000>, C4<0000>;
L_000002e81cb04600 .functor BUFZ 1, L_000002e81ca850f0, C4<0>, C4<0>, C4<0>;
L_000002e81cb04670 .functor AND 1, L_000002e81ca83390, L_000002e81ca83f70, C4<1>, C4<1>;
L_000002e81cb04980 .functor OR 1, L_000002e81ca83610, L_000002e81cb04670, C4<0>, C4<0>;
L_000002e81cb04c20 .functor AND 1, L_000002e81ca82ad0, L_000002e81ca84010, C4<1>, C4<1>;
L_000002e81cb046e0 .functor OR 1, L_000002e81ca82fd0, L_000002e81cb04c20, C4<0>, C4<0>;
L_000002e81cb04a60 .functor AND 1, L_000002e81ca83250, L_000002e81ca82df0, C4<1>, C4<1>;
L_000002e81cb04c90 .functor AND 1, L_000002e81cb04a60, L_000002e81ca82e90, C4<1>, C4<1>;
L_000002e81cb2a460 .functor OR 1, L_000002e81cb046e0, L_000002e81cb04c90, C4<0>, C4<0>;
L_000002e81cb2ab60 .functor AND 1, L_000002e81ca82f30, L_000002e81ca83070, C4<1>, C4<1>;
L_000002e81cb29660 .functor OR 1, L_000002e81ca82a30, L_000002e81cb2ab60, C4<0>, C4<0>;
L_000002e81cb296d0 .functor AND 1, L_000002e81ca83110, L_000002e81ca84650, C4<1>, C4<1>;
L_000002e81cb299e0 .functor AND 1, L_000002e81cb296d0, L_000002e81ca82850, C4<1>, C4<1>;
L_000002e81cb29f90 .functor OR 1, L_000002e81cb29660, L_000002e81cb299e0, C4<0>, C4<0>;
L_000002e81cb2a070 .functor AND 1, L_000002e81ca820d0, L_000002e81ca832f0, C4<1>, C4<1>;
L_000002e81cb29740 .functor AND 1, L_000002e81cb2a070, L_000002e81ca834d0, C4<1>, C4<1>;
L_000002e81cb29510 .functor AND 1, L_000002e81cb29740, L_000002e81ca828f0, C4<1>, C4<1>;
L_000002e81cb2a770 .functor OR 1, L_000002e81cb29f90, L_000002e81cb29510, C4<0>, C4<0>;
L_000002e81cb29f20 .functor AND 1, L_000002e81ca839d0, L_000002e81ca83930, C4<1>, C4<1>;
L_000002e81cb2a690 .functor OR 1, L_000002e81ca840b0, L_000002e81cb29f20, C4<0>, C4<0>;
L_000002e81cb29580 .functor AND 1, L_000002e81ca82c10, L_000002e81ca83a70, C4<1>, C4<1>;
L_000002e81cb2a000 .functor AND 1, L_000002e81cb29580, L_000002e81ca84330, C4<1>, C4<1>;
L_000002e81cb2a2a0 .functor OR 1, L_000002e81cb2a690, L_000002e81cb2a000, C4<0>, C4<0>;
L_000002e81cb29c10 .functor AND 1, L_000002e81ca84150, L_000002e81ca83bb0, C4<1>, C4<1>;
L_000002e81cb2a8c0 .functor AND 1, L_000002e81cb29c10, L_000002e81ca82170, C4<1>, C4<1>;
L_000002e81cb2abd0 .functor AND 1, L_000002e81cb2a8c0, L_000002e81ca836b0, C4<1>, C4<1>;
L_000002e81cb2a930 .functor OR 1, L_000002e81cb2a2a0, L_000002e81cb2abd0, C4<0>, C4<0>;
L_000002e81cb2ae70 .functor AND 1, L_000002e81ca823f0, L_000002e81ca83750, C4<1>, C4<1>;
L_000002e81cb29eb0 .functor AND 1, L_000002e81cb2ae70, L_000002e81ca82210, C4<1>, C4<1>;
L_000002e81cb29820 .functor AND 1, L_000002e81cb29eb0, L_000002e81ca83c50, C4<1>, C4<1>;
L_000002e81cb2aa80 .functor AND 1, L_000002e81cb29820, L_000002e81ca843d0, C4<1>, C4<1>;
L_000002e81cb29b30 .functor OR 1, L_000002e81cb2a930, L_000002e81cb2aa80, C4<0>, C4<0>;
L_000002e81cb2a230 .functor AND 1, L_000002e81ca83cf0, L_000002e81ca83570, C4<1>, C4<1>;
L_000002e81cb29cf0 .functor AND 1, L_000002e81cb2a230, L_000002e81ca84470, C4<1>, C4<1>;
L_000002e81cb29890 .functor AND 1, L_000002e81cb29cf0, L_000002e81ca81ef0, C4<1>, C4<1>;
L_000002e81cb2a310 .functor AND 1, L_000002e81ca82490, L_000002e81ca837f0, C4<1>, C4<1>;
L_000002e81cb29dd0 .functor OR 1, L_000002e81ca82710, L_000002e81cb2a310, C4<0>, C4<0>;
L_000002e81cb297b0 .functor AND 1, L_000002e81ca81f90, L_000002e81ca82030, C4<1>, C4<1>;
L_000002e81cb2a0e0 .functor AND 1, L_000002e81cb297b0, L_000002e81ca82530, C4<1>, C4<1>;
L_000002e81cb2a9a0 .functor OR 1, L_000002e81cb29dd0, L_000002e81cb2a0e0, C4<0>, C4<0>;
L_000002e81cb2a4d0 .functor AND 1, L_000002e81ca825d0, L_000002e81ca85050, C4<1>, C4<1>;
L_000002e81cb2a150 .functor AND 1, L_000002e81cb2a4d0, L_000002e81ca84fb0, C4<1>, C4<1>;
L_000002e81cb29c80 .functor AND 1, L_000002e81cb2a150, L_000002e81ca863b0, C4<1>, C4<1>;
L_000002e81cb2a1c0 .functor OR 1, L_000002e81cb2a9a0, L_000002e81cb29c80, C4<0>, C4<0>;
L_000002e81cb29ac0 .functor XOR 4, L_000002e81cb042f0, L_000002e81ca86a90, C4<0000>, C4<0000>;
v000002e81ca4bf00_0 .net *"_ivl_100", 0 0, L_000002e81ca83a70;  1 drivers
v000002e81ca4c720_0 .net *"_ivl_101", 0 0, L_000002e81cb29580;  1 drivers
v000002e81ca4b500_0 .net *"_ivl_104", 0 0, L_000002e81ca84330;  1 drivers
v000002e81ca4d120_0 .net *"_ivl_105", 0 0, L_000002e81cb2a000;  1 drivers
v000002e81ca4c9a0_0 .net *"_ivl_107", 0 0, L_000002e81cb2a2a0;  1 drivers
v000002e81ca4dbc0_0 .net *"_ivl_11", 0 0, L_000002e81ca83610;  1 drivers
v000002e81ca4d9e0_0 .net *"_ivl_110", 0 0, L_000002e81ca84150;  1 drivers
v000002e81ca4d620_0 .net *"_ivl_112", 0 0, L_000002e81ca83bb0;  1 drivers
v000002e81ca4d1c0_0 .net *"_ivl_113", 0 0, L_000002e81cb29c10;  1 drivers
v000002e81ca4cd60_0 .net *"_ivl_116", 0 0, L_000002e81ca82170;  1 drivers
v000002e81ca4be60_0 .net *"_ivl_117", 0 0, L_000002e81cb2a8c0;  1 drivers
v000002e81ca4d300_0 .net *"_ivl_120", 0 0, L_000002e81ca836b0;  1 drivers
v000002e81ca4db20_0 .net *"_ivl_121", 0 0, L_000002e81cb2abd0;  1 drivers
v000002e81ca4b460_0 .net *"_ivl_123", 0 0, L_000002e81cb2a930;  1 drivers
v000002e81ca4cf40_0 .net *"_ivl_126", 0 0, L_000002e81ca823f0;  1 drivers
v000002e81ca4ce00_0 .net *"_ivl_128", 0 0, L_000002e81ca83750;  1 drivers
v000002e81ca4c5e0_0 .net *"_ivl_129", 0 0, L_000002e81cb2ae70;  1 drivers
v000002e81ca4b640_0 .net *"_ivl_13", 0 0, L_000002e81ca83390;  1 drivers
v000002e81ca4bbe0_0 .net *"_ivl_132", 0 0, L_000002e81ca82210;  1 drivers
v000002e81ca4bdc0_0 .net *"_ivl_133", 0 0, L_000002e81cb29eb0;  1 drivers
v000002e81ca4c220_0 .net *"_ivl_136", 0 0, L_000002e81ca83c50;  1 drivers
v000002e81ca4d080_0 .net *"_ivl_137", 0 0, L_000002e81cb29820;  1 drivers
v000002e81ca4cb80_0 .net *"_ivl_140", 0 0, L_000002e81ca843d0;  1 drivers
v000002e81ca4bfa0_0 .net *"_ivl_141", 0 0, L_000002e81cb2aa80;  1 drivers
v000002e81ca4c860_0 .net *"_ivl_143", 0 0, L_000002e81cb29b30;  1 drivers
v000002e81ca4b960_0 .net *"_ivl_146", 0 0, L_000002e81ca83cf0;  1 drivers
v000002e81ca4bb40_0 .net *"_ivl_148", 0 0, L_000002e81ca83570;  1 drivers
v000002e81ca4bd20_0 .net *"_ivl_149", 0 0, L_000002e81cb2a230;  1 drivers
v000002e81ca4d260_0 .net *"_ivl_15", 0 0, L_000002e81ca83f70;  1 drivers
v000002e81ca4cfe0_0 .net *"_ivl_152", 0 0, L_000002e81ca84470;  1 drivers
v000002e81ca4c180_0 .net *"_ivl_153", 0 0, L_000002e81cb29cf0;  1 drivers
v000002e81ca4c040_0 .net *"_ivl_156", 0 0, L_000002e81ca81ef0;  1 drivers
v000002e81ca4c0e0_0 .net *"_ivl_16", 0 0, L_000002e81cb04670;  1 drivers
v000002e81ca4ba00_0 .net *"_ivl_160", 0 0, L_000002e81ca82710;  1 drivers
v000002e81ca4bc80_0 .net *"_ivl_162", 0 0, L_000002e81ca82490;  1 drivers
v000002e81ca4cc20_0 .net *"_ivl_164", 0 0, L_000002e81ca837f0;  1 drivers
v000002e81ca4cea0_0 .net *"_ivl_165", 0 0, L_000002e81cb2a310;  1 drivers
v000002e81ca4c2c0_0 .net *"_ivl_167", 0 0, L_000002e81cb29dd0;  1 drivers
v000002e81ca4c360_0 .net *"_ivl_170", 0 0, L_000002e81ca81f90;  1 drivers
v000002e81ca4b6e0_0 .net *"_ivl_172", 0 0, L_000002e81ca82030;  1 drivers
v000002e81ca4c540_0 .net *"_ivl_173", 0 0, L_000002e81cb297b0;  1 drivers
v000002e81ca4c900_0 .net *"_ivl_176", 0 0, L_000002e81ca82530;  1 drivers
v000002e81ca4ca40_0 .net *"_ivl_177", 0 0, L_000002e81cb2a0e0;  1 drivers
v000002e81ca4ccc0_0 .net *"_ivl_179", 0 0, L_000002e81cb2a9a0;  1 drivers
v000002e81ca4d940_0 .net *"_ivl_18", 0 0, L_000002e81cb04980;  1 drivers
v000002e81ca4b5a0_0 .net *"_ivl_182", 0 0, L_000002e81ca825d0;  1 drivers
v000002e81ca4da80_0 .net *"_ivl_184", 0 0, L_000002e81ca85050;  1 drivers
v000002e81ca4d8a0_0 .net *"_ivl_185", 0 0, L_000002e81cb2a4d0;  1 drivers
v000002e81ca4d3a0_0 .net *"_ivl_188", 0 0, L_000002e81ca84fb0;  1 drivers
v000002e81ca4cae0_0 .net *"_ivl_189", 0 0, L_000002e81cb2a150;  1 drivers
v000002e81ca4d440_0 .net *"_ivl_192", 0 0, L_000002e81ca863b0;  1 drivers
v000002e81ca4b8c0_0 .net *"_ivl_193", 0 0, L_000002e81cb29c80;  1 drivers
v000002e81ca4d4e0_0 .net *"_ivl_198", 3 0, L_000002e81ca86a90;  1 drivers
v000002e81ca4c400_0 .net *"_ivl_23", 0 0, L_000002e81ca82fd0;  1 drivers
v000002e81ca4d580_0 .net *"_ivl_25", 0 0, L_000002e81ca82ad0;  1 drivers
v000002e81ca4d6c0_0 .net *"_ivl_27", 0 0, L_000002e81ca84010;  1 drivers
v000002e81ca4d760_0 .net *"_ivl_28", 0 0, L_000002e81cb04c20;  1 drivers
v000002e81ca4d800_0 .net *"_ivl_30", 0 0, L_000002e81cb046e0;  1 drivers
v000002e81ca4b780_0 .net *"_ivl_33", 0 0, L_000002e81ca83250;  1 drivers
v000002e81ca4b820_0 .net *"_ivl_35", 0 0, L_000002e81ca82df0;  1 drivers
v000002e81ca4baa0_0 .net *"_ivl_36", 0 0, L_000002e81cb04a60;  1 drivers
v000002e81ca4c4a0_0 .net *"_ivl_39", 0 0, L_000002e81ca82e90;  1 drivers
v000002e81ca4f9c0_0 .net *"_ivl_40", 0 0, L_000002e81cb04c90;  1 drivers
v000002e81ca50280_0 .net *"_ivl_42", 0 0, L_000002e81cb2a460;  1 drivers
v000002e81ca4e3e0_0 .net *"_ivl_47", 0 0, L_000002e81ca82a30;  1 drivers
v000002e81ca4fb00_0 .net *"_ivl_49", 0 0, L_000002e81ca82f30;  1 drivers
v000002e81ca50320_0 .net *"_ivl_51", 0 0, L_000002e81ca83070;  1 drivers
v000002e81ca503c0_0 .net *"_ivl_52", 0 0, L_000002e81cb2ab60;  1 drivers
v000002e81ca4f740_0 .net *"_ivl_54", 0 0, L_000002e81cb29660;  1 drivers
v000002e81ca4f600_0 .net *"_ivl_57", 0 0, L_000002e81ca83110;  1 drivers
v000002e81ca4ede0_0 .net *"_ivl_59", 0 0, L_000002e81ca84650;  1 drivers
v000002e81ca4ec00_0 .net *"_ivl_60", 0 0, L_000002e81cb296d0;  1 drivers
v000002e81ca4ee80_0 .net *"_ivl_63", 0 0, L_000002e81ca82850;  1 drivers
v000002e81ca4dd00_0 .net *"_ivl_64", 0 0, L_000002e81cb299e0;  1 drivers
v000002e81ca4e5c0_0 .net *"_ivl_66", 0 0, L_000002e81cb29f90;  1 drivers
v000002e81ca4f6a0_0 .net *"_ivl_69", 0 0, L_000002e81ca820d0;  1 drivers
v000002e81ca4ed40_0 .net *"_ivl_7", 0 0, L_000002e81cb04600;  1 drivers
v000002e81ca4e7a0_0 .net *"_ivl_71", 0 0, L_000002e81ca832f0;  1 drivers
v000002e81ca4dc60_0 .net *"_ivl_72", 0 0, L_000002e81cb2a070;  1 drivers
v000002e81ca4ef20_0 .net *"_ivl_75", 0 0, L_000002e81ca834d0;  1 drivers
v000002e81ca4e840_0 .net *"_ivl_76", 0 0, L_000002e81cb29740;  1 drivers
v000002e81ca4f2e0_0 .net *"_ivl_79", 0 0, L_000002e81ca828f0;  1 drivers
v000002e81ca4e020_0 .net *"_ivl_80", 0 0, L_000002e81cb29510;  1 drivers
v000002e81ca4fd80_0 .net *"_ivl_82", 0 0, L_000002e81cb2a770;  1 drivers
v000002e81ca4f7e0_0 .net *"_ivl_88", 0 0, L_000002e81ca840b0;  1 drivers
v000002e81ca4efc0_0 .net *"_ivl_90", 0 0, L_000002e81ca839d0;  1 drivers
v000002e81ca50000_0 .net *"_ivl_92", 0 0, L_000002e81ca83930;  1 drivers
v000002e81ca4fe20_0 .net *"_ivl_93", 0 0, L_000002e81cb29f20;  1 drivers
v000002e81ca4fba0_0 .net *"_ivl_95", 0 0, L_000002e81cb2a690;  1 drivers
v000002e81ca4f1a0_0 .net *"_ivl_98", 0 0, L_000002e81ca82c10;  1 drivers
v000002e81ca500a0_0 .net "a", 3 0, L_000002e81ca85cd0;  1 drivers
v000002e81ca4fec0_0 .net "b", 3 0, L_000002e81ca85b90;  1 drivers
v000002e81ca4e480_0 .net "c", 4 0, L_000002e81ca82670;  1 drivers
v000002e81ca4ff60_0 .net "cin", 0 0, L_000002e81ca850f0;  1 drivers
v000002e81ca4e520_0 .net "cout", 0 0, L_000002e81ca86d10;  1 drivers
v000002e81ca4f060_0 .net "g", 3 0, L_000002e81cb03f00;  1 drivers
v000002e81ca4f100_0 .net "group_G", 0 0, L_000002e81cb2a1c0;  1 drivers
v000002e81ca4fc40_0 .net "group_P", 0 0, L_000002e81cb29890;  1 drivers
v000002e81ca4de40_0 .net "p", 3 0, L_000002e81cb042f0;  1 drivers
v000002e81ca4f880_0 .net "sum", 3 0, L_000002e81cb29ac0;  1 drivers
L_000002e81ca83610 .part L_000002e81cb03f00, 0, 1;
L_000002e81ca83390 .part L_000002e81cb042f0, 0, 1;
L_000002e81ca83f70 .part L_000002e81ca82670, 0, 1;
L_000002e81ca82fd0 .part L_000002e81cb03f00, 1, 1;
L_000002e81ca82ad0 .part L_000002e81cb042f0, 1, 1;
L_000002e81ca84010 .part L_000002e81cb03f00, 0, 1;
L_000002e81ca83250 .part L_000002e81cb042f0, 1, 1;
L_000002e81ca82df0 .part L_000002e81cb042f0, 0, 1;
L_000002e81ca82e90 .part L_000002e81ca82670, 0, 1;
L_000002e81ca82a30 .part L_000002e81cb03f00, 2, 1;
L_000002e81ca82f30 .part L_000002e81cb042f0, 2, 1;
L_000002e81ca83070 .part L_000002e81cb03f00, 1, 1;
L_000002e81ca83110 .part L_000002e81cb042f0, 2, 1;
L_000002e81ca84650 .part L_000002e81cb042f0, 1, 1;
L_000002e81ca82850 .part L_000002e81cb03f00, 0, 1;
L_000002e81ca820d0 .part L_000002e81cb042f0, 2, 1;
L_000002e81ca832f0 .part L_000002e81cb042f0, 1, 1;
L_000002e81ca834d0 .part L_000002e81cb042f0, 0, 1;
L_000002e81ca828f0 .part L_000002e81ca82670, 0, 1;
LS_000002e81ca82670_0_0 .concat8 [ 1 1 1 1], L_000002e81cb04600, L_000002e81cb04980, L_000002e81cb2a460, L_000002e81cb2a770;
LS_000002e81ca82670_0_4 .concat8 [ 1 0 0 0], L_000002e81cb29b30;
L_000002e81ca82670 .concat8 [ 4 1 0 0], LS_000002e81ca82670_0_0, LS_000002e81ca82670_0_4;
L_000002e81ca840b0 .part L_000002e81cb03f00, 3, 1;
L_000002e81ca839d0 .part L_000002e81cb042f0, 3, 1;
L_000002e81ca83930 .part L_000002e81cb03f00, 2, 1;
L_000002e81ca82c10 .part L_000002e81cb042f0, 3, 1;
L_000002e81ca83a70 .part L_000002e81cb042f0, 2, 1;
L_000002e81ca84330 .part L_000002e81cb03f00, 1, 1;
L_000002e81ca84150 .part L_000002e81cb042f0, 3, 1;
L_000002e81ca83bb0 .part L_000002e81cb042f0, 2, 1;
L_000002e81ca82170 .part L_000002e81cb042f0, 1, 1;
L_000002e81ca836b0 .part L_000002e81cb03f00, 0, 1;
L_000002e81ca823f0 .part L_000002e81cb042f0, 3, 1;
L_000002e81ca83750 .part L_000002e81cb042f0, 2, 1;
L_000002e81ca82210 .part L_000002e81cb042f0, 1, 1;
L_000002e81ca83c50 .part L_000002e81cb042f0, 0, 1;
L_000002e81ca843d0 .part L_000002e81ca82670, 0, 1;
L_000002e81ca83cf0 .part L_000002e81cb042f0, 3, 1;
L_000002e81ca83570 .part L_000002e81cb042f0, 2, 1;
L_000002e81ca84470 .part L_000002e81cb042f0, 1, 1;
L_000002e81ca81ef0 .part L_000002e81cb042f0, 0, 1;
L_000002e81ca82710 .part L_000002e81cb03f00, 3, 1;
L_000002e81ca82490 .part L_000002e81cb042f0, 3, 1;
L_000002e81ca837f0 .part L_000002e81cb03f00, 2, 1;
L_000002e81ca81f90 .part L_000002e81cb042f0, 3, 1;
L_000002e81ca82030 .part L_000002e81cb042f0, 2, 1;
L_000002e81ca82530 .part L_000002e81cb03f00, 1, 1;
L_000002e81ca825d0 .part L_000002e81cb042f0, 3, 1;
L_000002e81ca85050 .part L_000002e81cb042f0, 2, 1;
L_000002e81ca84fb0 .part L_000002e81cb042f0, 1, 1;
L_000002e81ca863b0 .part L_000002e81cb03f00, 0, 1;
L_000002e81ca86a90 .part L_000002e81ca82670, 0, 4;
L_000002e81ca86d10 .part L_000002e81ca82670, 4, 1;
S_000002e81ca32630 .scope module, "mul_inst" "booth_multiplier" 3 27, 18 3 0, S_000002e81c561890;
 .timescale -9 -12;
    .port_info 0 /INPUT 1 "clk";
    .port_info 1 /INPUT 1 "rst";
    .port_info 2 /INPUT 1 "start";
    .port_info 3 /INPUT 32 "a";
    .port_info 4 /INPUT 32 "b";
    .port_info 5 /OUTPUT 64 "product";
    .port_info 6 /OUTPUT 1 "done";
P_000002e81c5d1050 .param/l "COMPUTE" 1 18 18, C4<01>;
P_000002e81c5d1088 .param/l "DONE" 1 18 18, C4<10>;
P_000002e81c5d10c0 .param/l "IDLE" 1 18 18, C4<00>;
v000002e81ca57b20_0 .net "a", 31 0, v000002e81ca58e80_0;  alias, 1 drivers
v000002e81ca55640_0 .var "acc", 64 0;
v000002e81ca56680_0 .net "b", 31 0, v000002e81ca58de0_0;  alias, 1 drivers
v000002e81ca558c0_0 .net "b_code", 2 0, v000002e81ca53c00_0;  1 drivers
v000002e81ca57440_0 .net "clk", 0 0, v000002e81ca59420_0;  alias, 1 drivers
v000002e81ca55e60_0 .var "done", 0 0;
v000002e81ca569a0_0 .var "mcand", 31 0;
v000002e81ca55f00_0 .net "next_acc", 64 0, L_000002e81cb34dd0;  1 drivers
v000002e81ca574e0_0 .var "product", 63 0;
v000002e81ca57760_0 .net "rst", 0 0, v000002e81ca59b00_0;  alias, 1 drivers
v000002e81ca56a40_0 .net "start", 0 0, L_000002e81cb2b500;  1 drivers
v000002e81ca560e0_0 .var "state", 1 0;
v000002e81ca57620_0 .var "step_count", 4 0;
L_000002e81cb33ed0 .part v000002e81ca55640_0, 0, 3;
S_000002e81ca31e60 .scope module, "enc" "booth_encoder" 18 23, 19 3 0, S_000002e81ca32630;
 .timescale -9 -12;
    .port_info 0 /INPUT 3 "window";
    .port_info 1 /OUTPUT 3 "pp_select";
v000002e81ca53c00_0 .var "pp_select", 2 0;
v000002e81ca57a80_0 .net "window", 2 0, L_000002e81cb33ed0;  1 drivers
E_000002e81c93b170 .event anyedge, v000002e81ca57a80_0;
S_000002e81ca327c0 .scope module, "step_logic" "booth_step" 18 24, 20 3 0, S_000002e81ca32630;
 .timescale -9 -12;
    .port_info 0 /INPUT 65 "acc";
    .port_info 1 /INPUT 32 "multiplicand";
    .port_info 2 /INPUT 3 "booth_code";
    .port_info 3 /OUTPUT 65 "new_acc";
L_000002e81cb2c6f0 .functor NOT 33, L_000002e81cb35870, C4<000000000000000000000000000000000>, C4<000000000000000000000000000000000>, C4<000000000000000000000000000000000>;
v000002e81ca55500_0 .net *"_ivl_10", 32 0, L_000002e81cb35370;  1 drivers
v000002e81ca57120_0 .net *"_ivl_12", 31 0, L_000002e81cb35410;  1 drivers
L_000002e81cab9a60 .functor BUFT 1, C4<0>, C4<0>, C4<0>, C4<0>;
v000002e81ca57580_0 .net *"_ivl_14", 0 0, L_000002e81cab9a60;  1 drivers
v000002e81ca57080_0 .net *"_ivl_18", 32 0, L_000002e81cb2c6f0;  1 drivers
L_000002e81cab9aa8 .functor BUFT 1, C4<000000000000000000000000000000001>, C4<0>, C4<0>, C4<0>;
v000002e81ca571c0_0 .net/2u *"_ivl_20", 32 0, L_000002e81cab9aa8;  1 drivers
v000002e81ca579e0_0 .net *"_ivl_22", 32 0, L_000002e81cb34e70;  1 drivers
v000002e81ca56ea0_0 .net *"_ivl_24", 32 0, L_000002e81cb34970;  1 drivers
L_000002e81cab9af0 .functor BUFT 1, C4<000000000000000000000000000000000>, C4<0>, C4<0>, C4<0>;
v000002e81ca576c0_0 .net/2u *"_ivl_26", 32 0, L_000002e81cab9af0;  1 drivers
v000002e81ca57bc0_0 .net *"_ivl_31", 0 0, L_000002e81cb35550;  1 drivers
v000002e81ca56fe0_0 .net *"_ivl_33", 31 0, L_000002e81cb35730;  1 drivers
v000002e81ca57300_0 .net *"_ivl_39", 0 0, L_000002e81cb34f10;  1 drivers
v000002e81ca56900_0 .net *"_ivl_41", 30 0, L_000002e81cb34c90;  1 drivers
v000002e81ca56720_0 .net *"_ivl_7", 0 0, L_000002e81cb34470;  1 drivers
v000002e81ca57800_0 .net "acc", 64 0, v000002e81ca55640_0;  1 drivers
v000002e81ca55be0_0 .net "acc_high", 32 0, L_000002e81cb34a10;  1 drivers
v000002e81ca565e0_0 .net "adder_out", 32 0, L_000002e81cb34ab0;  1 drivers
v000002e81ca57260_0 .net "booth_code", 2 0, v000002e81ca53c00_0;  alias, 1 drivers
v000002e81ca55dc0_0 .net "is_double", 0 0, L_000002e81cb336b0;  1 drivers
v000002e81ca55460_0 .net "is_mag", 0 0, L_000002e81cb348d0;  1 drivers
v000002e81ca573a0_0 .net "is_neg", 0 0, L_000002e81cb34830;  1 drivers
v000002e81ca56540_0 .net "m_ext", 32 0, L_000002e81cb33f70;  1 drivers
v000002e81ca55fa0_0 .net "multiplicand", 31 0, v000002e81ca569a0_0;  1 drivers
v000002e81ca555a0_0 .net "new_acc", 64 0, L_000002e81cb34dd0;  alias, 1 drivers
v000002e81ca567c0_0 .net "pp", 32 0, L_000002e81cb352d0;  1 drivers
v000002e81ca56040_0 .net "pp_base", 32 0, L_000002e81cb35870;  1 drivers
L_000002e81cb34830 .part v000002e81ca53c00_0, 2, 1;
L_000002e81cb348d0 .part v000002e81ca53c00_0, 1, 1;
L_000002e81cb336b0 .part v000002e81ca53c00_0, 0, 1;
L_000002e81cb34470 .part v000002e81ca569a0_0, 31, 1;
L_000002e81cb33f70 .concat [ 32 1 0 0], v000002e81ca569a0_0, L_000002e81cb34470;
L_000002e81cb35410 .part L_000002e81cb33f70, 0, 32;
L_000002e81cb35370 .concat [ 1 32 0 0], L_000002e81cab9a60, L_000002e81cb35410;
L_000002e81cb35870 .functor MUXZ 33, L_000002e81cb33f70, L_000002e81cb35370, L_000002e81cb336b0, C4<>;
L_000002e81cb34e70 .arith/sum 33, L_000002e81cb2c6f0, L_000002e81cab9aa8;
L_000002e81cb34970 .functor MUXZ 33, L_000002e81cb35870, L_000002e81cb34e70, L_000002e81cb34830, C4<>;
L_000002e81cb352d0 .functor MUXZ 33, L_000002e81cab9af0, L_000002e81cb34970, L_000002e81cb348d0, C4<>;
L_000002e81cb35550 .part v000002e81ca55640_0, 64, 1;
L_000002e81cb35730 .part v000002e81ca55640_0, 33, 32;
L_000002e81cb34a10 .concat [ 32 1 0 0], L_000002e81cb35730, L_000002e81cb35550;
L_000002e81cb34ab0 .arith/sum 33, L_000002e81cb34a10, L_000002e81cb352d0;
L_000002e81cb34f10 .part L_000002e81cb34ab0, 32, 1;
L_000002e81cb34c90 .part v000002e81ca55640_0, 2, 31;
L_000002e81cb34dd0 .concat [ 31 33 1 0], L_000002e81cb34c90, L_000002e81cb34ab0, L_000002e81cb34f10;
    .scope S_000002e81c9fe500;
T_0 ;
    %wait E_000002e81c935b70;
    %load/vec4 v000002e81ca1fb70_0;
    %dup/vec4;
    %pushi/vec4 0, 0, 3;
    %cmp/u;
    %jmp/1 T_0.0, 6;
    %dup/vec4;
    %pushi/vec4 1, 0, 3;
    %cmp/u;
    %jmp/1 T_0.1, 6;
    %dup/vec4;
    %pushi/vec4 2, 0, 3;
    %cmp/u;
    %jmp/1 T_0.2, 6;
    %dup/vec4;
    %pushi/vec4 3, 0, 3;
    %cmp/u;
    %jmp/1 T_0.3, 6;
    %dup/vec4;
    %pushi/vec4 4, 0, 3;
    %cmp/u;
    %jmp/1 T_0.4, 6;
    %dup/vec4;
    %pushi/vec4 5, 0, 3;
    %cmp/u;
    %jmp/1 T_0.5, 6;
    %dup/vec4;
    %pushi/vec4 6, 0, 3;
    %cmp/u;
    %jmp/1 T_0.6, 6;
    %pushi/vec4 0, 0, 32;
    %store/vec4 v000002e81ca21650_0, 0, 32;
    %jmp T_0.8;
T_0.0 ;
    %load/vec4 v000002e81ca1ec70_0;
    %load/vec4 v000002e81ca20b10_0;
    %and;
    %store/vec4 v000002e81ca21650_0, 0, 32;
    %jmp T_0.8;
T_0.1 ;
    %load/vec4 v000002e81ca1ec70_0;
    %load/vec4 v000002e81ca20b10_0;
    %or;
    %store/vec4 v000002e81ca21650_0, 0, 32;
    %jmp T_0.8;
T_0.2 ;
    %load/vec4 v000002e81ca1ec70_0;
    %load/vec4 v000002e81ca20b10_0;
    %xor;
    %store/vec4 v000002e81ca21650_0, 0, 32;
    %jmp T_0.8;
T_0.3 ;
    %load/vec4 v000002e81ca1ec70_0;
    %inv;
    %store/vec4 v000002e81ca21650_0, 0, 32;
    %jmp T_0.8;
T_0.4 ;
    %load/vec4 v000002e81ca1ec70_0;
    %load/vec4 v000002e81ca20b10_0;
    %or;
    %inv;
    %store/vec4 v000002e81ca21650_0, 0, 32;
    %jmp T_0.8;
T_0.5 ;
    %load/vec4 v000002e81ca1ec70_0;
    %load/vec4 v000002e81ca20b10_0;
    %and;
    %inv;
    %store/vec4 v000002e81ca21650_0, 0, 32;
    %jmp T_0.8;
T_0.6 ;
    %load/vec4 v000002e81ca1ec70_0;
    %load/vec4 v000002e81ca20b10_0;
    %xor;
    %inv;
    %store/vec4 v000002e81ca21650_0, 0, 32;
    %jmp T_0.8;
T_0.8 ;
    %pop/vec4 1;
    %jmp T_0;
    .thread T_0, $push;
    .scope S_000002e81c9fe9b0;
T_1 ;
    %wait E_000002e81c937a30;
    %load/vec4 v000002e81ca218d0_0;
    %cmpi/e 0, 0, 5;
    %jmp/0xz  T_1.0, 4;
    %load/vec4 v000002e81ca206b0_0;
    %store/vec4 v000002e81ca20f70_0, 0, 32;
    %pushi/vec4 0, 0, 1;
    %store/vec4 v000002e81ca1fd50_0, 0, 1;
    %jmp T_1.1;
T_1.0 ;
    %load/vec4 v000002e81ca20ed0_0;
    %dup/vec4;
    %pushi/vec4 0, 0, 2;
    %cmp/u;
    %jmp/1 T_1.2, 6;
    %dup/vec4;
    %pushi/vec4 1, 0, 2;
    %cmp/u;
    %jmp/1 T_1.3, 6;
    %dup/vec4;
    %pushi/vec4 2, 0, 2;
    %cmp/u;
    %jmp/1 T_1.4, 6;
    %dup/vec4;
    %pushi/vec4 3, 0, 2;
    %cmp/u;
    %jmp/1 T_1.5, 6;
    %load/vec4 v000002e81ca206b0_0;
    %store/vec4 v000002e81ca20f70_0, 0, 32;
    %pushi/vec4 0, 0, 1;
    %store/vec4 v000002e81ca1fd50_0, 0, 1;
    %jmp T_1.7;
T_1.2 ;
    %load/vec4 v000002e81ca206b0_0;
    %ix/getv 4, v000002e81ca218d0_0;
    %shiftl 4;
    %store/vec4 v000002e81ca20f70_0, 0, 32;
    %load/vec4 v000002e81ca206b0_0;
    %pushi/vec4 32, 0, 32;
    %load/vec4 v000002e81ca218d0_0;
    %pad/u 32;
    %sub;
    %part/u 1;
    %store/vec4 v000002e81ca1fd50_0, 0, 1;
    %jmp T_1.7;
T_1.3 ;
    %load/vec4 v000002e81ca206b0_0;
    %ix/getv 4, v000002e81ca218d0_0;
    %shiftr 4;
    %store/vec4 v000002e81ca20f70_0, 0, 32;
    %load/vec4 v000002e81ca206b0_0;
    %load/vec4 v000002e81ca218d0_0;
    %pad/u 32;
    %subi 1, 0, 32;
    %part/u 1;
    %store/vec4 v000002e81ca1fd50_0, 0, 1;
    %jmp T_1.7;
T_1.4 ;
    %load/vec4 v000002e81ca206b0_0;
    %ix/getv 4, v000002e81ca218d0_0;
    %shiftr/s 4;
    %store/vec4 v000002e81ca20f70_0, 0, 32;
    %load/vec4 v000002e81ca206b0_0;
    %load/vec4 v000002e81ca218d0_0;
    %pad/u 32;
    %subi 1, 0, 32;
    %part/u 1;
    %store/vec4 v000002e81ca1fd50_0, 0, 1;
    %jmp T_1.7;
T_1.5 ;
    %load/vec4 v000002e81ca206b0_0;
    %ix/getv 4, v000002e81ca218d0_0;
    %shiftr 4;
    %load/vec4 v000002e81ca206b0_0;
    %pushi/vec4 32, 0, 32;
    %load/vec4 v000002e81ca218d0_0;
    %pad/u 32;
    %sub;
    %ix/vec4 4;
    %shiftl 4;
    %or;
    %store/vec4 v000002e81ca20f70_0, 0, 32;
    %load/vec4 v000002e81ca206b0_0;
    %load/vec4 v000002e81ca218d0_0;
    %pad/u 32;
    %subi 1, 0, 32;
    %part/u 1;
    %store/vec4 v000002e81ca1fd50_0, 0, 1;
    %jmp T_1.7;
T_1.7 ;
    %pop/vec4 1;
T_1.1 ;
    %jmp T_1;
    .thread T_1, $push;
    .scope S_000002e81c9ffe00;
T_2 ;
    %wait E_000002e81c937af0;
    %load/vec4 v000002e81ca1f990_0;
    %load/vec4 v000002e81ca20c50_0;
    %cmp/e;
    %flag_get/vec4 4;
    %store/vec4 v000002e81ca20570_0, 0, 1;
    %load/vec4 v000002e81ca21fb0_0;
    %flag_set/vec4 8;
    %jmp/0xz  T_2.0, 8;
    %load/vec4 v000002e81ca1f990_0;
    %load/vec4 v000002e81ca20c50_0;
    %cmp/s;
    %flag_get/vec4 5;
    %store/vec4 v000002e81ca20e30_0, 0, 1;
    %load/vec4 v000002e81ca20c50_0;
    %load/vec4 v000002e81ca1f990_0;
    %cmp/s;
    %flag_get/vec4 5;
    %store/vec4 v000002e81ca21010_0, 0, 1;
    %jmp T_2.1;
T_2.0 ;
    %load/vec4 v000002e81ca1f990_0;
    %load/vec4 v000002e81ca20c50_0;
    %cmp/u;
    %flag_get/vec4 5;
    %store/vec4 v000002e81ca20e30_0, 0, 1;
    %load/vec4 v000002e81ca20c50_0;
    %load/vec4 v000002e81ca1f990_0;
    %cmp/u;
    %flag_get/vec4 5;
    %store/vec4 v000002e81ca21010_0, 0, 1;
T_2.1 ;
    %jmp T_2;
    .thread T_2, $push;
    .scope S_000002e81c9fecd0;
T_3 ;
    %wait E_000002e81c939130;
    %load/vec4 v000002e81ca20750_0;
    %load/vec4 v000002e81ca215b0_0;
    %cmp/e;
    %flag_get/vec4 4;
    %store/vec4 v000002e81ca210b0_0, 0, 1;
    %load/vec4 v000002e81ca20cf0_0;
    %flag_set/vec4 8;
    %jmp/0xz  T_3.0, 8;
    %load/vec4 v000002e81ca20750_0;
    %load/vec4 v000002e81ca215b0_0;
    %cmp/s;
    %flag_get/vec4 5;
    %store/vec4 v000002e81ca1fa30_0, 0, 1;
    %load/vec4 v000002e81ca215b0_0;
    %load/vec4 v000002e81ca20750_0;
    %cmp/s;
    %flag_get/vec4 5;
    %store/vec4 v000002e81ca204d0_0, 0, 1;
    %jmp T_3.1;
T_3.0 ;
    %load/vec4 v000002e81ca20750_0;
    %load/vec4 v000002e81ca215b0_0;
    %cmp/u;
    %flag_get/vec4 5;
    %store/vec4 v000002e81ca1fa30_0, 0, 1;
    %load/vec4 v000002e81ca215b0_0;
    %load/vec4 v000002e81ca20750_0;
    %cmp/u;
    %flag_get/vec4 5;
    %store/vec4 v000002e81ca204d0_0, 0, 1;
T_3.1 ;
    %jmp T_3;
    .thread T_3, $push;
    .scope S_000002e81c9e5980;
T_4 ;
    %wait E_000002e81c935330;
    %load/vec4 v000002e81ca52f80_0;
    %dup/vec4;
    %pushi/vec4 2, 0, 5;
    %cmp/u;
    %jmp/1 T_4.0, 6;
    %dup/vec4;
    %pushi/vec4 3, 0, 5;
    %cmp/u;
    %jmp/1 T_4.1, 6;
    %dup/vec4;
    %pushi/vec4 4, 0, 5;
    %cmp/u;
    %jmp/1 T_4.2, 6;
    %dup/vec4;
    %pushi/vec4 5, 0, 5;
    %cmp/u;
    %jmp/1 T_4.3, 6;
    %pushi/vec4 0, 0, 3;
    %store/vec4 v000002e81ca54920_0, 0, 3;
    %jmp T_4.5;
T_4.0 ;
    %pushi/vec4 0, 0, 3;
    %store/vec4 v000002e81ca54920_0, 0, 3;
    %jmp T_4.5;
T_4.1 ;
    %pushi/vec4 1, 0, 3;
    %store/vec4 v000002e81ca54920_0, 0, 3;
    %jmp T_4.5;
T_4.2 ;
    %pushi/vec4 2, 0, 3;
    %store/vec4 v000002e81ca54920_0, 0, 3;
    %jmp T_4.5;
T_4.3 ;
    %pushi/vec4 4, 0, 3;
    %store/vec4 v000002e81ca54920_0, 0, 3;
    %jmp T_4.5;
T_4.5 ;
    %pop/vec4 1;
    %jmp T_4;
    .thread T_4, $push;
    .scope S_000002e81c9e5980;
T_5 ;
    %wait E_000002e81c935330;
    %load/vec4 v000002e81ca52f80_0;
    %dup/vec4;
    %pushi/vec4 6, 0, 5;
    %cmp/u;
    %jmp/1 T_5.0, 6;
    %dup/vec4;
    %pushi/vec4 7, 0, 5;
    %cmp/u;
    %jmp/1 T_5.1, 6;
    %dup/vec4;
    %pushi/vec4 8, 0, 5;
    %cmp/u;
    %jmp/1 T_5.2, 6;
    %dup/vec4;
    %pushi/vec4 9, 0, 5;
    %cmp/u;
    %jmp/1 T_5.3, 6;
    %pushi/vec4 0, 0, 2;
    %store/vec4 v000002e81ca537a0_0, 0, 2;
    %jmp T_5.5;
T_5.0 ;
    %pushi/vec4 0, 0, 2;
    %store/vec4 v000002e81ca537a0_0, 0, 2;
    %jmp T_5.5;
T_5.1 ;
    %pushi/vec4 1, 0, 2;
    %store/vec4 v000002e81ca537a0_0, 0, 2;
    %jmp T_5.5;
T_5.2 ;
    %pushi/vec4 2, 0, 2;
    %store/vec4 v000002e81ca537a0_0, 0, 2;
    %jmp T_5.5;
T_5.3 ;
    %pushi/vec4 3, 0, 2;
    %store/vec4 v000002e81ca537a0_0, 0, 2;
    %jmp T_5.5;
T_5.5 ;
    %pop/vec4 1;
    %jmp T_5;
    .thread T_5, $push;
    .scope S_000002e81c9e5980;
T_6 ;
    %wait E_000002e81c9341f0;
    %pushi/vec4 0, 0, 32;
    %store/vec4 v000002e81ca533e0_0, 0, 32;
    %pushi/vec4 0, 0, 1;
    %store/vec4 v000002e81ca54b00_0, 0, 1;
    %pushi/vec4 0, 0, 1;
    %store/vec4 v000002e81ca55320_0, 0, 1;
    %load/vec4 v000002e81ca52f80_0;
    %dup/vec4;
    %pushi/vec4 0, 0, 5;
    %cmp/u;
    %jmp/1 T_6.0, 6;
    %dup/vec4;
    %pushi/vec4 1, 0, 5;
    %cmp/u;
    %jmp/1 T_6.1, 6;
    %dup/vec4;
    %pushi/vec4 2, 0, 5;
    %cmp/u;
    %jmp/1 T_6.2, 6;
    %dup/vec4;
    %pushi/vec4 3, 0, 5;
    %cmp/u;
    %jmp/1 T_6.3, 6;
    %dup/vec4;
    %pushi/vec4 4, 0, 5;
    %cmp/u;
    %jmp/1 T_6.4, 6;
    %dup/vec4;
    %pushi/vec4 5, 0, 5;
    %cmp/u;
    %jmp/1 T_6.5, 6;
    %dup/vec4;
    %pushi/vec4 6, 0, 5;
    %cmp/u;
    %jmp/1 T_6.6, 6;
    %dup/vec4;
    %pushi/vec4 7, 0, 5;
    %cmp/u;
    %jmp/1 T_6.7, 6;
    %dup/vec4;
    %pushi/vec4 8, 0, 5;
    %cmp/u;
    %jmp/1 T_6.8, 6;
    %dup/vec4;
    %pushi/vec4 9, 0, 5;
    %cmp/u;
    %jmp/1 T_6.9, 6;
    %dup/vec4;
    %pushi/vec4 10, 0, 5;
    %cmp/u;
    %jmp/1 T_6.10, 6;
    %dup/vec4;
    %pushi/vec4 11, 0, 5;
    %cmp/u;
    %jmp/1 T_6.11, 6;
    %pushi/vec4 0, 0, 32;
    %store/vec4 v000002e81ca533e0_0, 0, 32;
    %jmp T_6.13;
T_6.0 ;
    %load/vec4 v000002e81ca52ee0_0;
    %store/vec4 v000002e81ca533e0_0, 0, 32;
    %load/vec4 v000002e81ca52da0_0;
    %store/vec4 v000002e81ca54b00_0, 0, 1;
    %load/vec4 v000002e81ca53160_0;
    %store/vec4 v000002e81ca55320_0, 0, 1;
    %jmp T_6.13;
T_6.1 ;
    %load/vec4 v000002e81ca53b60_0;
    %store/vec4 v000002e81ca533e0_0, 0, 32;
    %load/vec4 v000002e81ca53980_0;
    %store/vec4 v000002e81ca54b00_0, 0, 1;
    %load/vec4 v000002e81ca53ac0_0;
    %store/vec4 v000002e81ca55320_0, 0, 1;
    %jmp T_6.13;
T_6.2 ;
    %load/vec4 v000002e81ca54880_0;
    %store/vec4 v000002e81ca533e0_0, 0, 32;
    %jmp T_6.13;
T_6.3 ;
    %load/vec4 v000002e81ca54880_0;
    %store/vec4 v000002e81ca533e0_0, 0, 32;
    %jmp T_6.13;
T_6.4 ;
    %load/vec4 v000002e81ca54880_0;
    %store/vec4 v000002e81ca533e0_0, 0, 32;
    %jmp T_6.13;
T_6.5 ;
    %load/vec4 v000002e81ca54880_0;
    %store/vec4 v000002e81ca533e0_0, 0, 32;
    %jmp T_6.13;
T_6.6 ;
    %load/vec4 v000002e81ca53660_0;
    %store/vec4 v000002e81ca533e0_0, 0, 32;
    %load/vec4 v000002e81ca535c0_0;
    %store/vec4 v000002e81ca54b00_0, 0, 1;
    %jmp T_6.13;
T_6.7 ;
    %load/vec4 v000002e81ca53660_0;
    %store/vec4 v000002e81ca533e0_0, 0, 32;
    %load/vec4 v000002e81ca535c0_0;
    %store/vec4 v000002e81ca54b00_0, 0, 1;
    %jmp T_6.13;
T_6.8 ;
    %load/vec4 v000002e81ca53660_0;
    %store/vec4 v000002e81ca533e0_0, 0, 32;
    %load/vec4 v000002e81ca535c0_0;
    %store/vec4 v000002e81ca54b00_0, 0, 1;
    %jmp T_6.13;
T_6.9 ;
    %load/vec4 v000002e81ca53660_0;
    %store/vec4 v000002e81ca533e0_0, 0, 32;
    %load/vec4 v000002e81ca535c0_0;
    %store/vec4 v000002e81ca54b00_0, 0, 1;
    %jmp T_6.13;
T_6.10 ;
    %pushi/vec4 0, 0, 31;
    %load/vec4 v000002e81ca53340_0;
    %concat/vec4; draw_concat_vec4
    %store/vec4 v000002e81ca533e0_0, 0, 32;
    %load/vec4 v000002e81ca53980_0;
    %store/vec4 v000002e81ca54b00_0, 0, 1;
    %load/vec4 v000002e81ca53ac0_0;
    %store/vec4 v000002e81ca55320_0, 0, 1;
    %jmp T_6.13;
T_6.11 ;
    %pushi/vec4 0, 0, 31;
    %load/vec4 v000002e81ca53fc0_0;
    %concat/vec4; draw_concat_vec4
    %store/vec4 v000002e81ca533e0_0, 0, 32;
    %load/vec4 v000002e81ca53980_0;
    %store/vec4 v000002e81ca54b00_0, 0, 1;
    %jmp T_6.13;
T_6.13 ;
    %pop/vec4 1;
    %jmp T_6;
    .thread T_6, $push;
    .scope S_000002e81ca31e60;
T_7 ;
    %wait E_000002e81c93b170;
    %load/vec4 v000002e81ca57a80_0;
    %dup/vec4;
    %pushi/vec4 0, 0, 3;
    %cmp/u;
    %jmp/1 T_7.0, 6;
    %dup/vec4;
    %pushi/vec4 1, 0, 3;
    %cmp/u;
    %jmp/1 T_7.1, 6;
    %dup/vec4;
    %pushi/vec4 2, 0, 3;
    %cmp/u;
    %jmp/1 T_7.2, 6;
    %dup/vec4;
    %pushi/vec4 3, 0, 3;
    %cmp/u;
    %jmp/1 T_7.3, 6;
    %dup/vec4;
    %pushi/vec4 4, 0, 3;
    %cmp/u;
    %jmp/1 T_7.4, 6;
    %dup/vec4;
    %pushi/vec4 5, 0, 3;
    %cmp/u;
    %jmp/1 T_7.5, 6;
    %dup/vec4;
    %pushi/vec4 6, 0, 3;
    %cmp/u;
    %jmp/1 T_7.6, 6;
    %dup/vec4;
    %pushi/vec4 7, 0, 3;
    %cmp/u;
    %jmp/1 T_7.7, 6;
    %jmp T_7.8;
T_7.0 ;
    %pushi/vec4 0, 0, 3;
    %store/vec4 v000002e81ca53c00_0, 0, 3;
    %jmp T_7.8;
T_7.1 ;
    %pushi/vec4 2, 0, 3;
    %store/vec4 v000002e81ca53c00_0, 0, 3;
    %jmp T_7.8;
T_7.2 ;
    %pushi/vec4 2, 0, 3;
    %store/vec4 v000002e81ca53c00_0, 0, 3;
    %jmp T_7.8;
T_7.3 ;
    %pushi/vec4 3, 0, 3;
    %store/vec4 v000002e81ca53c00_0, 0, 3;
    %jmp T_7.8;
T_7.4 ;
    %pushi/vec4 7, 0, 3;
    %store/vec4 v000002e81ca53c00_0, 0, 3;
    %jmp T_7.8;
T_7.5 ;
    %pushi/vec4 6, 0, 3;
    %store/vec4 v000002e81ca53c00_0, 0, 3;
    %jmp T_7.8;
T_7.6 ;
    %pushi/vec4 6, 0, 3;
    %store/vec4 v000002e81ca53c00_0, 0, 3;
    %jmp T_7.8;
T_7.7 ;
    %pushi/vec4 0, 0, 3;
    %store/vec4 v000002e81ca53c00_0, 0, 3;
    %jmp T_7.8;
T_7.8 ;
    %pop/vec4 1;
    %jmp T_7;
    .thread T_7, $push;
    .scope S_000002e81ca32630;
T_8 ;
    %wait E_000002e81c932530;
    %load/vec4 v000002e81ca57760_0;
    %flag_set/vec4 8;
    %jmp/0xz  T_8.0, 8;
    %pushi/vec4 0, 0, 2;
    %assign/vec4 v000002e81ca560e0_0, 0;
    %pushi/vec4 0, 0, 1;
    %assign/vec4 v000002e81ca55e60_0, 0;
    %pushi/vec4 0, 0, 64;
    %assign/vec4 v000002e81ca574e0_0, 0;
    %jmp T_8.1;
T_8.0 ;
    %load/vec4 v000002e81ca560e0_0;
    %dup/vec4;
    %pushi/vec4 0, 0, 2;
    %cmp/u;
    %jmp/1 T_8.2, 6;
    %dup/vec4;
    %pushi/vec4 1, 0, 2;
    %cmp/u;
    %jmp/1 T_8.3, 6;
    %dup/vec4;
    %pushi/vec4 2, 0, 2;
    %cmp/u;
    %jmp/1 T_8.4, 6;
    %jmp T_8.5;
T_8.2 ;
    %pushi/vec4 0, 0, 1;
    %assign/vec4 v000002e81ca55e60_0, 0;
    %load/vec4 v000002e81ca56a40_0;
    %flag_set/vec4 8;
    %jmp/0xz  T_8.6, 8;
    %pushi/vec4 0, 0, 32;
    %load/vec4 v000002e81ca56680_0;
    %concat/vec4; draw_concat_vec4
    %concati/vec4 0, 0, 1;
    %assign/vec4 v000002e81ca55640_0, 0;
    %load/vec4 v000002e81ca57b20_0;
    %assign/vec4 v000002e81ca569a0_0, 0;
    %pushi/vec4 0, 0, 5;
    %assign/vec4 v000002e81ca57620_0, 0;
    %pushi/vec4 1, 0, 2;
    %assign/vec4 v000002e81ca560e0_0, 0;
T_8.6 ;
    %jmp T_8.5;
T_8.3 ;
    %load/vec4 v000002e81ca55f00_0;
    %assign/vec4 v000002e81ca55640_0, 0;
    %load/vec4 v000002e81ca57620_0;
    %pad/u 32;
    %cmpi/e 15, 0, 32;
    %jmp/0xz  T_8.8, 4;
    %pushi/vec4 2, 0, 2;
    %assign/vec4 v000002e81ca560e0_0, 0;
    %jmp T_8.9;
T_8.8 ;
    %load/vec4 v000002e81ca57620_0;
    %addi 1, 0, 5;
    %assign/vec4 v000002e81ca57620_0, 0;
T_8.9 ;
    %jmp T_8.5;
T_8.4 ;
    %pushi/vec4 1, 0, 1;
    %assign/vec4 v000002e81ca55e60_0, 0;
    %load/vec4 v000002e81ca55640_0;
    %parti/s 64, 1, 2;
    %assign/vec4 v000002e81ca574e0_0, 0;
    %load/vec4 v000002e81ca56a40_0;
    %nor/r;
    %flag_set/vec4 8;
    %jmp/0xz  T_8.10, 8;
    %pushi/vec4 0, 0, 2;
    %assign/vec4 v000002e81ca560e0_0, 0;
T_8.10 ;
    %jmp T_8.5;
T_8.5 ;
    %pop/vec4 1;
T_8.1 ;
    %jmp T_8;
    .thread T_8;
    .scope S_000002e81c561a20;
T_9 ;
    %wait E_000002e81c932530;
    %load/vec4 v000002e81c9740c0_0;
    %flag_set/vec4 8;
    %jmp/0xz  T_9.0, 8;
    %pushi/vec4 0, 0, 2;
    %assign/vec4 v000002e81c976140_0, 0;
    %pushi/vec4 0, 0, 1;
    %assign/vec4 v000002e81c975b00_0, 0;
    %pushi/vec4 0, 0, 1;
    %assign/vec4 v000002e81c974700_0, 0;
    %pushi/vec4 0, 0, 32;
    %assign/vec4 v000002e81c976000_0, 0;
    %pushi/vec4 0, 0, 32;
    %assign/vec4 v000002e81c975ba0_0, 0;
    %jmp T_9.1;
T_9.0 ;
    %load/vec4 v000002e81c976140_0;
    %dup/vec4;
    %pushi/vec4 0, 0, 2;
    %cmp/u;
    %jmp/1 T_9.2, 6;
    %dup/vec4;
    %pushi/vec4 1, 0, 2;
    %cmp/u;
    %jmp/1 T_9.3, 6;
    %dup/vec4;
    %pushi/vec4 2, 0, 2;
    %cmp/u;
    %jmp/1 T_9.4, 6;
    %jmp T_9.5;
T_9.2 ;
    %pushi/vec4 0, 0, 1;
    %assign/vec4 v000002e81c975b00_0, 0;
    %load/vec4 v000002e81c9760a0_0;
    %flag_set/vec4 8;
    %jmp/0xz  T_9.6, 8;
    %load/vec4 v000002e81c974b60_0;
    %cmpi/e 0, 0, 32;
    %jmp/0xz  T_9.8, 4;
    %pushi/vec4 1, 0, 1;
    %assign/vec4 v000002e81c974700_0, 0;
    %pushi/vec4 1, 0, 1;
    %assign/vec4 v000002e81c975b00_0, 0;
    %jmp T_9.9;
T_9.8 ;
    %pushi/vec4 0, 0, 1;
    %assign/vec4 v000002e81c974700_0, 0;
    %load/vec4 v000002e81c974b60_0;
    %assign/vec4 v000002e81c975ce0_0, 0;
    %pushi/vec4 0, 0, 32;
    %load/vec4 v000002e81c974840_0;
    %concat/vec4; draw_concat_vec4
    %assign/vec4 v000002e81c976460_0, 0;
    %pushi/vec4 0, 0, 6;
    %assign/vec4 v000002e81c976820_0, 0;
    %pushi/vec4 1, 0, 2;
    %assign/vec4 v000002e81c976140_0, 0;
T_9.9 ;
T_9.6 ;
    %jmp T_9.5;
T_9.3 ;
    %load/vec4 v000002e81c976460_0;
    %ix/load 4, 1, 0;
    %flag_set/imm 4, 0;
    %shiftl 4;
    %store/vec4 v000002e81c975240_0, 0, 64;
    %load/vec4 v000002e81c976460_0;
    %parti/s 1, 63, 7;
    %cmpi/e 0, 0, 1;
    %jmp/0xz  T_9.10, 4;
    %load/vec4 v000002e81c975240_0;
    %parti/s 32, 32, 7;
    %load/vec4 v000002e81c975ce0_0;
    %sub;
    %ix/load 4, 32, 0;
    %flag_set/imm 4, 0;
    %store/vec4 v000002e81c975240_0, 4, 32;
    %jmp T_9.11;
T_9.10 ;
    %load/vec4 v000002e81c975240_0;
    %parti/s 32, 32, 7;
    %load/vec4 v000002e81c975ce0_0;
    %add;
    %ix/load 4, 32, 0;
    %flag_set/imm 4, 0;
    %store/vec4 v000002e81c975240_0, 4, 32;
T_9.11 ;
    %load/vec4 v000002e81c975240_0;
    %parti/s 1, 63, 7;
    %inv;
    %ix/load 4, 0, 0;
    %flag_set/imm 4, 0;
    %store/vec4 v000002e81c975240_0, 4, 1;
    %load/vec4 v000002e81c975240_0;
    %assign/vec4 v000002e81c976460_0, 0;
    %load/vec4 v000002e81c976820_0;
    %pad/u 32;
    %cmpi/e 31, 0, 32;
    %jmp/0xz  T_9.12, 4;
    %pushi/vec4 2, 0, 2;
    %assign/vec4 v000002e81c976140_0, 0;
    %jmp T_9.13;
T_9.12 ;
    %load/vec4 v000002e81c976820_0;
    %addi 1, 0, 6;
    %assign/vec4 v000002e81c976820_0, 0;
T_9.13 ;
    %jmp T_9.5;
T_9.4 ;
    %load/vec4 v000002e81c976460_0;
    %parti/s 1, 63, 7;
    %cmpi/e 1, 0, 1;
    %jmp/0xz  T_9.14, 4;
    %load/vec4 v000002e81c976460_0;
    %parti/s 32, 32, 7;
    %load/vec4 v000002e81c975ce0_0;
    %add;
    %assign/vec4 v000002e81c975ba0_0, 0;
    %jmp T_9.15;
T_9.14 ;
    %load/vec4 v000002e81c976460_0;
    %parti/s 32, 32, 7;
    %assign/vec4 v000002e81c975ba0_0, 0;
T_9.15 ;
    %load/vec4 v000002e81c976460_0;
    %parti/s 32, 0, 2;
    %assign/vec4 v000002e81c976000_0, 0;
    %pushi/vec4 1, 0, 1;
    %assign/vec4 v000002e81c975b00_0, 0;
    %load/vec4 v000002e81c9760a0_0;
    %nor/r;
    %flag_set/vec4 8;
    %jmp/0xz  T_9.16, 8;
    %pushi/vec4 0, 0, 2;
    %assign/vec4 v000002e81c976140_0, 0;
T_9.16 ;
    %jmp T_9.5;
T_9.5 ;
    %pop/vec4 1;
T_9.1 ;
    %jmp T_9;
    .thread T_9;
    .scope S_000002e81c5a5540;
T_10 ;
    %wait E_000002e81c933870;
    %load/vec4 v000002e81c975560_0;
    %load/vec4 v000002e81c975d80_0;
    %cmp/u;
    %flag_or 5, 4;
    %jmp/0xz  T_10.0, 5;
    %load/vec4 v000002e81c975d80_0;
    %store/vec4 v000002e81c974160_0, 0, 8;
    %load/vec4 v000002e81c975d80_0;
    %load/vec4 v000002e81c975560_0;
    %sub;
    %store/vec4 v000002e81c9752e0_0, 0, 8;
    %pushi/vec4 0, 0, 1;
    %load/vec4 v000002e81c975920_0;
    %concat/vec4; draw_concat_vec4
    %store/vec4 v000002e81c976280_0, 0, 25;
    %load/vec4 v000002e81c9752e0_0;
    %cmpi/u 25, 0, 8;
    %flag_inv 5; GE is !LT
    %jmp/0xz  T_10.2, 5;
    %pushi/vec4 0, 0, 25;
    %store/vec4 v000002e81c975740_0, 0, 25;
    %jmp T_10.3;
T_10.2 ;
    %pushi/vec4 0, 0, 1;
    %load/vec4 v000002e81c9763c0_0;
    %concat/vec4; draw_concat_vec4
    %ix/getv 4, v000002e81c9752e0_0;
    %shiftr 4;
    %store/vec4 v000002e81c975740_0, 0, 25;
T_10.3 ;
    %jmp T_10.1;
T_10.0 ;
    %load/vec4 v000002e81c975560_0;
    %store/vec4 v000002e81c974160_0, 0, 8;
    %load/vec4 v000002e81c975560_0;
    %load/vec4 v000002e81c975d80_0;
    %sub;
    %store/vec4 v000002e81c9752e0_0, 0, 8;
    %pushi/vec4 0, 0, 1;
    %load/vec4 v000002e81c9763c0_0;
    %concat/vec4; draw_concat_vec4
    %store/vec4 v000002e81c975740_0, 0, 25;
    %load/vec4 v000002e81c9752e0_0;
    %cmpi/u 25, 0, 8;
    %flag_inv 5; GE is !LT
    %jmp/0xz  T_10.4, 5;
    %pushi/vec4 0, 0, 25;
    %store/vec4 v000002e81c976280_0, 0, 25;
    %jmp T_10.5;
T_10.4 ;
    %pushi/vec4 0, 0, 1;
    %load/vec4 v000002e81c975920_0;
    %concat/vec4; draw_concat_vec4
    %ix/getv 4, v000002e81c9752e0_0;
    %shiftr 4;
    %store/vec4 v000002e81c976280_0, 0, 25;
T_10.5 ;
T_10.1 ;
    %jmp T_10;
    .thread T_10, $push;
    .scope S_000002e81c5e3a80;
T_11 ;
    %wait E_000002e81c933f70;
    %pushi/vec4 0, 0, 6;
    %store/vec4 v000002e81c976320_0, 0, 6;
    %pushi/vec4 0, 0, 1;
    %store/vec4 v000002e81c974480_0, 0, 1;
    %pushi/vec4 47, 0, 32;
    %store/vec4 v000002e81c975e20_0, 0, 32;
T_11.0 ;
    %load/vec4 v000002e81c975e20_0;
    %cmpi/s 0, 0, 32;
    %flag_inv 5; GE is !LT
    %jmp/0xz T_11.1, 5;
    %load/vec4 v000002e81c975100_0;
    %load/vec4 v000002e81c975e20_0;
    %part/s 1;
    %flag_set/vec4 9;
    %flag_get/vec4 9;
    %jmp/0 T_11.4, 9;
    %load/vec4 v000002e81c974480_0;
    %nor/r;
    %and;
T_11.4;
    %flag_set/vec4 8;
    %jmp/0xz  T_11.2, 8;
    %load/vec4 v000002e81c975e20_0;
    %pad/s 6;
    %store/vec4 v000002e81c976320_0, 0, 6;
    %pushi/vec4 1, 0, 1;
    %store/vec4 v000002e81c974480_0, 0, 1;
T_11.2 ;
    %load/vec4 v000002e81c975e20_0;
    %subi 1, 0, 32;
    %store/vec4 v000002e81c975e20_0, 0, 32;
    %jmp T_11.0;
T_11.1 ;
    %load/vec4 v000002e81c975380_0;
    %cmpi/u 255, 0, 9;
    %flag_inv 5; GE is !LT
    %jmp/0xz  T_11.5, 5;
    %pushi/vec4 255, 0, 8;
    %store/vec4 v000002e81c974ac0_0, 0, 8;
    %pushi/vec4 0, 0, 23;
    %store/vec4 v000002e81c9743e0_0, 0, 23;
    %pushi/vec4 1, 0, 1;
    %store/vec4 v000002e81c974340_0, 0, 1;
    %pushi/vec4 0, 0, 1;
    %store/vec4 v000002e81c9748e0_0, 0, 1;
    %jmp T_11.6;
T_11.5 ;
    %load/vec4 v000002e81c974480_0;
    %nor/r;
    %flag_set/vec4 8;
    %jmp/0xz  T_11.7, 8;
    %pushi/vec4 0, 0, 8;
    %store/vec4 v000002e81c974ac0_0, 0, 8;
    %pushi/vec4 0, 0, 23;
    %store/vec4 v000002e81c9743e0_0, 0, 23;
    %pushi/vec4 0, 0, 1;
    %store/vec4 v000002e81c9748e0_0, 0, 1;
    %pushi/vec4 0, 0, 1;
    %store/vec4 v000002e81c974340_0, 0, 1;
    %jmp T_11.8;
T_11.7 ;
    %load/vec4 v000002e81c976320_0;
    %pad/u 32;
    %cmpi/u 23, 0, 32;
    %flag_inv 5; GE is !LT
    %jmp/0xz  T_11.9, 5;
    %load/vec4 v000002e81c975380_0;
    %load/vec4 v000002e81c976320_0;
    %pad/u 9;
    %subi 23, 0, 9;
    %add;
    %pad/u 8;
    %store/vec4 v000002e81c974ac0_0, 0, 8;
    %load/vec4 v000002e81c975100_0;
    %load/vec4 v000002e81c976320_0;
    %pad/u 32;
    %subi 23, 0, 32;
    %ix/vec4 4;
    %shiftr 4;
    %pad/u 23;
    %store/vec4 v000002e81c9743e0_0, 0, 23;
    %jmp T_11.10;
T_11.9 ;
    %load/vec4 v000002e81c975380_0;
    %pad/u 32;
    %pushi/vec4 23, 0, 32;
    %load/vec4 v000002e81c976320_0;
    %pad/u 32;
    %sub;
    %cmp/u;
    %jmp/0xz  T_11.11, 5;
    %pushi/vec4 0, 0, 8;
    %store/vec4 v000002e81c974ac0_0, 0, 8;
    %pushi/vec4 0, 0, 23;
    %store/vec4 v000002e81c9743e0_0, 0, 23;
    %pushi/vec4 1, 0, 1;
    %store/vec4 v000002e81c9748e0_0, 0, 1;
    %jmp T_11.12;
T_11.11 ;
    %load/vec4 v000002e81c975380_0;
    %pushi/vec4 23, 0, 9;
    %load/vec4 v000002e81c976320_0;
    %pad/u 9;
    %sub;
    %sub;
    %pad/u 8;
    %store/vec4 v000002e81c974ac0_0, 0, 8;
    %load/vec4 v000002e81c975100_0;
    %pushi/vec4 23, 0, 32;
    %load/vec4 v000002e81c976320_0;
    %pad/u 32;
    %sub;
    %ix/vec4 4;
    %shiftl 4;
    %pad/u 23;
    %store/vec4 v000002e81c9743e0_0, 0, 23;
T_11.12 ;
T_11.10 ;
    %pushi/vec4 255, 0, 32;
    %load/vec4 v000002e81c974ac0_0;
    %pad/u 32;
    %cmp/u;
    %flag_get/vec4 4;
    %flag_get/vec4 5;
    %or;
    %store/vec4 v000002e81c974340_0, 0, 1;
    %load/vec4 v000002e81c974340_0;
    %flag_set/vec4 8;
    %jmp/0xz  T_11.13, 8;
    %pushi/vec4 255, 0, 8;
    %store/vec4 v000002e81c974ac0_0, 0, 8;
    %pushi/vec4 0, 0, 23;
    %store/vec4 v000002e81c9743e0_0, 0, 23;
T_11.13 ;
T_11.8 ;
T_11.6 ;
    %jmp T_11;
    .thread T_11, $push;
    .scope S_000002e81c5a53b0;
T_12 ;
    %wait E_000002e81c932f70;
    %load/vec4 v000002e81c978120_0;
    %flag_set/vec4 8;
    %jmp/0xz  T_12.0, 8;
    %load/vec4 v000002e81c978b20_0;
    %load/vec4 v000002e81c977540_0;
    %cmp/u;
    %flag_or 5, 4;
    %flag_mov 8, 5;
    %jmp/0 T_12.2, 8;
    %load/vec4 v000002e81c977540_0;
    %load/vec4 v000002e81c978b20_0;
    %sub;
    %jmp/1 T_12.3, 8;
T_12.2 ; End of true expr.
    %load/vec4 v000002e81c978b20_0;
    %load/vec4 v000002e81c977540_0;
    %sub;
    %jmp/0 T_12.3, 8;
 ; End of false expr.
    %blend;
T_12.3;
    %store/vec4 v000002e81c979de0_0, 0, 25;
    %jmp T_12.1;
T_12.0 ;
    %load/vec4 v000002e81c977540_0;
    %load/vec4 v000002e81c978b20_0;
    %add;
    %store/vec4 v000002e81c979de0_0, 0, 25;
T_12.1 ;
    %jmp T_12;
    .thread T_12, $push;
    .scope S_000002e81c59cad0;
T_13 ;
    %wait E_000002e81c935070;
    %load/vec4 v000002e81c96d2c0_0;
    %load/vec4 v000002e81c96e8a0_0;
    %cmp/u;
    %flag_or 5, 4;
    %jmp/0xz  T_13.0, 5;
    %load/vec4 v000002e81c96e8a0_0;
    %store/vec4 v000002e81c96f020_0, 0, 8;
    %load/vec4 v000002e81c96e8a0_0;
    %load/vec4 v000002e81c96d2c0_0;
    %sub;
    %store/vec4 v000002e81c96d360_0, 0, 8;
    %pushi/vec4 0, 0, 1;
    %load/vec4 v000002e81c96caa0_0;
    %concat/vec4; draw_concat_vec4
    %store/vec4 v000002e81c96d9a0_0, 0, 25;
    %load/vec4 v000002e81c96d360_0;
    %cmpi/u 25, 0, 8;
    %flag_inv 5; GE is !LT
    %jmp/0xz  T_13.2, 5;
    %pushi/vec4 0, 0, 25;
    %store/vec4 v000002e81c96d220_0, 0, 25;
    %jmp T_13.3;
T_13.2 ;
    %pushi/vec4 0, 0, 1;
    %load/vec4 v000002e81c96ca00_0;
    %concat/vec4; draw_concat_vec4
    %ix/getv 4, v000002e81c96d360_0;
    %shiftr 4;
    %store/vec4 v000002e81c96d220_0, 0, 25;
T_13.3 ;
    %jmp T_13.1;
T_13.0 ;
    %load/vec4 v000002e81c96d2c0_0;
    %store/vec4 v000002e81c96f020_0, 0, 8;
    %load/vec4 v000002e81c96d2c0_0;
    %load/vec4 v000002e81c96e8a0_0;
    %sub;
    %store/vec4 v000002e81c96d360_0, 0, 8;
    %pushi/vec4 0, 0, 1;
    %load/vec4 v000002e81c96ca00_0;
    %concat/vec4; draw_concat_vec4
    %store/vec4 v000002e81c96d220_0, 0, 25;
    %load/vec4 v000002e81c96d360_0;
    %cmpi/u 25, 0, 8;
    %flag_inv 5; GE is !LT
    %jmp/0xz  T_13.4, 5;
    %pushi/vec4 0, 0, 25;
    %store/vec4 v000002e81c96d9a0_0, 0, 25;
    %jmp T_13.5;
T_13.4 ;
    %pushi/vec4 0, 0, 1;
    %load/vec4 v000002e81c96caa0_0;
    %concat/vec4; draw_concat_vec4
    %ix/getv 4, v000002e81c96d360_0;
    %shiftr 4;
    %store/vec4 v000002e81c96d9a0_0, 0, 25;
T_13.5 ;
T_13.1 ;
    %jmp T_13;
    .thread T_13, $push;
    .scope S_000002e81c59cc60;
T_14 ;
    %wait E_000002e81c9343f0;
    %pushi/vec4 0, 0, 6;
    %store/vec4 v000002e81c96db80_0, 0, 6;
    %pushi/vec4 0, 0, 1;
    %store/vec4 v000002e81c96e9e0_0, 0, 1;
    %pushi/vec4 47, 0, 32;
    %store/vec4 v000002e81c96e580_0, 0, 32;
T_14.0 ;
    %load/vec4 v000002e81c96e580_0;
    %cmpi/s 0, 0, 32;
    %flag_inv 5; GE is !LT
    %jmp/0xz T_14.1, 5;
    %load/vec4 v000002e81c96cdc0_0;
    %load/vec4 v000002e81c96e580_0;
    %part/s 1;
    %flag_set/vec4 9;
    %flag_get/vec4 9;
    %jmp/0 T_14.4, 9;
    %load/vec4 v000002e81c96e9e0_0;
    %nor/r;
    %and;
T_14.4;
    %flag_set/vec4 8;
    %jmp/0xz  T_14.2, 8;
    %load/vec4 v000002e81c96e580_0;
    %pad/s 6;
    %store/vec4 v000002e81c96db80_0, 0, 6;
    %pushi/vec4 1, 0, 1;
    %store/vec4 v000002e81c96e9e0_0, 0, 1;
T_14.2 ;
    %load/vec4 v000002e81c96e580_0;
    %subi 1, 0, 32;
    %store/vec4 v000002e81c96e580_0, 0, 32;
    %jmp T_14.0;
T_14.1 ;
    %load/vec4 v000002e81c96c8c0_0;
    %cmpi/u 255, 0, 9;
    %flag_inv 5; GE is !LT
    %jmp/0xz  T_14.5, 5;
    %pushi/vec4 255, 0, 8;
    %store/vec4 v000002e81c96dae0_0, 0, 8;
    %pushi/vec4 0, 0, 23;
    %store/vec4 v000002e81c96cbe0_0, 0, 23;
    %pushi/vec4 1, 0, 1;
    %store/vec4 v000002e81c96eee0_0, 0, 1;
    %pushi/vec4 0, 0, 1;
    %store/vec4 v000002e81c96ef80_0, 0, 1;
    %jmp T_14.6;
T_14.5 ;
    %load/vec4 v000002e81c96e9e0_0;
    %nor/r;
    %flag_set/vec4 8;
    %jmp/0xz  T_14.7, 8;
    %pushi/vec4 0, 0, 8;
    %store/vec4 v000002e81c96dae0_0, 0, 8;
    %pushi/vec4 0, 0, 23;
    %store/vec4 v000002e81c96cbe0_0, 0, 23;
    %pushi/vec4 0, 0, 1;
    %store/vec4 v000002e81c96ef80_0, 0, 1;
    %pushi/vec4 0, 0, 1;
    %store/vec4 v000002e81c96eee0_0, 0, 1;
    %jmp T_14.8;
T_14.7 ;
    %load/vec4 v000002e81c96db80_0;
    %pad/u 32;
    %cmpi/u 23, 0, 32;
    %flag_inv 5; GE is !LT
    %jmp/0xz  T_14.9, 5;
    %load/vec4 v000002e81c96c8c0_0;
    %load/vec4 v000002e81c96db80_0;
    %pad/u 9;
    %subi 23, 0, 9;
    %add;
    %pad/u 8;
    %store/vec4 v000002e81c96dae0_0, 0, 8;
    %load/vec4 v000002e81c96cdc0_0;
    %load/vec4 v000002e81c96db80_0;
    %pad/u 32;
    %subi 23, 0, 32;
    %ix/vec4 4;
    %shiftr 4;
    %pad/u 23;
    %store/vec4 v000002e81c96cbe0_0, 0, 23;
    %jmp T_14.10;
T_14.9 ;
    %load/vec4 v000002e81c96c8c0_0;
    %pad/u 32;
    %pushi/vec4 23, 0, 32;
    %load/vec4 v000002e81c96db80_0;
    %pad/u 32;
    %sub;
    %cmp/u;
    %jmp/0xz  T_14.11, 5;
    %pushi/vec4 0, 0, 8;
    %store/vec4 v000002e81c96dae0_0, 0, 8;
    %pushi/vec4 0, 0, 23;
    %store/vec4 v000002e81c96cbe0_0, 0, 23;
    %pushi/vec4 1, 0, 1;
    %store/vec4 v000002e81c96ef80_0, 0, 1;
    %jmp T_14.12;
T_14.11 ;
    %load/vec4 v000002e81c96c8c0_0;
    %pushi/vec4 23, 0, 9;
    %load/vec4 v000002e81c96db80_0;
    %pad/u 9;
    %sub;
    %sub;
    %pad/u 8;
    %store/vec4 v000002e81c96dae0_0, 0, 8;
    %load/vec4 v000002e81c96cdc0_0;
    %pushi/vec4 23, 0, 32;
    %load/vec4 v000002e81c96db80_0;
    %pad/u 32;
    %sub;
    %ix/vec4 4;
    %shiftl 4;
    %pad/u 23;
    %store/vec4 v000002e81c96cbe0_0, 0, 23;
T_14.12 ;
T_14.10 ;
    %pushi/vec4 255, 0, 32;
    %load/vec4 v000002e81c96dae0_0;
    %pad/u 32;
    %cmp/u;
    %flag_get/vec4 4;
    %flag_get/vec4 5;
    %or;
    %store/vec4 v000002e81c96eee0_0, 0, 1;
    %load/vec4 v000002e81c96eee0_0;
    %flag_set/vec4 8;
    %jmp/0xz  T_14.13, 8;
    %pushi/vec4 255, 0, 8;
    %store/vec4 v000002e81c96dae0_0, 0, 8;
    %pushi/vec4 0, 0, 23;
    %store/vec4 v000002e81c96cbe0_0, 0, 23;
T_14.13 ;
T_14.8 ;
T_14.6 ;
    %jmp T_14;
    .thread T_14, $push;
    .scope S_000002e81c5aeba0;
T_15 ;
    %wait E_000002e81c9348f0;
    %load/vec4 v000002e81c96fca0_0;
    %flag_set/vec4 8;
    %jmp/0xz  T_15.0, 8;
    %load/vec4 v000002e81c970ec0_0;
    %load/vec4 v000002e81c9706a0_0;
    %cmp/u;
    %flag_or 5, 4;
    %flag_mov 8, 5;
    %jmp/0 T_15.2, 8;
    %load/vec4 v000002e81c9706a0_0;
    %load/vec4 v000002e81c970ec0_0;
    %sub;
    %jmp/1 T_15.3, 8;
T_15.2 ; End of true expr.
    %load/vec4 v000002e81c970ec0_0;
    %load/vec4 v000002e81c9706a0_0;
    %sub;
    %jmp/0 T_15.3, 8;
 ; End of false expr.
    %blend;
T_15.3;
    %store/vec4 v000002e81c971460_0, 0, 25;
    %jmp T_15.1;
T_15.0 ;
    %load/vec4 v000002e81c9706a0_0;
    %load/vec4 v000002e81c970ec0_0;
    %add;
    %store/vec4 v000002e81c971460_0, 0, 25;
T_15.1 ;
    %jmp T_15;
    .thread T_15, $push;
    .scope S_000002e81c5cfea0;
T_16 ;
    %wait E_000002e81c933370;
    %pushi/vec4 0, 0, 6;
    %store/vec4 v000002e81c979b60_0, 0, 6;
    %pushi/vec4 0, 0, 1;
    %store/vec4 v000002e81c979840_0, 0, 1;
    %pushi/vec4 47, 0, 32;
    %store/vec4 v000002e81c979520_0, 0, 32;
T_16.0 ;
    %load/vec4 v000002e81c979520_0;
    %cmpi/s 0, 0, 32;
    %flag_inv 5; GE is !LT
    %jmp/0xz T_16.1, 5;
    %load/vec4 v000002e81c979660_0;
    %load/vec4 v000002e81c979520_0;
    %part/s 1;
    %flag_set/vec4 9;
    %flag_get/vec4 9;
    %jmp/0 T_16.4, 9;
    %load/vec4 v000002e81c979840_0;
    %nor/r;
    %and;
T_16.4;
    %flag_set/vec4 8;
    %jmp/0xz  T_16.2, 8;
    %load/vec4 v000002e81c979520_0;
    %pad/s 6;
    %store/vec4 v000002e81c979b60_0, 0, 6;
    %pushi/vec4 1, 0, 1;
    %store/vec4 v000002e81c979840_0, 0, 1;
T_16.2 ;
    %load/vec4 v000002e81c979520_0;
    %subi 1, 0, 32;
    %store/vec4 v000002e81c979520_0, 0, 32;
    %jmp T_16.0;
T_16.1 ;
    %load/vec4 v000002e81c9795c0_0;
    %cmpi/u 255, 0, 9;
    %flag_inv 5; GE is !LT
    %jmp/0xz  T_16.5, 5;
    %pushi/vec4 255, 0, 8;
    %store/vec4 v000002e81c9793e0_0, 0, 8;
    %pushi/vec4 0, 0, 23;
    %store/vec4 v000002e81c979480_0, 0, 23;
    %pushi/vec4 1, 0, 1;
    %store/vec4 v000002e81c979700_0, 0, 1;
    %pushi/vec4 0, 0, 1;
    %store/vec4 v000002e81c979ac0_0, 0, 1;
    %jmp T_16.6;
T_16.5 ;
    %load/vec4 v000002e81c979840_0;
    %nor/r;
    %flag_set/vec4 8;
    %jmp/0xz  T_16.7, 8;
    %pushi/vec4 0, 0, 8;
    %store/vec4 v000002e81c9793e0_0, 0, 8;
    %pushi/vec4 0, 0, 23;
    %store/vec4 v000002e81c979480_0, 0, 23;
    %pushi/vec4 0, 0, 1;
    %store/vec4 v000002e81c979ac0_0, 0, 1;
    %pushi/vec4 0, 0, 1;
    %store/vec4 v000002e81c979700_0, 0, 1;
    %jmp T_16.8;
T_16.7 ;
    %load/vec4 v000002e81c979b60_0;
    %pad/u 32;
    %cmpi/u 23, 0, 32;
    %flag_inv 5; GE is !LT
    %jmp/0xz  T_16.9, 5;
    %load/vec4 v000002e81c9795c0_0;
    %load/vec4 v000002e81c979b60_0;
    %pad/u 9;
    %subi 23, 0, 9;
    %add;
    %pad/u 8;
    %store/vec4 v000002e81c9793e0_0, 0, 8;
    %load/vec4 v000002e81c979660_0;
    %load/vec4 v000002e81c979b60_0;
    %pad/u 32;
    %subi 23, 0, 32;
    %ix/vec4 4;
    %shiftr 4;
    %pad/u 23;
    %store/vec4 v000002e81c979480_0, 0, 23;
    %jmp T_16.10;
T_16.9 ;
    %load/vec4 v000002e81c9795c0_0;
    %pad/u 32;
    %pushi/vec4 23, 0, 32;
    %load/vec4 v000002e81c979b60_0;
    %pad/u 32;
    %sub;
    %cmp/u;
    %jmp/0xz  T_16.11, 5;
    %pushi/vec4 0, 0, 8;
    %store/vec4 v000002e81c9793e0_0, 0, 8;
    %pushi/vec4 0, 0, 23;
    %store/vec4 v000002e81c979480_0, 0, 23;
    %pushi/vec4 1, 0, 1;
    %store/vec4 v000002e81c979ac0_0, 0, 1;
    %jmp T_16.12;
T_16.11 ;
    %load/vec4 v000002e81c9795c0_0;
    %pushi/vec4 23, 0, 9;
    %load/vec4 v000002e81c979b60_0;
    %pad/u 9;
    %sub;
    %sub;
    %pad/u 8;
    %store/vec4 v000002e81c9793e0_0, 0, 8;
    %load/vec4 v000002e81c979660_0;
    %pushi/vec4 23, 0, 32;
    %load/vec4 v000002e81c979b60_0;
    %pad/u 32;
    %sub;
    %ix/vec4 4;
    %shiftl 4;
    %pad/u 23;
    %store/vec4 v000002e81c979480_0, 0, 23;
T_16.12 ;
T_16.10 ;
    %pushi/vec4 255, 0, 32;
    %load/vec4 v000002e81c9793e0_0;
    %pad/u 32;
    %cmp/u;
    %flag_get/vec4 4;
    %flag_get/vec4 5;
    %or;
    %store/vec4 v000002e81c979700_0, 0, 1;
    %load/vec4 v000002e81c979700_0;
    %flag_set/vec4 8;
    %jmp/0xz  T_16.13, 8;
    %pushi/vec4 255, 0, 8;
    %store/vec4 v000002e81c9793e0_0, 0, 8;
    %pushi/vec4 0, 0, 23;
    %store/vec4 v000002e81c979480_0, 0, 23;
T_16.13 ;
T_16.8 ;
T_16.6 ;
    %jmp T_16;
    .thread T_16, $push;
    .scope S_000002e81c5cfd10;
T_17 ;
    %wait E_000002e81c932970;
    %load/vec4 v000002e81c96cf00_0;
    %flag_set/vec4 8;
    %jmp/1 T_17.2, 8;
    %load/vec4 v000002e81c96cfa0_0;
    %flag_set/vec4 9;
    %flag_or 8, 9;
T_17.2;
    %jmp/0xz  T_17.0, 8;
    %pushi/vec4 2143289344, 0, 32;
    %store/vec4 v000002e81c96e800_0, 0, 32;
    %jmp T_17.1;
T_17.0 ;
    %load/vec4 v000002e81c96e940_0;
    %flag_set/vec4 9;
    %flag_get/vec4 9;
    %jmp/0 T_17.6, 9;
    %load/vec4 v000002e81c96df40_0;
    %nor/r;
    %and;
T_17.6;
    %flag_set/vec4 8;
    %jmp/1 T_17.5, 8;
    %load/vec4 v000002e81c96e440_0;
    %flag_set/vec4 10;
    %flag_get/vec4 10;
    %jmp/0 T_17.7, 10;
    %load/vec4 v000002e81c96de00_0;
    %nor/r;
    %and;
T_17.7;
    %flag_set/vec4 9;
    %flag_or 8, 9;
T_17.5;
    %jmp/0xz  T_17.3, 8;
    %load/vec4 v000002e81c96d540_0;
    %concati/vec4 255, 0, 8;
    %concati/vec4 0, 0, 23;
    %store/vec4 v000002e81c96e800_0, 0, 32;
    %jmp T_17.4;
T_17.3 ;
    %load/vec4 v000002e81c96de00_0;
    %flag_set/vec4 8;
    %jmp/1 T_17.12, 8;
    %load/vec4 v000002e81c96df40_0;
    %flag_set/vec4 9;
    %flag_or 8, 9;
T_17.12;
    %jmp/1 T_17.11, 8;
    %load/vec4 v000002e81c96e940_0;
    %flag_set/vec4 10;
    %flag_get/vec4 10;
    %jmp/0 T_17.13, 10;
    %load/vec4 v000002e81c96df40_0;
    %and;
T_17.13;
    %flag_set/vec4 9;
    %flag_or 8, 9;
T_17.11;
    %jmp/1 T_17.10, 8;
    %load/vec4 v000002e81c96e440_0;
    %flag_set/vec4 10;
    %flag_get/vec4 10;
    %jmp/0 T_17.14, 10;
    %load/vec4 v000002e81c96de00_0;
    %and;
T_17.14;
    %flag_set/vec4 9;
    %flag_or 8, 9;
T_17.10;
    %jmp/0xz  T_17.8, 8;
    %load/vec4 v000002e81c96d540_0;
    %concati/vec4 0, 0, 31;
    %store/vec4 v000002e81c96e800_0, 0, 32;
    %jmp T_17.9;
T_17.8 ;
    %load/vec4 v000002e81c96d540_0;
    %load/vec4 v000002e81c96c0a0_0;
    %concat/vec4; draw_concat_vec4
    %load/vec4 v000002e81c96c320_0;
    %concat/vec4; draw_concat_vec4
    %store/vec4 v000002e81c96e800_0, 0, 32;
T_17.9 ;
T_17.4 ;
T_17.1 ;
    %jmp T_17;
    .thread T_17, $push;
    .scope S_000002e81c561890;
T_18 ;
    %wait E_000002e81c9327f0;
    %pushi/vec4 0, 0, 32;
    %store/vec4 v000002e81ca59380_0, 0, 32;
    %pushi/vec4 0, 0, 1;
    %store/vec4 v000002e81ca55a00_0, 0, 1;
    %pushi/vec4 0, 0, 4;
    %store/vec4 v000002e81ca58980_0, 0, 4;
    %pushi/vec4 0, 0, 3;
    %store/vec4 v000002e81ca562c0_0, 0, 3;
    %load/vec4 v000002e81ca58480_0;
    %parti/s 2, 4, 4;
    %cmpi/e 0, 0, 2;
    %jmp/0xz  T_18.0, 4;
    %load/vec4 v000002e81ca58020_0;
    %store/vec4 v000002e81ca59380_0, 0, 32;
    %load/vec4 v000002e81ca56d60_0;
    %load/vec4 v000002e81ca59600_0;
    %concat/vec4; draw_concat_vec4
    %load/vec4 v000002e81ca56cc0_0;
    %concat/vec4; draw_concat_vec4
    %load/vec4 v000002e81ca56e00_0;
    %concat/vec4; draw_concat_vec4
    %store/vec4 v000002e81ca58980_0, 0, 4;
    %load/vec4 v000002e81ca59d80_0;
    %flag_set/vec4 8;
    %jmp/0xz  T_18.2, 8;
    %pushi/vec4 1, 0, 1;
    %store/vec4 v000002e81ca55a00_0, 0, 1;
T_18.2 ;
    %jmp T_18.1;
T_18.0 ;
    %load/vec4 v000002e81ca58480_0;
    %cmpi/e 16, 0, 6;
    %jmp/0xz  T_18.4, 4;
    %load/vec4 v000002e81ca58200_0;
    %parti/s 32, 0, 2;
    %store/vec4 v000002e81ca59380_0, 0, 32;
    %load/vec4 v000002e81ca59240_0;
    %store/vec4 v000002e81ca55a00_0, 0, 1;
    %jmp T_18.5;
T_18.4 ;
    %load/vec4 v000002e81ca58480_0;
    %cmpi/e 17, 0, 6;
    %jmp/0xz  T_18.6, 4;
    %load/vec4 v000002e81ca56b80_0;
    %store/vec4 v000002e81ca59380_0, 0, 32;
    %load/vec4 v000002e81ca56ae0_0;
    %store/vec4 v000002e81ca55a00_0, 0, 1;
    %jmp T_18.7;
T_18.6 ;
    %load/vec4 v000002e81ca58480_0;
    %cmpi/e 32, 0, 6;
    %jmp/0xz  T_18.8, 4;
    %load/vec4 v000002e81ca56220_0;
    %store/vec4 v000002e81ca59380_0, 0, 32;
    %load/vec4 v000002e81ca56180_0;
    %load/vec4 v000002e81ca57940_0;
    %concat/vec4; draw_concat_vec4
    %load/vec4 v000002e81ca56220_0;
    %pushi/vec4 0, 0, 32;
    %cmp/e;
    %flag_get/vec4 4;
    %concat/vec4; draw_concat_vec4
    %store/vec4 v000002e81ca562c0_0, 0, 3;
    %load/vec4 v000002e81ca59d80_0;
    %flag_set/vec4 8;
    %jmp/0xz  T_18.10, 8;
    %pushi/vec4 1, 0, 1;
    %store/vec4 v000002e81ca55a00_0, 0, 1;
T_18.10 ;
    %jmp T_18.9;
T_18.8 ;
    %load/vec4 v000002e81ca58480_0;
    %cmpi/e 33, 0, 6;
    %jmp/0xz  T_18.12, 4;
    %load/vec4 v000002e81ca56400_0;
    %store/vec4 v000002e81ca59380_0, 0, 32;
    %load/vec4 v000002e81ca56360_0;
    %load/vec4 v000002e81ca564a0_0;
    %concat/vec4; draw_concat_vec4
    %load/vec4 v000002e81ca56400_0;
    %pushi/vec4 0, 0, 32;
    %cmp/e;
    %flag_get/vec4 4;
    %concat/vec4; draw_concat_vec4
    %store/vec4 v000002e81ca562c0_0, 0, 3;
    %load/vec4 v000002e81ca59d80_0;
    %flag_set/vec4 8;
    %jmp/0xz  T_18.14, 8;
    %pushi/vec4 1, 0, 1;
    %store/vec4 v000002e81ca55a00_0, 0, 1;
T_18.14 ;
    %jmp T_18.13;
T_18.12 ;
    %load/vec4 v000002e81ca58480_0;
    %cmpi/e 34, 0, 6;
    %jmp/0xz  T_18.16, 4;
    %load/vec4 v000002e81ca55aa0_0;
    %store/vec4 v000002e81ca59380_0, 0, 32;
    %load/vec4 v000002e81ca56c20_0;
    %load/vec4 v000002e81ca55b40_0;
    %concat/vec4; draw_concat_vec4
    %load/vec4 v000002e81ca55aa0_0;
    %pushi/vec4 0, 0, 32;
    %cmp/e;
    %flag_get/vec4 4;
    %concat/vec4; draw_concat_vec4
    %store/vec4 v000002e81ca562c0_0, 0, 3;
    %load/vec4 v000002e81ca59d80_0;
    %flag_set/vec4 8;
    %jmp/0xz  T_18.18, 8;
    %pushi/vec4 1, 0, 1;
    %store/vec4 v000002e81ca55a00_0, 0, 1;
T_18.18 ;
T_18.16 ;
T_18.13 ;
T_18.9 ;
T_18.7 ;
T_18.5 ;
T_18.1 ;
    %jmp T_18;
    .thread T_18, $push;
    .scope S_000002e81c984ec0;
T_19 ;
    %pushi/vec4 0, 0, 32;
    %store/vec4 v000002e81ca5a3c0_0, 0, 32;
    %end;
    .thread T_19;
    .scope S_000002e81c984ec0;
T_20 ;
    %delay 5000, 0;
    %load/vec4 v000002e81ca59420_0;
    %inv;
    %store/vec4 v000002e81ca59420_0, 0, 1;
    %jmp T_20;
    .thread T_20;
    .scope S_000002e81c984ec0;
T_21 ;
    %pushi/vec4 0, 0, 1;
    %store/vec4 v000002e81ca59420_0, 0, 1;
    %pushi/vec4 1, 0, 1;
    %store/vec4 v000002e81ca59b00_0, 0, 1;
    %pushi/vec4 0, 0, 1;
    %store/vec4 v000002e81ca582a0_0, 0, 1;
    %pushi/vec4 0, 0, 32;
    %store/vec4 v000002e81ca58e80_0, 0, 32;
    %pushi/vec4 0, 0, 32;
    %store/vec4 v000002e81ca58de0_0, 0, 32;
    %pushi/vec4 0, 0, 6;
    %store/vec4 v000002e81ca59a60_0, 0, 6;
    %delay 15000, 0;
    %pushi/vec4 0, 0, 1;
    %store/vec4 v000002e81ca59b00_0, 0, 1;
    %wait E_000002e81c932370;
    %pushi/vec4 10, 0, 32;
    %store/vec4 v000002e81ca58e80_0, 0, 32;
    %pushi/vec4 20, 0, 32;
    %store/vec4 v000002e81ca58de0_0, 0, 32;
    %pushi/vec4 0, 0, 6;
    %store/vec4 v000002e81ca59a60_0, 0, 6;
    %pushi/vec4 1, 0, 1;
    %store/vec4 v000002e81ca582a0_0, 0, 1;
    %delay 1000, 0;
    %load/vec4 v000002e81ca59560_0;
    %cmpi/ne 30, 0, 32;
    %jmp/1 T_21.2, 6;
    %flag_mov 8, 6;
    %load/vec4 v000002e81ca597e0_0;
    %cmpi/ne 1, 0, 1;
    %flag_or 6, 8;
T_21.2;
    %jmp/0xz  T_21.0, 6;
    %vpi_call 2 54 "$display", "ERROR: ADD failed. res=%0d (exp: 30), done=%b", v000002e81ca59560_0, v000002e81ca597e0_0 {0 0 0};
    %load/vec4 v000002e81ca5a3c0_0;
    %addi 1, 0, 32;
    %store/vec4 v000002e81ca5a3c0_0, 0, 32;
    %jmp T_21.1;
T_21.0 ;
    %vpi_call 2 57 "$display", "ADD passed. 1 cycle (combinational) done." {0 0 0};
T_21.1 ;
    %pushi/vec4 0, 0, 1;
    %store/vec4 v000002e81ca582a0_0, 0, 1;
T_21.3 ;
    %load/vec4 v000002e81ca597e0_0;
    %flag_set/vec4 8;
    %jmp/0xz T_21.4, 8;
    %delay 1000, 0;
    %jmp T_21.3;
T_21.4 ;
    %wait E_000002e81c932370;
    %pushi/vec4 5, 0, 32;
    %store/vec4 v000002e81ca58e80_0, 0, 32;
    %pushi/vec4 6, 0, 32;
    %store/vec4 v000002e81ca58de0_0, 0, 32;
    %pushi/vec4 16, 0, 6;
    %store/vec4 v000002e81ca59a60_0, 0, 6;
    %pushi/vec4 1, 0, 1;
    %store/vec4 v000002e81ca582a0_0, 0, 1;
    %delay 1000, 0;
    %pushi/vec4 0, 0, 32;
    %store/vec4 v000002e81ca58520_0, 0, 32;
T_21.5 ;
    %load/vec4 v000002e81ca597e0_0;
    %nor/r;
    %flag_set/vec4 8;
    %jmp/0xz T_21.6, 8;
    %wait E_000002e81c932370;
    %load/vec4 v000002e81ca58520_0;
    %addi 1, 0, 32;
    %store/vec4 v000002e81ca58520_0, 0, 32;
    %jmp T_21.5;
T_21.6 ;
    %load/vec4 v000002e81ca59560_0;
    %cmpi/ne 30, 0, 32;
    %jmp/0xz  T_21.7, 6;
    %vpi_call 2 72 "$display", "ERROR: MUL failed. res=%0d (exp: 30)", v000002e81ca59560_0 {0 0 0};
    %load/vec4 v000002e81ca5a3c0_0;
    %addi 1, 0, 32;
    %store/vec4 v000002e81ca5a3c0_0, 0, 32;
    %jmp T_21.8;
T_21.7 ;
    %vpi_call 2 75 "$display", "MUL passed. cycles=%0d", v000002e81ca58520_0 {0 0 0};
T_21.8 ;
    %pushi/vec4 0, 0, 1;
    %store/vec4 v000002e81ca582a0_0, 0, 1;
T_21.9 ;
    %load/vec4 v000002e81ca597e0_0;
    %flag_set/vec4 8;
    %jmp/0xz T_21.10, 8;
    %wait E_000002e81c932370;
    %jmp T_21.9;
T_21.10 ;
    %wait E_000002e81c932370;
    %pushi/vec4 1065353216, 0, 32;
    %store/vec4 v000002e81ca58e80_0, 0, 32;
    %pushi/vec4 1065353216, 0, 32;
    %store/vec4 v000002e81ca58de0_0, 0, 32;
    %pushi/vec4 32, 0, 6;
    %store/vec4 v000002e81ca59a60_0, 0, 6;
    %pushi/vec4 1, 0, 1;
    %store/vec4 v000002e81ca582a0_0, 0, 1;
    %delay 1000, 0;
    %load/vec4 v000002e81ca59560_0;
    %cmpi/ne 1073741824, 0, 32;
    %jmp/1 T_21.13, 6;
    %flag_mov 8, 6;
    %load/vec4 v000002e81ca597e0_0;
    %cmpi/ne 1, 0, 1;
    %flag_or 6, 8;
T_21.13;
    %jmp/0xz  T_21.11, 6;
    %vpi_call 2 86 "$display", "ERROR: FADD failed. res=%h (exp: 40000000), done=%b", v000002e81ca59560_0, v000002e81ca597e0_0 {0 0 0};
    %load/vec4 v000002e81ca5a3c0_0;
    %addi 1, 0, 32;
    %store/vec4 v000002e81ca5a3c0_0, 0, 32;
    %jmp T_21.12;
T_21.11 ;
    %vpi_call 2 89 "$display", "FADD passed. combinational done." {0 0 0};
T_21.12 ;
    %pushi/vec4 0, 0, 1;
    %store/vec4 v000002e81ca582a0_0, 0, 1;
T_21.14 ;
    %load/vec4 v000002e81ca597e0_0;
    %flag_set/vec4 8;
    %jmp/0xz T_21.15, 8;
    %delay 1000, 0;
    %jmp T_21.14;
T_21.15 ;
    %wait E_000002e81c932370;
    %pushi/vec4 100, 0, 32;
    %store/vec4 v000002e81ca58e80_0, 0, 32;
    %pushi/vec4 10, 0, 32;
    %store/vec4 v000002e81ca58de0_0, 0, 32;
    %pushi/vec4 17, 0, 6;
    %store/vec4 v000002e81ca59a60_0, 0, 6;
    %pushi/vec4 1, 0, 1;
    %store/vec4 v000002e81ca582a0_0, 0, 1;
    %delay 1000, 0;
    %pushi/vec4 0, 0, 32;
    %store/vec4 v000002e81ca58520_0, 0, 32;
T_21.16 ;
    %load/vec4 v000002e81ca597e0_0;
    %nor/r;
    %flag_set/vec4 8;
    %jmp/0xz T_21.17, 8;
    %wait E_000002e81c932370;
    %load/vec4 v000002e81ca58520_0;
    %addi 1, 0, 32;
    %store/vec4 v000002e81ca58520_0, 0, 32;
    %jmp T_21.16;
T_21.17 ;
    %load/vec4 v000002e81ca59560_0;
    %cmpi/ne 10, 0, 32;
    %jmp/0xz  T_21.18, 6;
    %vpi_call 2 104 "$display", "ERROR: DIV failed. res=%0d (exp: 10)", v000002e81ca59560_0 {0 0 0};
    %load/vec4 v000002e81ca5a3c0_0;
    %addi 1, 0, 32;
    %store/vec4 v000002e81ca5a3c0_0, 0, 32;
    %jmp T_21.19;
T_21.18 ;
    %vpi_call 2 107 "$display", "DIV passed. cycles=%0d", v000002e81ca58520_0 {0 0 0};
T_21.19 ;
    %pushi/vec4 0, 0, 1;
    %store/vec4 v000002e81ca582a0_0, 0, 1;
T_21.20 ;
    %load/vec4 v000002e81ca597e0_0;
    %flag_set/vec4 8;
    %jmp/0xz T_21.21, 8;
    %wait E_000002e81c932370;
    %jmp T_21.20;
T_21.21 ;
    %wait E_000002e81c932370;
    %pushi/vec4 7, 0, 32;
    %store/vec4 v000002e81ca58e80_0, 0, 32;
    %pushi/vec4 8, 0, 32;
    %store/vec4 v000002e81ca58de0_0, 0, 32;
    %pushi/vec4 16, 0, 6;
    %store/vec4 v000002e81ca59a60_0, 0, 6;
    %pushi/vec4 1, 0, 1;
    %store/vec4 v000002e81ca582a0_0, 0, 1;
    %delay 1000, 0;
    %pushi/vec4 0, 0, 32;
    %store/vec4 v000002e81ca58520_0, 0, 32;
T_21.22 ;
    %load/vec4 v000002e81ca597e0_0;
    %nor/r;
    %flag_set/vec4 8;
    %jmp/0xz T_21.23, 8;
    %wait E_000002e81c932370;
    %load/vec4 v000002e81ca58520_0;
    %addi 1, 0, 32;
    %store/vec4 v000002e81ca58520_0, 0, 32;
    %jmp T_21.22;
T_21.23 ;
    %load/vec4 v000002e81ca59560_0;
    %cmpi/ne 56, 0, 32;
    %jmp/0xz  T_21.24, 6;
    %vpi_call 2 122 "$display", "ERROR: Back-to-back MUL failed. res=%0d (exp: 56), cycles=%0d", v000002e81ca59560_0, v000002e81ca58520_0 {0 0 0};
    %load/vec4 v000002e81ca5a3c0_0;
    %addi 1, 0, 32;
    %store/vec4 v000002e81ca5a3c0_0, 0, 32;
T_21.24 ;
    %pushi/vec4 0, 0, 1;
    %store/vec4 v000002e81ca582a0_0, 0, 1;
T_21.26 ;
    %load/vec4 v000002e81ca597e0_0;
    %flag_set/vec4 8;
    %jmp/0xz T_21.27, 8;
    %wait E_000002e81c932370;
    %jmp T_21.26;
T_21.27 ;
    %wait E_000002e81c932370;
    %pushi/vec4 56, 0, 32;
    %store/vec4 v000002e81ca58e80_0, 0, 32;
    %pushi/vec4 7, 0, 32;
    %store/vec4 v000002e81ca58de0_0, 0, 32;
    %pushi/vec4 17, 0, 6;
    %store/vec4 v000002e81ca59a60_0, 0, 6;
    %pushi/vec4 1, 0, 1;
    %store/vec4 v000002e81ca582a0_0, 0, 1;
    %delay 1000, 0;
T_21.28 ;
    %load/vec4 v000002e81ca597e0_0;
    %nor/r;
    %flag_set/vec4 8;
    %jmp/0xz T_21.29, 8;
    %wait E_000002e81c932370;
    %jmp T_21.28;
T_21.29 ;
    %load/vec4 v000002e81ca59560_0;
    %cmpi/ne 8, 0, 32;
    %jmp/0xz  T_21.30, 6;
    %vpi_call 2 133 "$display", "ERROR: Back-to-back DIV failed." {0 0 0};
    %load/vec4 v000002e81ca5a3c0_0;
    %addi 1, 0, 32;
    %store/vec4 v000002e81ca5a3c0_0, 0, 32;
T_21.30 ;
    %vpi_call 2 136 "$display", "Back-to-back MUL then DIV passed." {0 0 0};
    %pushi/vec4 0, 0, 1;
    %store/vec4 v000002e81ca582a0_0, 0, 1;
T_21.32 ;
    %load/vec4 v000002e81ca597e0_0;
    %flag_set/vec4 8;
    %jmp/0xz T_21.33, 8;
    %wait E_000002e81c932370;
    %jmp T_21.32;
T_21.33 ;
    %load/vec4 v000002e81ca5a3c0_0;
    %cmpi/e 0, 0, 32;
    %jmp/0xz  T_21.34, 4;
    %vpi_call 2 141 "$display", "tb_alu_top PASSED." {0 0 0};
    %jmp T_21.35;
T_21.34 ;
    %vpi_call 2 143 "$display", "tb_alu_top FAILED with %0d errors.", v000002e81ca5a3c0_0 {0 0 0};
T_21.35 ;
    %vpi_call 2 144 "$finish" {0 0 0};
    %end;
    .thread T_21;
# The file index is used to find the file name in the following table.
:file_names 21;
    "N/A";
    "<interactive>";
    "tb_alu_top.v";
    "alu_top.v";
    "divider.v";
    "float_add_sub.v";
    "mantissa_aligner.v";
    "float_norm.v";
    "float_unpacker.v";
    "float_mul.v";
    "alu_int.v";
    "cla_32bit.v";
    "cla_16bit.v";
    "cla_4bit.v";
    "bitwise_unit.v";
    "comparator_unit.v";
    "barrel_shifter.v";
    "sub_32bit.v";
    "booth_multiplier.v";
    "booth_encoder.v";
    "booth_step.v";
