#! /c/Source/iverilog-install/bin/vvp
:ivl_version "12.0 (devel)" "(s20150603-1539-g2693dd32b)";
:ivl_delay_selection "TYPICAL";
:vpi_time_precision - 12;
:vpi_module "C:\iverilog\lib\ivl\system.vpi";
:vpi_module "C:\iverilog\lib\ivl\vhdl_sys.vpi";
:vpi_module "C:\iverilog\lib\ivl\vhdl_textio.vpi";
:vpi_module "C:\iverilog\lib\ivl\v2005_math.vpi";
:vpi_module "C:\iverilog\lib\ivl\va_math.vpi";
S_0000029d8ed07100 .scope module, "tb_alu_int" "tb_alu_int" 2 3;
 .timescale -9 -12;
P_0000029d8ed075a0 .param/l "OP_ADD" 1 2 23, C4<00000>;
P_0000029d8ed075d8 .param/l "OP_AND" 1 2 25, C4<00010>;
P_0000029d8ed07610 .param/l "OP_ASR" 1 2 31, C4<01000>;
P_0000029d8ed07648 .param/l "OP_LSL" 1 2 29, C4<00110>;
P_0000029d8ed07680 .param/l "OP_LSR" 1 2 30, C4<00111>;
P_0000029d8ed076b8 .param/l "OP_NOR" 1 2 28, C4<00101>;
P_0000029d8ed076f0 .param/l "OP_OR" 1 2 26, C4<00011>;
P_0000029d8ed07728 .param/l "OP_ROR" 1 2 32, C4<01001>;
P_0000029d8ed07760 .param/l "OP_SLT" 1 2 33, C4<01010>;
P_0000029d8ed07798 .param/l "OP_SLTU" 1 2 34, C4<01011>;
P_0000029d8ed077d0 .param/l "OP_SUB" 1 2 24, C4<00001>;
P_0000029d8ed07808 .param/l "OP_XOR" 1 2 27, C4<00100>;
v0000029d8edbc330_0 .net "C", 0 0, v0000029d8edb9db0_0;  1 drivers
v0000029d8edbbbb0_0 .net "N", 0 0, L_0000029d8ee9bd00;  1 drivers
v0000029d8edba3f0_0 .net "V", 0 0, v0000029d8edbc470_0;  1 drivers
v0000029d8edba7b0_0 .net "Z", 0 0, L_0000029d8ee9c200;  1 drivers
v0000029d8edbb570_0 .var "a", 31 0;
v0000029d8edbb6b0_0 .var "alu_op", 4 0;
v0000029d8edbbc50_0 .var "b", 31 0;
v0000029d8edbbcf0_0 .var/i "errors", 31 0;
v0000029d8edbbd90_0 .net "result", 31 0, v0000029d8edba030_0;  1 drivers
S_0000029d8ed07850 .scope task, "check_res" "check_res" 2 38, 2 38 0, S_0000029d8ed07100;
 .timescale -9 -12;
v0000029d8ecb0c20_0 .var "exp_C", 0 0;
v0000029d8eca3660_0 .var "exp_N", 0 0;
v0000029d8eca3160_0 .var "exp_V", 0 0;
v0000029d8eca3480_0 .var "exp_Z", 0 0;
v0000029d8eca3980_0 .var "exp_res", 31 0;
TD_tb_alu_int.check_res ;
    %delay 1000, 0;
    %load/vec4 v0000029d8edbbd90_0;
    %load/vec4 v0000029d8eca3980_0;
    %cmp/ne;
    %jmp/1 T_0.5, 6;
    %flag_mov 8, 6;
    %load/vec4 v0000029d8edbbbb0_0;
    %load/vec4 v0000029d8eca3660_0;
    %cmp/ne;
    %flag_or 6, 8;
T_0.5;
    %jmp/1 T_0.4, 6;
    %flag_mov 8, 6;
    %load/vec4 v0000029d8edba7b0_0;
    %load/vec4 v0000029d8eca3480_0;
    %cmp/ne;
    %flag_or 6, 8;
T_0.4;
    %jmp/1 T_0.3, 6;
    %flag_mov 8, 6;
    %load/vec4 v0000029d8edbc330_0;
    %load/vec4 v0000029d8ecb0c20_0;
    %cmp/ne;
    %flag_or 6, 8;
T_0.3;
    %jmp/1 T_0.2, 6;
    %flag_mov 8, 6;
    %load/vec4 v0000029d8edba3f0_0;
    %load/vec4 v0000029d8eca3160_0;
    %cmp/ne;
    %flag_or 6, 8;
T_0.2;
    %jmp/0xz  T_0.0, 6;
    %vpi_call 2 47 "$display", "ERROR at time %0t:", $time {0 0 0};
    %vpi_call 2 48 "$display", "  a=0x%h, b=0x%h, op=0x%h", v0000029d8edbb570_0, v0000029d8edbbc50_0, v0000029d8edbb6b0_0 {0 0 0};
    %vpi_call 2 49 "$display", "  result=0x%h (exp: 0x%h)", v0000029d8edbbd90_0, v0000029d8eca3980_0 {0 0 0};
    %vpi_call 2 50 "$display", "  N=%b (exp: %b)", v0000029d8edbbbb0_0, v0000029d8eca3660_0 {0 0 0};
    %vpi_call 2 51 "$display", "  Z=%b (exp: %b)", v0000029d8edba7b0_0, v0000029d8eca3480_0 {0 0 0};
    %vpi_call 2 52 "$display", "  C=%b (exp: %b)", v0000029d8edbc330_0, v0000029d8ecb0c20_0 {0 0 0};
    %vpi_call 2 53 "$display", "  V=%b (exp: %b)", v0000029d8edba3f0_0, v0000029d8eca3160_0 {0 0 0};
    %load/vec4 v0000029d8edbbcf0_0;
    %addi 1, 0, 32;
    %store/vec4 v0000029d8edbbcf0_0, 0, 32;
T_0.0 ;
    %end;
S_0000029d8e9c3230 .scope module, "dut" "alu_int" 2 11, 3 3 0, S_0000029d8ed07100;
 .timescale -9 -12;
    .port_info 0 /INPUT 32 "a";
    .port_info 1 /INPUT 32 "b";
    .port_info 2 /INPUT 5 "alu_op";
    .port_info 3 /OUTPUT 32 "result";
    .port_info 4 /OUTPUT 1 "N";
    .port_info 5 /OUTPUT 1 "Z";
    .port_info 6 /OUTPUT 1 "C";
    .port_info 7 /OUTPUT 1 "V";
P_0000029d8e9c33c0 .param/l "OP_ADD" 1 3 15, C4<00000>;
P_0000029d8e9c33f8 .param/l "OP_AND" 1 3 17, C4<00010>;
P_0000029d8e9c3430 .param/l "OP_ASR" 1 3 23, C4<01000>;
P_0000029d8e9c3468 .param/l "OP_LSL" 1 3 21, C4<00110>;
P_0000029d8e9c34a0 .param/l "OP_LSR" 1 3 22, C4<00111>;
P_0000029d8e9c34d8 .param/l "OP_NOR" 1 3 20, C4<00101>;
P_0000029d8e9c3510 .param/l "OP_OR" 1 3 18, C4<00011>;
P_0000029d8e9c3548 .param/l "OP_ROR" 1 3 24, C4<01001>;
P_0000029d8e9c3580 .param/l "OP_SLT" 1 3 25, C4<01010>;
P_0000029d8e9c35b8 .param/l "OP_SLTU" 1 3 26, C4<01011>;
P_0000029d8e9c35f0 .param/l "OP_SUB" 1 3 16, C4<00001>;
P_0000029d8e9c3628 .param/l "OP_XOR" 1 3 19, C4<00100>;
v0000029d8edb9db0_0 .var "C", 0 0;
v0000029d8edba210_0 .net "N", 0 0, L_0000029d8ee9bd00;  alias, 1 drivers
v0000029d8edbc470_0 .var "V", 0 0;
v0000029d8edbb930_0 .net "Z", 0 0, L_0000029d8ee9c200;  alias, 1 drivers
L_0000029d8ee3eb08 .functor BUFT 1, C4<00000000000000000000000000000000>, C4<0>, C4<0>, C4<0>;
v0000029d8edbb390_0 .net/2u *"_ivl_10", 31 0, L_0000029d8ee3eb08;  1 drivers
v0000029d8edb9ef0_0 .net "a", 31 0, v0000029d8edbb570_0;  1 drivers
v0000029d8edbb430_0 .net "add_cout", 0 0, L_0000029d8ecd3c40;  1 drivers
v0000029d8edbc1f0_0 .net "add_ovf", 0 0, L_0000029d8ee24210;  1 drivers
v0000029d8edba2b0_0 .net "add_res", 31 0, L_0000029d8ee0f4b0;  1 drivers
v0000029d8edbba70_0 .net "alu_op", 4 0, v0000029d8edbb6b0_0;  1 drivers
v0000029d8edbc150_0 .net "b", 31 0, v0000029d8edbbc50_0;  1 drivers
v0000029d8edbb890_0 .net "bitwise_res", 31 0, v0000029d8ed9f740_0;  1 drivers
v0000029d8edbb9d0_0 .var "bw_op", 2 0;
v0000029d8edbb610_0 .net "cmp_eq", 0 0, v0000029d8eda14a0_0;  1 drivers
v0000029d8edbb4d0_0 .net "cmp_gt_s", 0 0, v0000029d8eda01e0_0;  1 drivers
v0000029d8edb9e50_0 .net "cmp_gt_u", 0 0, v0000029d8eda0280_0;  1 drivers
v0000029d8edb9f90_0 .net "cmp_lt_s", 0 0, v0000029d8eda1720_0;  1 drivers
v0000029d8edba990_0 .net "cmp_lt_u", 0 0, v0000029d8ed9ff60_0;  1 drivers
v0000029d8edba030_0 .var "result", 31 0;
v0000029d8edbacb0_0 .net "shift_cout", 0 0, v0000029d8eda1360_0;  1 drivers
v0000029d8edba710_0 .net "shift_res", 31 0, v0000029d8eda1cc0_0;  1 drivers
v0000029d8edbab70_0 .var "shift_type", 1 0;
v0000029d8edba350_0 .net "sub_borrow", 0 0, L_0000029d8eecd1a0;  1 drivers
v0000029d8edbae90_0 .net "sub_ovf", 0 0, L_0000029d8eeccfe0;  1 drivers
v0000029d8edbbb10_0 .net "sub_res", 31 0, L_0000029d8ee99e60;  1 drivers
E_0000029d8ece0c90/0 .event anyedge, v0000029d8edbba70_0, v0000029d8ed9d940_0, v0000029d8ed9d6c0_0, v0000029d8ed9d760_0;
E_0000029d8ece0c90/1 .event anyedge, v0000029d8edba170_0, v0000029d8edbadf0_0, v0000029d8edbaa30_0, v0000029d8ed9f740_0;
E_0000029d8ece0c90/2 .event anyedge, v0000029d8eda1cc0_0, v0000029d8eda1360_0, v0000029d8eda1720_0, v0000029d8ed9ff60_0;
E_0000029d8ece0c90 .event/or E_0000029d8ece0c90/0, E_0000029d8ece0c90/1, E_0000029d8ece0c90/2;
E_0000029d8ece1890 .event anyedge, v0000029d8edbba70_0;
L_0000029d8ee9a680 .part v0000029d8edbbc50_0, 0, 5;
L_0000029d8ee9bd00 .part v0000029d8edba030_0, 31, 1;
L_0000029d8ee9c200 .cmp/eq 32, v0000029d8edba030_0, L_0000029d8ee3eb08;
S_0000029d8e9ef8b0 .scope module, "adder" "cla_32bit" 3 36, 4 3 0, S_0000029d8e9c3230;
 .timescale -9 -12;
    .port_info 0 /INPUT 32 "a";
    .port_info 1 /INPUT 32 "b";
    .port_info 2 /INPUT 1 "cin";
    .port_info 3 /OUTPUT 32 "sum";
    .port_info 4 /OUTPUT 1 "cout";
    .port_info 5 /OUTPUT 1 "overflow";
L_0000029d8ee3e9e8 .functor BUFT 1, C4<0>, C4<0>, C4<0>, C4<0>;
L_0000029d8ecd30e0 .functor AND 1, L_0000029d8edba490, L_0000029d8ee3e9e8, C4<1>, C4<1>;
L_0000029d8ecd3540 .functor OR 1, L_0000029d8edbbe30, L_0000029d8ecd30e0, C4<0>, C4<0>;
L_0000029d8ecd4340 .functor AND 1, L_0000029d8edbb1b0, L_0000029d8ecd3540, C4<1>, C4<1>;
L_0000029d8ecd3c40 .functor OR 1, L_0000029d8edba530, L_0000029d8ecd4340, C4<0>, C4<0>;
L_0000029d8ee24130 .functor XNOR 1, L_0000029d8ee0d9d0, L_0000029d8ee0e290, C4<0>, C4<0>;
L_0000029d8ee241a0 .functor XOR 1, L_0000029d8ee0dcf0, L_0000029d8ee0e3d0, C4<0>, C4<0>;
L_0000029d8ee24210 .functor AND 1, L_0000029d8ee24130, L_0000029d8ee241a0, C4<1>, C4<1>;
v0000029d8ed9e200_0 .net "G_16", 1 0, L_0000029d8ee0f910;  1 drivers
v0000029d8ed9e340_0 .net "P_16", 1 0, L_0000029d8ee0dbb0;  1 drivers
v0000029d8ed9d8a0_0 .net *"_ivl_1", 0 0, L_0000029d8edbbe30;  1 drivers
v0000029d8ed9ee80_0 .net *"_ivl_11", 0 0, L_0000029d8edbb1b0;  1 drivers
v0000029d8ed9e3e0_0 .net *"_ivl_12", 0 0, L_0000029d8ecd4340;  1 drivers
v0000029d8ed9d440_0 .net *"_ivl_3", 0 0, L_0000029d8edba490;  1 drivers
v0000029d8ed9d800_0 .net *"_ivl_4", 0 0, L_0000029d8ecd30e0;  1 drivers
v0000029d8ed9e520_0 .net *"_ivl_40", 0 0, L_0000029d8ee0d9d0;  1 drivers
v0000029d8ed9d260_0 .net *"_ivl_42", 0 0, L_0000029d8ee0e290;  1 drivers
v0000029d8ed9f060_0 .net *"_ivl_43", 0 0, L_0000029d8ee24130;  1 drivers
v0000029d8ed9db20_0 .net *"_ivl_46", 0 0, L_0000029d8ee0dcf0;  1 drivers
v0000029d8ed9f100_0 .net *"_ivl_48", 0 0, L_0000029d8ee0e3d0;  1 drivers
v0000029d8ed9d580_0 .net *"_ivl_49", 0 0, L_0000029d8ee241a0;  1 drivers
v0000029d8ed9f1a0_0 .net *"_ivl_9", 0 0, L_0000029d8edba530;  1 drivers
v0000029d8ed9f420_0 .net "a", 31 0, v0000029d8edbb570_0;  alias, 1 drivers
v0000029d8ed9f4c0_0 .net "b", 31 0, v0000029d8edbbc50_0;  alias, 1 drivers
v0000029d8ed9cfe0_0 .net "c16", 0 0, L_0000029d8ecd3540;  1 drivers
v0000029d8ed9d080_0 .net "cin", 0 0, L_0000029d8ee3e9e8;  1 drivers
v0000029d8ed9d6c0_0 .net "cout", 0 0, L_0000029d8ecd3c40;  alias, 1 drivers
v0000029d8ed9d760_0 .net "overflow", 0 0, L_0000029d8ee24210;  alias, 1 drivers
v0000029d8ed9d940_0 .net "sum", 31 0, L_0000029d8ee0f4b0;  alias, 1 drivers
L_0000029d8edbbe30 .part L_0000029d8ee0f910, 0, 1;
L_0000029d8edba490 .part L_0000029d8ee0dbb0, 0, 1;
L_0000029d8edba530 .part L_0000029d8ee0f910, 1, 1;
L_0000029d8edbb1b0 .part L_0000029d8ee0dbb0, 1, 1;
L_0000029d8ee04b50 .part v0000029d8edbb570_0, 0, 16;
L_0000029d8ee036b0 .part v0000029d8edbbc50_0, 0, 16;
L_0000029d8ee0e6f0 .part v0000029d8edbb570_0, 16, 16;
L_0000029d8ee0d2f0 .part v0000029d8edbbc50_0, 16, 16;
L_0000029d8ee0f4b0 .concat8 [ 16 16 0 0], L_0000029d8ee01630, L_0000029d8ee0ac30;
L_0000029d8ee0f910 .concat8 [ 1 1 0 0], L_0000029d8ee22260, L_0000029d8ee240c0;
L_0000029d8ee0dbb0 .concat8 [ 1 1 0 0], L_0000029d8ee01c70, L_0000029d8ee0e330;
L_0000029d8ee0d9d0 .part v0000029d8edbb570_0, 31, 1;
L_0000029d8ee0e290 .part v0000029d8edbbc50_0, 31, 1;
L_0000029d8ee0dcf0 .part L_0000029d8ee0f4b0, 31, 1;
L_0000029d8ee0e3d0 .part v0000029d8edbb570_0, 31, 1;
S_0000029d8e9efa40 .scope module, "cla_lower" "cla_16bit" 4 28, 5 3 0, S_0000029d8e9ef8b0;
 .timescale -9 -12;
    .port_info 0 /INPUT 16 "a";
    .port_info 1 /INPUT 16 "b";
    .port_info 2 /INPUT 1 "cin";
    .port_info 3 /OUTPUT 16 "sum";
    .port_info 4 /OUTPUT 1 "group_G";
    .port_info 5 /OUTPUT 1 "group_P";
    .port_info 6 /OUTPUT 1 "cout";
    .port_info 7 /OUTPUT 1 "overflow";
L_0000029d8ee21930 .functor BUFZ 1, L_0000029d8ee3e9e8, C4<0>, C4<0>, C4<0>;
L_0000029d8ee21fc0 .functor AND 1, L_0000029d8ee03110, L_0000029d8ee01f90, C4<1>, C4<1>;
L_0000029d8ee219a0 .functor OR 1, L_0000029d8ee00eb0, L_0000029d8ee21fc0, C4<0>, C4<0>;
L_0000029d8ee215b0 .functor AND 1, L_0000029d8ee00cd0, L_0000029d8ee02490, C4<1>, C4<1>;
L_0000029d8ee214d0 .functor OR 1, L_0000029d8ee02990, L_0000029d8ee215b0, C4<0>, C4<0>;
L_0000029d8ee21150 .functor AND 1, L_0000029d8ee01810, L_0000029d8ee02e90, C4<1>, C4<1>;
L_0000029d8ee223b0 .functor AND 1, L_0000029d8ee21150, L_0000029d8ee02fd0, C4<1>, C4<1>;
L_0000029d8ee213f0 .functor OR 1, L_0000029d8ee214d0, L_0000029d8ee223b0, C4<0>, C4<0>;
L_0000029d8ee20dd0 .functor AND 1, L_0000029d8ee02530, L_0000029d8ee00a50, C4<1>, C4<1>;
L_0000029d8ee21310 .functor OR 1, L_0000029d8ee02210, L_0000029d8ee20dd0, C4<0>, C4<0>;
L_0000029d8ee21620 .functor AND 1, L_0000029d8ee00e10, L_0000029d8ee025d0, C4<1>, C4<1>;
L_0000029d8ee21770 .functor AND 1, L_0000029d8ee21620, L_0000029d8ee00af0, C4<1>, C4<1>;
L_0000029d8ee21540 .functor OR 1, L_0000029d8ee21310, L_0000029d8ee21770, C4<0>, C4<0>;
L_0000029d8ee21cb0 .functor AND 1, L_0000029d8ee00c30, L_0000029d8ee02030, C4<1>, C4<1>;
L_0000029d8ee21a10 .functor AND 1, L_0000029d8ee21cb0, L_0000029d8ee00f50, C4<1>, C4<1>;
L_0000029d8ee210e0 .functor AND 1, L_0000029d8ee21a10, L_0000029d8ee019f0, C4<1>, C4<1>;
L_0000029d8ee20cf0 .functor OR 1, L_0000029d8ee21540, L_0000029d8ee210e0, C4<0>, C4<0>;
L_0000029d8ee22490 .functor AND 1, L_0000029d8ee00ff0, L_0000029d8ee01a90, C4<1>, C4<1>;
L_0000029d8ee21a80 .functor OR 1, L_0000029d8ee01bd0, L_0000029d8ee22490, C4<0>, C4<0>;
L_0000029d8ee21d20 .functor AND 1, L_0000029d8ee02cb0, L_0000029d8ee022b0, C4<1>, C4<1>;
L_0000029d8ee22180 .functor AND 1, L_0000029d8ee21d20, L_0000029d8ee028f0, C4<1>, C4<1>;
L_0000029d8ee20f20 .functor OR 1, L_0000029d8ee21a80, L_0000029d8ee22180, C4<0>, C4<0>;
L_0000029d8ee21850 .functor AND 1, L_0000029d8ee01b30, L_0000029d8ee02b70, C4<1>, C4<1>;
L_0000029d8ee22110 .functor AND 1, L_0000029d8ee21850, L_0000029d8ee01e50, C4<1>, C4<1>;
L_0000029d8ee21e00 .functor AND 1, L_0000029d8ee22110, L_0000029d8ee014f0, C4<1>, C4<1>;
L_0000029d8ee220a0 .functor OR 1, L_0000029d8ee20f20, L_0000029d8ee21e00, C4<0>, C4<0>;
L_0000029d8ee21e70 .functor AND 1, L_0000029d8ee01090, L_0000029d8ee02350, C4<1>, C4<1>;
L_0000029d8ee20e40 .functor AND 1, L_0000029d8ee21e70, L_0000029d8ee016d0, C4<1>, C4<1>;
L_0000029d8ee211c0 .functor AND 1, L_0000029d8ee20e40, L_0000029d8ee01130, C4<1>, C4<1>;
L_0000029d8ee21af0 .functor AND 1, L_0000029d8ee211c0, L_0000029d8ee011d0, C4<1>, C4<1>;
L_0000029d8ee20eb0 .functor OR 1, L_0000029d8ee220a0, L_0000029d8ee21af0, C4<0>, C4<0>;
L_0000029d8ee21f50 .functor AND 1, L_0000029d8ee01590, L_0000029d8ee02670, C4<1>, C4<1>;
L_0000029d8ee20ac0 .functor OR 1, L_0000029d8ee02f30, L_0000029d8ee21f50, C4<0>, C4<0>;
L_0000029d8ee20b30 .functor AND 1, L_0000029d8ee01770, L_0000029d8ee01270, C4<1>, C4<1>;
L_0000029d8ee20f90 .functor AND 1, L_0000029d8ee20b30, L_0000029d8ee01d10, C4<1>, C4<1>;
L_0000029d8ee217e0 .functor OR 1, L_0000029d8ee20ac0, L_0000029d8ee20f90, C4<0>, C4<0>;
L_0000029d8ee22500 .functor AND 1, L_0000029d8ee02a30, L_0000029d8ee027b0, C4<1>, C4<1>;
L_0000029d8ee22030 .functor AND 1, L_0000029d8ee22500, L_0000029d8ee01310, C4<1>, C4<1>;
L_0000029d8ee221f0 .functor AND 1, L_0000029d8ee22030, L_0000029d8ee013b0, C4<1>, C4<1>;
L_0000029d8ee22260 .functor OR 1, L_0000029d8ee217e0, L_0000029d8ee221f0, C4<0>, C4<0>;
L_0000029d8ee222d0 .functor XNOR 1, L_0000029d8ee01db0, L_0000029d8ee02d50, C4<0>, C4<0>;
L_0000029d8ee209e0 .functor XOR 1, L_0000029d8ee03570, L_0000029d8ee03b10, C4<0>, C4<0>;
L_0000029d8ee20a50 .functor AND 1, L_0000029d8ee222d0, L_0000029d8ee209e0, C4<1>, C4<1>;
v0000029d8ed77240_0 .net *"_ivl_101", 0 0, L_0000029d8ee21540;  1 drivers
v0000029d8ed76f20_0 .net *"_ivl_104", 0 0, L_0000029d8ee00c30;  1 drivers
v0000029d8ed783c0_0 .net *"_ivl_106", 0 0, L_0000029d8ee02030;  1 drivers
v0000029d8ed76ac0_0 .net *"_ivl_107", 0 0, L_0000029d8ee21cb0;  1 drivers
v0000029d8ed78b40_0 .net *"_ivl_110", 0 0, L_0000029d8ee00f50;  1 drivers
v0000029d8ed786e0_0 .net *"_ivl_111", 0 0, L_0000029d8ee21a10;  1 drivers
v0000029d8ed77740_0 .net *"_ivl_114", 0 0, L_0000029d8ee019f0;  1 drivers
v0000029d8ed77380_0 .net *"_ivl_115", 0 0, L_0000029d8ee210e0;  1 drivers
v0000029d8ed78be0_0 .net *"_ivl_117", 0 0, L_0000029d8ee20cf0;  1 drivers
v0000029d8ed78280_0 .net *"_ivl_123", 0 0, L_0000029d8ee01bd0;  1 drivers
v0000029d8ed78c80_0 .net *"_ivl_125", 0 0, L_0000029d8ee00ff0;  1 drivers
v0000029d8ed788c0_0 .net *"_ivl_127", 0 0, L_0000029d8ee01a90;  1 drivers
v0000029d8ed76fc0_0 .net *"_ivl_128", 0 0, L_0000029d8ee22490;  1 drivers
v0000029d8ed77f60_0 .net *"_ivl_130", 0 0, L_0000029d8ee21a80;  1 drivers
v0000029d8ed78320_0 .net *"_ivl_133", 0 0, L_0000029d8ee02cb0;  1 drivers
v0000029d8ed79040_0 .net *"_ivl_135", 0 0, L_0000029d8ee022b0;  1 drivers
v0000029d8ed78460_0 .net *"_ivl_136", 0 0, L_0000029d8ee21d20;  1 drivers
v0000029d8ed78500_0 .net *"_ivl_139", 0 0, L_0000029d8ee028f0;  1 drivers
v0000029d8ed78000_0 .net *"_ivl_140", 0 0, L_0000029d8ee22180;  1 drivers
v0000029d8ed77a60_0 .net *"_ivl_142", 0 0, L_0000029d8ee20f20;  1 drivers
v0000029d8ed77c40_0 .net *"_ivl_145", 0 0, L_0000029d8ee01b30;  1 drivers
v0000029d8ed77880_0 .net *"_ivl_147", 0 0, L_0000029d8ee02b70;  1 drivers
v0000029d8ed78f00_0 .net *"_ivl_148", 0 0, L_0000029d8ee21850;  1 drivers
v0000029d8ed78fa0_0 .net *"_ivl_151", 0 0, L_0000029d8ee01e50;  1 drivers
v0000029d8ed78780_0 .net *"_ivl_152", 0 0, L_0000029d8ee22110;  1 drivers
v0000029d8ed77ec0_0 .net *"_ivl_155", 0 0, L_0000029d8ee014f0;  1 drivers
v0000029d8ed78dc0_0 .net *"_ivl_156", 0 0, L_0000029d8ee21e00;  1 drivers
v0000029d8ed78960_0 .net *"_ivl_158", 0 0, L_0000029d8ee220a0;  1 drivers
v0000029d8ed78aa0_0 .net *"_ivl_161", 0 0, L_0000029d8ee01090;  1 drivers
v0000029d8ed76de0_0 .net *"_ivl_163", 0 0, L_0000029d8ee02350;  1 drivers
v0000029d8ed76e80_0 .net *"_ivl_164", 0 0, L_0000029d8ee21e70;  1 drivers
v0000029d8ed77560_0 .net *"_ivl_167", 0 0, L_0000029d8ee016d0;  1 drivers
v0000029d8ed772e0_0 .net *"_ivl_168", 0 0, L_0000029d8ee20e40;  1 drivers
v0000029d8ed785a0_0 .net *"_ivl_171", 0 0, L_0000029d8ee01130;  1 drivers
v0000029d8ed77920_0 .net *"_ivl_172", 0 0, L_0000029d8ee211c0;  1 drivers
v0000029d8ed78820_0 .net *"_ivl_175", 0 0, L_0000029d8ee011d0;  1 drivers
v0000029d8ed78a00_0 .net *"_ivl_176", 0 0, L_0000029d8ee21af0;  1 drivers
v0000029d8ed790e0_0 .net *"_ivl_178", 0 0, L_0000029d8ee20eb0;  1 drivers
v0000029d8ed78d20_0 .net *"_ivl_183", 0 0, L_0000029d8ee02f30;  1 drivers
v0000029d8ed77060_0 .net *"_ivl_185", 0 0, L_0000029d8ee01590;  1 drivers
v0000029d8ed76d40_0 .net *"_ivl_187", 0 0, L_0000029d8ee02670;  1 drivers
v0000029d8ed779c0_0 .net *"_ivl_188", 0 0, L_0000029d8ee21f50;  1 drivers
v0000029d8ed77600_0 .net *"_ivl_190", 0 0, L_0000029d8ee20ac0;  1 drivers
v0000029d8ed78e60_0 .net *"_ivl_193", 0 0, L_0000029d8ee01770;  1 drivers
v0000029d8ed76980_0 .net *"_ivl_195", 0 0, L_0000029d8ee01270;  1 drivers
v0000029d8ed76a20_0 .net *"_ivl_196", 0 0, L_0000029d8ee20b30;  1 drivers
v0000029d8ed76b60_0 .net *"_ivl_199", 0 0, L_0000029d8ee01d10;  1 drivers
v0000029d8ed77100_0 .net *"_ivl_200", 0 0, L_0000029d8ee20f90;  1 drivers
v0000029d8ed780a0_0 .net *"_ivl_202", 0 0, L_0000029d8ee217e0;  1 drivers
v0000029d8ed76c00_0 .net *"_ivl_205", 0 0, L_0000029d8ee02a30;  1 drivers
v0000029d8ed76ca0_0 .net *"_ivl_207", 0 0, L_0000029d8ee027b0;  1 drivers
v0000029d8ed77420_0 .net *"_ivl_208", 0 0, L_0000029d8ee22500;  1 drivers
v0000029d8ed77e20_0 .net *"_ivl_211", 0 0, L_0000029d8ee01310;  1 drivers
v0000029d8ed774c0_0 .net *"_ivl_212", 0 0, L_0000029d8ee22030;  1 drivers
v0000029d8ed78140_0 .net *"_ivl_215", 0 0, L_0000029d8ee013b0;  1 drivers
v0000029d8ed777e0_0 .net *"_ivl_216", 0 0, L_0000029d8ee221f0;  1 drivers
v0000029d8ed77b00_0 .net *"_ivl_223", 0 0, L_0000029d8ee01db0;  1 drivers
v0000029d8ed776a0_0 .net *"_ivl_225", 0 0, L_0000029d8ee02d50;  1 drivers
v0000029d8ed77ba0_0 .net *"_ivl_226", 0 0, L_0000029d8ee222d0;  1 drivers
v0000029d8ed77ce0_0 .net *"_ivl_229", 0 0, L_0000029d8ee03570;  1 drivers
v0000029d8ed77d80_0 .net *"_ivl_231", 0 0, L_0000029d8ee03b10;  1 drivers
v0000029d8ed781e0_0 .net *"_ivl_232", 0 0, L_0000029d8ee209e0;  1 drivers
v0000029d8ed79220_0 .net *"_ivl_42", 0 0, L_0000029d8ee21930;  1 drivers
v0000029d8ed79f40_0 .net *"_ivl_46", 0 0, L_0000029d8ee00eb0;  1 drivers
v0000029d8ed792c0_0 .net *"_ivl_48", 0 0, L_0000029d8ee03110;  1 drivers
v0000029d8ed79ea0_0 .net *"_ivl_50", 0 0, L_0000029d8ee01f90;  1 drivers
v0000029d8ed79cc0_0 .net *"_ivl_51", 0 0, L_0000029d8ee21fc0;  1 drivers
v0000029d8ed795e0_0 .net *"_ivl_53", 0 0, L_0000029d8ee219a0;  1 drivers
v0000029d8ed79900_0 .net *"_ivl_58", 0 0, L_0000029d8ee02990;  1 drivers
v0000029d8ed79360_0 .net *"_ivl_60", 0 0, L_0000029d8ee00cd0;  1 drivers
v0000029d8ed79b80_0 .net *"_ivl_62", 0 0, L_0000029d8ee02490;  1 drivers
v0000029d8ed79ae0_0 .net *"_ivl_63", 0 0, L_0000029d8ee215b0;  1 drivers
v0000029d8ed79400_0 .net *"_ivl_65", 0 0, L_0000029d8ee214d0;  1 drivers
v0000029d8ed79d60_0 .net *"_ivl_68", 0 0, L_0000029d8ee01810;  1 drivers
v0000029d8ed79720_0 .net *"_ivl_70", 0 0, L_0000029d8ee02e90;  1 drivers
v0000029d8ed79e00_0 .net *"_ivl_71", 0 0, L_0000029d8ee21150;  1 drivers
v0000029d8ed79c20_0 .net *"_ivl_74", 0 0, L_0000029d8ee02fd0;  1 drivers
v0000029d8ed79680_0 .net *"_ivl_75", 0 0, L_0000029d8ee223b0;  1 drivers
v0000029d8ed794a0_0 .net *"_ivl_77", 0 0, L_0000029d8ee213f0;  1 drivers
v0000029d8ed79540_0 .net *"_ivl_82", 0 0, L_0000029d8ee02210;  1 drivers
v0000029d8ed799a0_0 .net *"_ivl_84", 0 0, L_0000029d8ee02530;  1 drivers
v0000029d8ed797c0_0 .net *"_ivl_86", 0 0, L_0000029d8ee00a50;  1 drivers
v0000029d8ed79fe0_0 .net *"_ivl_87", 0 0, L_0000029d8ee20dd0;  1 drivers
v0000029d8ed79180_0 .net *"_ivl_89", 0 0, L_0000029d8ee21310;  1 drivers
v0000029d8ed79860_0 .net *"_ivl_92", 0 0, L_0000029d8ee00e10;  1 drivers
v0000029d8ed79a40_0 .net *"_ivl_94", 0 0, L_0000029d8ee025d0;  1 drivers
v0000029d8ed864b0_0 .net *"_ivl_95", 0 0, L_0000029d8ee21620;  1 drivers
v0000029d8ed85a10_0 .net *"_ivl_98", 0 0, L_0000029d8ee00af0;  1 drivers
v0000029d8ed85bf0_0 .net *"_ivl_99", 0 0, L_0000029d8ee21770;  1 drivers
v0000029d8ed87090_0 .net "a", 15 0, L_0000029d8ee04b50;  1 drivers
v0000029d8ed87310_0 .net "b", 15 0, L_0000029d8ee036b0;  1 drivers
v0000029d8ed87a90_0 .net "c", 4 0, L_0000029d8ee01450;  1 drivers
v0000029d8ed85f10_0 .net "cin", 0 0, L_0000029d8ee3e9e8;  alias, 1 drivers
v0000029d8ed86b90_0 .net "cout", 0 0, L_0000029d8ee02850;  1 drivers
v0000029d8ed86af0_0 .net "gg", 3 0, L_0000029d8ee02ad0;  1 drivers
v0000029d8ed86e10_0 .net "gp", 3 0, L_0000029d8ee02170;  1 drivers
v0000029d8ed853d0_0 .net "group_G", 0 0, L_0000029d8ee22260;  1 drivers
v0000029d8ed86190_0 .net "group_P", 0 0, L_0000029d8ee01c70;  1 drivers
v0000029d8ed85fb0_0 .net "overflow", 0 0, L_0000029d8ee20a50;  1 drivers
v0000029d8ed855b0_0 .net "sum", 15 0, L_0000029d8ee01630;  1 drivers
L_0000029d8edfadd0 .part L_0000029d8ee04b50, 0, 4;
L_0000029d8edfb190 .part L_0000029d8ee036b0, 0, 4;
L_0000029d8edfae70 .part L_0000029d8ee01450, 0, 1;
L_0000029d8edfd990 .part L_0000029d8ee04b50, 4, 4;
L_0000029d8edfdd50 .part L_0000029d8ee036b0, 4, 4;
L_0000029d8edfe070 .part L_0000029d8ee01450, 1, 1;
L_0000029d8edfe2f0 .part L_0000029d8ee04b50, 8, 4;
L_0000029d8edfebb0 .part L_0000029d8ee036b0, 8, 4;
L_0000029d8ee00410 .part L_0000029d8ee01450, 2, 1;
L_0000029d8ee02710 .part L_0000029d8ee04b50, 12, 4;
L_0000029d8ee01ef0 .part L_0000029d8ee036b0, 12, 4;
L_0000029d8ee02df0 .part L_0000029d8ee01450, 3, 1;
L_0000029d8ee01630 .concat8 [ 4 4 4 4], L_0000029d8ee19170, L_0000029d8ee1bef0, L_0000029d8ee1b470, L_0000029d8ee22340;
L_0000029d8ee02ad0 .concat8 [ 1 1 1 1], L_0000029d8ee194f0, L_0000029d8ee1b2b0, L_0000029d8ee1ae50, L_0000029d8ee20d60;
L_0000029d8ee02170 .concat8 [ 1 1 1 1], L_0000029d8ee1a050, L_0000029d8ee1a7c0, L_0000029d8ee1c510, L_0000029d8ee22570;
L_0000029d8ee00eb0 .part L_0000029d8ee02ad0, 0, 1;
L_0000029d8ee03110 .part L_0000029d8ee02170, 0, 1;
L_0000029d8ee01f90 .part L_0000029d8ee01450, 0, 1;
L_0000029d8ee02990 .part L_0000029d8ee02ad0, 1, 1;
L_0000029d8ee00cd0 .part L_0000029d8ee02170, 1, 1;
L_0000029d8ee02490 .part L_0000029d8ee02ad0, 0, 1;
L_0000029d8ee01810 .part L_0000029d8ee02170, 1, 1;
L_0000029d8ee02e90 .part L_0000029d8ee02170, 0, 1;
L_0000029d8ee02fd0 .part L_0000029d8ee01450, 0, 1;
L_0000029d8ee02210 .part L_0000029d8ee02ad0, 2, 1;
L_0000029d8ee02530 .part L_0000029d8ee02170, 2, 1;
L_0000029d8ee00a50 .part L_0000029d8ee02ad0, 1, 1;
L_0000029d8ee00e10 .part L_0000029d8ee02170, 2, 1;
L_0000029d8ee025d0 .part L_0000029d8ee02170, 1, 1;
L_0000029d8ee00af0 .part L_0000029d8ee02ad0, 0, 1;
L_0000029d8ee00c30 .part L_0000029d8ee02170, 2, 1;
L_0000029d8ee02030 .part L_0000029d8ee02170, 1, 1;
L_0000029d8ee00f50 .part L_0000029d8ee02170, 0, 1;
L_0000029d8ee019f0 .part L_0000029d8ee01450, 0, 1;
LS_0000029d8ee01450_0_0 .concat8 [ 1 1 1 1], L_0000029d8ee21930, L_0000029d8ee219a0, L_0000029d8ee213f0, L_0000029d8ee20cf0;
LS_0000029d8ee01450_0_4 .concat8 [ 1 0 0 0], L_0000029d8ee20eb0;
L_0000029d8ee01450 .concat8 [ 4 1 0 0], LS_0000029d8ee01450_0_0, LS_0000029d8ee01450_0_4;
L_0000029d8ee01bd0 .part L_0000029d8ee02ad0, 3, 1;
L_0000029d8ee00ff0 .part L_0000029d8ee02170, 3, 1;
L_0000029d8ee01a90 .part L_0000029d8ee02ad0, 2, 1;
L_0000029d8ee02cb0 .part L_0000029d8ee02170, 3, 1;
L_0000029d8ee022b0 .part L_0000029d8ee02170, 2, 1;
L_0000029d8ee028f0 .part L_0000029d8ee02ad0, 1, 1;
L_0000029d8ee01b30 .part L_0000029d8ee02170, 3, 1;
L_0000029d8ee02b70 .part L_0000029d8ee02170, 2, 1;
L_0000029d8ee01e50 .part L_0000029d8ee02170, 1, 1;
L_0000029d8ee014f0 .part L_0000029d8ee02ad0, 0, 1;
L_0000029d8ee01090 .part L_0000029d8ee02170, 3, 1;
L_0000029d8ee02350 .part L_0000029d8ee02170, 2, 1;
L_0000029d8ee016d0 .part L_0000029d8ee02170, 1, 1;
L_0000029d8ee01130 .part L_0000029d8ee02170, 0, 1;
L_0000029d8ee011d0 .part L_0000029d8ee01450, 0, 1;
L_0000029d8ee01c70 .reduce/and L_0000029d8ee02170;
L_0000029d8ee02f30 .part L_0000029d8ee02ad0, 3, 1;
L_0000029d8ee01590 .part L_0000029d8ee02170, 3, 1;
L_0000029d8ee02670 .part L_0000029d8ee02ad0, 2, 1;
L_0000029d8ee01770 .part L_0000029d8ee02170, 3, 1;
L_0000029d8ee01270 .part L_0000029d8ee02170, 2, 1;
L_0000029d8ee01d10 .part L_0000029d8ee02ad0, 1, 1;
L_0000029d8ee02a30 .part L_0000029d8ee02170, 3, 1;
L_0000029d8ee027b0 .part L_0000029d8ee02170, 2, 1;
L_0000029d8ee01310 .part L_0000029d8ee02170, 1, 1;
L_0000029d8ee013b0 .part L_0000029d8ee02ad0, 0, 1;
L_0000029d8ee02850 .part L_0000029d8ee01450, 4, 1;
L_0000029d8ee01db0 .part L_0000029d8ee04b50, 15, 1;
L_0000029d8ee02d50 .part L_0000029d8ee036b0, 15, 1;
L_0000029d8ee03570 .part L_0000029d8ee01630, 15, 1;
L_0000029d8ee03b10 .part L_0000029d8ee04b50, 15, 1;
S_0000029d8e9fa520 .scope generate, "cla4_blocks[0]" "cla4_blocks[0]" 5 32, 5 32 0, S_0000029d8e9efa40;
 .timescale -9 -12;
P_0000029d8ece1350 .param/l "i" 0 5 32, +C4<00>;
S_0000029d8e9fa6b0 .scope module, "block" "cla_4bit" 5 33, 6 3 0, S_0000029d8e9fa520;
 .timescale -9 -12;
    .port_info 0 /INPUT 4 "a";
    .port_info 1 /INPUT 4 "b";
    .port_info 2 /INPUT 1 "cin";
    .port_info 3 /OUTPUT 4 "sum";
    .port_info 4 /OUTPUT 1 "group_G";
    .port_info 5 /OUTPUT 1 "group_P";
    .port_info 6 /OUTPUT 1 "cout";
L_0000029d8ecd3cb0 .functor AND 4, L_0000029d8edfadd0, L_0000029d8edfb190, C4<1111>, C4<1111>;
L_0000029d8ecd4110 .functor XOR 4, L_0000029d8edfadd0, L_0000029d8edfb190, C4<0000>, C4<0000>;
L_0000029d8ecd3850 .functor BUFZ 1, L_0000029d8edfae70, C4<0>, C4<0>, C4<0>;
L_0000029d8ecd2e40 .functor AND 1, L_0000029d8edbc0b0, L_0000029d8edbc290, C4<1>, C4<1>;
L_0000029d8ecd3f50 .functor OR 1, L_0000029d8edbbf70, L_0000029d8ecd2e40, C4<0>, C4<0>;
L_0000029d8ecd3380 .functor AND 1, L_0000029d8edbc3d0, L_0000029d8edba670, C4<1>, C4<1>;
L_0000029d8ecd4570 .functor OR 1, L_0000029d8edba5d0, L_0000029d8ecd3380, C4<0>, C4<0>;
L_0000029d8ecd40a0 .functor AND 1, L_0000029d8edbb070, L_0000029d8edba850, C4<1>, C4<1>;
L_0000029d8ecd3230 .functor AND 1, L_0000029d8ecd40a0, L_0000029d8edba8f0, C4<1>, C4<1>;
L_0000029d8ecd45e0 .functor OR 1, L_0000029d8ecd4570, L_0000029d8ecd3230, C4<0>, C4<0>;
L_0000029d8ecd3150 .functor AND 1, L_0000029d8edbaf30, L_0000029d8edbb110, C4<1>, C4<1>;
L_0000029d8ecd3690 .functor OR 1, L_0000029d8edbad50, L_0000029d8ecd3150, C4<0>, C4<0>;
L_0000029d8ecd3700 .functor AND 1, L_0000029d8edf9390, L_0000029d8edfb690, C4<1>, C4<1>;
L_0000029d8ecd4260 .functor AND 1, L_0000029d8ecd3700, L_0000029d8edfa970, C4<1>, C4<1>;
L_0000029d8ecd42d0 .functor OR 1, L_0000029d8ecd3690, L_0000029d8ecd4260, C4<0>, C4<0>;
L_0000029d8ecd43b0 .functor AND 1, L_0000029d8edf9750, L_0000029d8edfa790, C4<1>, C4<1>;
L_0000029d8ecd38c0 .functor AND 1, L_0000029d8ecd43b0, L_0000029d8edfaab0, C4<1>, C4<1>;
L_0000029d8ecd39a0 .functor AND 1, L_0000029d8ecd38c0, L_0000029d8edfa650, C4<1>, C4<1>;
L_0000029d8ecd2ac0 .functor OR 1, L_0000029d8ecd42d0, L_0000029d8ecd39a0, C4<0>, C4<0>;
L_0000029d8ecd2b30 .functor AND 1, L_0000029d8edf9430, L_0000029d8edf99d0, C4<1>, C4<1>;
L_0000029d8ecd2d60 .functor OR 1, L_0000029d8edfa6f0, L_0000029d8ecd2b30, C4<0>, C4<0>;
L_0000029d8ecd2c10 .functor AND 1, L_0000029d8edf96b0, L_0000029d8edfa010, C4<1>, C4<1>;
L_0000029d8ecd2c80 .functor AND 1, L_0000029d8ecd2c10, L_0000029d8edfabf0, C4<1>, C4<1>;
L_0000029d8ecd2eb0 .functor OR 1, L_0000029d8ecd2d60, L_0000029d8ecd2c80, C4<0>, C4<0>;
L_0000029d8ecd2f20 .functor AND 1, L_0000029d8edfafb0, L_0000029d8edf9ed0, C4<1>, C4<1>;
L_0000029d8ee19d40 .functor AND 1, L_0000029d8ecd2f20, L_0000029d8edf9f70, C4<1>, C4<1>;
L_0000029d8ee19410 .functor AND 1, L_0000029d8ee19d40, L_0000029d8edfa830, C4<1>, C4<1>;
L_0000029d8ee19b80 .functor OR 1, L_0000029d8ecd2eb0, L_0000029d8ee19410, C4<0>, C4<0>;
L_0000029d8ee1abb0 .functor AND 1, L_0000029d8edf9930, L_0000029d8edf9c50, C4<1>, C4<1>;
L_0000029d8ee1ab40 .functor AND 1, L_0000029d8ee1abb0, L_0000029d8edfab50, C4<1>, C4<1>;
L_0000029d8ee1a2f0 .functor AND 1, L_0000029d8ee1ab40, L_0000029d8edfb870, C4<1>, C4<1>;
L_0000029d8ee19e20 .functor AND 1, L_0000029d8ee1a2f0, L_0000029d8edfaa10, C4<1>, C4<1>;
L_0000029d8ee1a670 .functor OR 1, L_0000029d8ee19b80, L_0000029d8ee19e20, C4<0>, C4<0>;
L_0000029d8ee19e90 .functor AND 1, L_0000029d8edf94d0, L_0000029d8edf91b0, C4<1>, C4<1>;
L_0000029d8ee1a520 .functor AND 1, L_0000029d8ee19e90, L_0000029d8edf9570, C4<1>, C4<1>;
L_0000029d8ee1a050 .functor AND 1, L_0000029d8ee1a520, L_0000029d8edfa150, C4<1>, C4<1>;
L_0000029d8ee19db0 .functor AND 1, L_0000029d8edfa470, L_0000029d8edfaf10, C4<1>, C4<1>;
L_0000029d8ee1ac20 .functor OR 1, L_0000029d8edf97f0, L_0000029d8ee19db0, C4<0>, C4<0>;
L_0000029d8ee1aad0 .functor AND 1, L_0000029d8edfb050, L_0000029d8edfa5b0, C4<1>, C4<1>;
L_0000029d8ee19a30 .functor AND 1, L_0000029d8ee1aad0, L_0000029d8edfac90, C4<1>, C4<1>;
L_0000029d8ee1a8a0 .functor OR 1, L_0000029d8ee1ac20, L_0000029d8ee19a30, C4<0>, C4<0>;
L_0000029d8ee196b0 .functor AND 1, L_0000029d8edf9610, L_0000029d8edfa290, C4<1>, C4<1>;
L_0000029d8ee19720 .functor AND 1, L_0000029d8ee196b0, L_0000029d8edfa1f0, C4<1>, C4<1>;
L_0000029d8ee1ac90 .functor AND 1, L_0000029d8ee19720, L_0000029d8edfad30, C4<1>, C4<1>;
L_0000029d8ee194f0 .functor OR 1, L_0000029d8ee1a8a0, L_0000029d8ee1ac90, C4<0>, C4<0>;
L_0000029d8ee19170 .functor XOR 4, L_0000029d8ecd4110, L_0000029d8edfa330, C4<0000>, C4<0000>;
v0000029d8eca1c20_0 .net *"_ivl_100", 0 0, L_0000029d8edfa010;  1 drivers
v0000029d8eca3f20_0 .net *"_ivl_101", 0 0, L_0000029d8ecd2c10;  1 drivers
v0000029d8eca2d00_0 .net *"_ivl_104", 0 0, L_0000029d8edfabf0;  1 drivers
v0000029d8eca2bc0_0 .net *"_ivl_105", 0 0, L_0000029d8ecd2c80;  1 drivers
v0000029d8eca3520_0 .net *"_ivl_107", 0 0, L_0000029d8ecd2eb0;  1 drivers
v0000029d8eca2f80_0 .net *"_ivl_11", 0 0, L_0000029d8edbbf70;  1 drivers
v0000029d8eca3840_0 .net *"_ivl_110", 0 0, L_0000029d8edfafb0;  1 drivers
v0000029d8eca1b80_0 .net *"_ivl_112", 0 0, L_0000029d8edf9ed0;  1 drivers
v0000029d8eca1cc0_0 .net *"_ivl_113", 0 0, L_0000029d8ecd2f20;  1 drivers
v0000029d8eca3b60_0 .net *"_ivl_116", 0 0, L_0000029d8edf9f70;  1 drivers
v0000029d8eca1ea0_0 .net *"_ivl_117", 0 0, L_0000029d8ee19d40;  1 drivers
v0000029d8eca1f40_0 .net *"_ivl_120", 0 0, L_0000029d8edfa830;  1 drivers
v0000029d8eca2620_0 .net *"_ivl_121", 0 0, L_0000029d8ee19410;  1 drivers
v0000029d8eca2260_0 .net *"_ivl_123", 0 0, L_0000029d8ee19b80;  1 drivers
v0000029d8eca3700_0 .net *"_ivl_126", 0 0, L_0000029d8edf9930;  1 drivers
v0000029d8eca2940_0 .net *"_ivl_128", 0 0, L_0000029d8edf9c50;  1 drivers
v0000029d8eca2800_0 .net *"_ivl_129", 0 0, L_0000029d8ee1abb0;  1 drivers
v0000029d8eca37a0_0 .net *"_ivl_13", 0 0, L_0000029d8edbc0b0;  1 drivers
v0000029d8eca38e0_0 .net *"_ivl_132", 0 0, L_0000029d8edfab50;  1 drivers
v0000029d8eca3200_0 .net *"_ivl_133", 0 0, L_0000029d8ee1ab40;  1 drivers
v0000029d8eca2c60_0 .net *"_ivl_136", 0 0, L_0000029d8edfb870;  1 drivers
v0000029d8eca1e00_0 .net *"_ivl_137", 0 0, L_0000029d8ee1a2f0;  1 drivers
v0000029d8eca41a0_0 .net *"_ivl_140", 0 0, L_0000029d8edfaa10;  1 drivers
v0000029d8eca1fe0_0 .net *"_ivl_141", 0 0, L_0000029d8ee19e20;  1 drivers
v0000029d8eca2a80_0 .net *"_ivl_143", 0 0, L_0000029d8ee1a670;  1 drivers
v0000029d8eca29e0_0 .net *"_ivl_146", 0 0, L_0000029d8edf94d0;  1 drivers
v0000029d8eca3a20_0 .net *"_ivl_148", 0 0, L_0000029d8edf91b0;  1 drivers
v0000029d8eca2da0_0 .net *"_ivl_149", 0 0, L_0000029d8ee19e90;  1 drivers
v0000029d8eca3ac0_0 .net *"_ivl_15", 0 0, L_0000029d8edbc290;  1 drivers
v0000029d8eca2b20_0 .net *"_ivl_152", 0 0, L_0000029d8edf9570;  1 drivers
v0000029d8eca3c00_0 .net *"_ivl_153", 0 0, L_0000029d8ee1a520;  1 drivers
v0000029d8eca2e40_0 .net *"_ivl_156", 0 0, L_0000029d8edfa150;  1 drivers
v0000029d8eca3ca0_0 .net *"_ivl_16", 0 0, L_0000029d8ecd2e40;  1 drivers
v0000029d8eca21c0_0 .net *"_ivl_160", 0 0, L_0000029d8edf97f0;  1 drivers
v0000029d8eca3d40_0 .net *"_ivl_162", 0 0, L_0000029d8edfa470;  1 drivers
v0000029d8eca3de0_0 .net *"_ivl_164", 0 0, L_0000029d8edfaf10;  1 drivers
v0000029d8eca28a0_0 .net *"_ivl_165", 0 0, L_0000029d8ee19db0;  1 drivers
v0000029d8eca3e80_0 .net *"_ivl_167", 0 0, L_0000029d8ee1ac20;  1 drivers
v0000029d8eca2ee0_0 .net *"_ivl_170", 0 0, L_0000029d8edfb050;  1 drivers
v0000029d8eca3fc0_0 .net *"_ivl_172", 0 0, L_0000029d8edfa5b0;  1 drivers
v0000029d8eca2080_0 .net *"_ivl_173", 0 0, L_0000029d8ee1aad0;  1 drivers
v0000029d8eca3020_0 .net *"_ivl_176", 0 0, L_0000029d8edfac90;  1 drivers
v0000029d8eca2300_0 .net *"_ivl_177", 0 0, L_0000029d8ee19a30;  1 drivers
v0000029d8eca4060_0 .net *"_ivl_179", 0 0, L_0000029d8ee1a8a0;  1 drivers
v0000029d8eca4100_0 .net *"_ivl_18", 0 0, L_0000029d8ecd3f50;  1 drivers
v0000029d8eca1ae0_0 .net *"_ivl_182", 0 0, L_0000029d8edf9610;  1 drivers
v0000029d8eca2580_0 .net *"_ivl_184", 0 0, L_0000029d8edfa290;  1 drivers
v0000029d8eca30c0_0 .net *"_ivl_185", 0 0, L_0000029d8ee196b0;  1 drivers
v0000029d8eca32a0_0 .net *"_ivl_188", 0 0, L_0000029d8edfa1f0;  1 drivers
v0000029d8eca1d60_0 .net *"_ivl_189", 0 0, L_0000029d8ee19720;  1 drivers
v0000029d8eca3340_0 .net *"_ivl_192", 0 0, L_0000029d8edfad30;  1 drivers
v0000029d8eca33e0_0 .net *"_ivl_193", 0 0, L_0000029d8ee1ac90;  1 drivers
v0000029d8eca2120_0 .net *"_ivl_198", 3 0, L_0000029d8edfa330;  1 drivers
v0000029d8eca23a0_0 .net *"_ivl_23", 0 0, L_0000029d8edba5d0;  1 drivers
v0000029d8eca2440_0 .net *"_ivl_25", 0 0, L_0000029d8edbc3d0;  1 drivers
v0000029d8eca24e0_0 .net *"_ivl_27", 0 0, L_0000029d8edba670;  1 drivers
v0000029d8eca26c0_0 .net *"_ivl_28", 0 0, L_0000029d8ecd3380;  1 drivers
v0000029d8eca2760_0 .net *"_ivl_30", 0 0, L_0000029d8ecd4570;  1 drivers
v0000029d8eca4420_0 .net *"_ivl_33", 0 0, L_0000029d8edbb070;  1 drivers
v0000029d8eca5320_0 .net *"_ivl_35", 0 0, L_0000029d8edba850;  1 drivers
v0000029d8eca5820_0 .net *"_ivl_36", 0 0, L_0000029d8ecd40a0;  1 drivers
v0000029d8eca5be0_0 .net *"_ivl_39", 0 0, L_0000029d8edba8f0;  1 drivers
v0000029d8eca6360_0 .net *"_ivl_40", 0 0, L_0000029d8ecd3230;  1 drivers
v0000029d8eca65e0_0 .net *"_ivl_42", 0 0, L_0000029d8ecd45e0;  1 drivers
v0000029d8eca46a0_0 .net *"_ivl_47", 0 0, L_0000029d8edbad50;  1 drivers
v0000029d8eca8de0_0 .net *"_ivl_49", 0 0, L_0000029d8edbaf30;  1 drivers
v0000029d8ecaab40_0 .net *"_ivl_51", 0 0, L_0000029d8edbb110;  1 drivers
v0000029d8ecab900_0 .net *"_ivl_52", 0 0, L_0000029d8ecd3150;  1 drivers
v0000029d8ecacee0_0 .net *"_ivl_54", 0 0, L_0000029d8ecd3690;  1 drivers
v0000029d8ecac260_0 .net *"_ivl_57", 0 0, L_0000029d8edf9390;  1 drivers
v0000029d8ecadd40_0 .net *"_ivl_59", 0 0, L_0000029d8edfb690;  1 drivers
v0000029d8ecabe00_0 .net *"_ivl_60", 0 0, L_0000029d8ecd3700;  1 drivers
v0000029d8ec774f0_0 .net *"_ivl_63", 0 0, L_0000029d8edfa970;  1 drivers
v0000029d8ec764b0_0 .net *"_ivl_64", 0 0, L_0000029d8ecd4260;  1 drivers
v0000029d8ec75e70_0 .net *"_ivl_66", 0 0, L_0000029d8ecd42d0;  1 drivers
v0000029d8ec7c4f0_0 .net *"_ivl_69", 0 0, L_0000029d8edf9750;  1 drivers
v0000029d8ec7c590_0 .net *"_ivl_7", 0 0, L_0000029d8ecd3850;  1 drivers
v0000029d8ec7ab50_0 .net *"_ivl_71", 0 0, L_0000029d8edfa790;  1 drivers
v0000029d8ed6bbc0_0 .net *"_ivl_72", 0 0, L_0000029d8ecd43b0;  1 drivers
v0000029d8ed6be40_0 .net *"_ivl_75", 0 0, L_0000029d8edfaab0;  1 drivers
v0000029d8ed6af40_0 .net *"_ivl_76", 0 0, L_0000029d8ecd38c0;  1 drivers
v0000029d8ed6ab80_0 .net *"_ivl_79", 0 0, L_0000029d8edfa650;  1 drivers
v0000029d8ed6b8a0_0 .net *"_ivl_80", 0 0, L_0000029d8ecd39a0;  1 drivers
v0000029d8ed6b760_0 .net *"_ivl_82", 0 0, L_0000029d8ecd2ac0;  1 drivers
v0000029d8ed6a680_0 .net *"_ivl_88", 0 0, L_0000029d8edfa6f0;  1 drivers
v0000029d8ed6bd00_0 .net *"_ivl_90", 0 0, L_0000029d8edf9430;  1 drivers
v0000029d8ed6c340_0 .net *"_ivl_92", 0 0, L_0000029d8edf99d0;  1 drivers
v0000029d8ed6b4e0_0 .net *"_ivl_93", 0 0, L_0000029d8ecd2b30;  1 drivers
v0000029d8ed6a900_0 .net *"_ivl_95", 0 0, L_0000029d8ecd2d60;  1 drivers
v0000029d8ed6b9e0_0 .net *"_ivl_98", 0 0, L_0000029d8edf96b0;  1 drivers
v0000029d8ed6b120_0 .net "a", 3 0, L_0000029d8edfadd0;  1 drivers
v0000029d8ed6a540_0 .net "b", 3 0, L_0000029d8edfb190;  1 drivers
v0000029d8ed6a360_0 .net "c", 4 0, L_0000029d8edfa8d0;  1 drivers
v0000029d8ed6bf80_0 .net "cin", 0 0, L_0000029d8edfae70;  1 drivers
v0000029d8ed6c480_0 .net "cout", 0 0, L_0000029d8edfb0f0;  1 drivers
v0000029d8ed6afe0_0 .net "g", 3 0, L_0000029d8ecd3cb0;  1 drivers
v0000029d8ed6b300_0 .net "group_G", 0 0, L_0000029d8ee194f0;  1 drivers
v0000029d8ed6b080_0 .net "group_P", 0 0, L_0000029d8ee1a050;  1 drivers
v0000029d8ed6a400_0 .net "p", 3 0, L_0000029d8ecd4110;  1 drivers
v0000029d8ed6b580_0 .net "sum", 3 0, L_0000029d8ee19170;  1 drivers
L_0000029d8edbbf70 .part L_0000029d8ecd3cb0, 0, 1;
L_0000029d8edbc0b0 .part L_0000029d8ecd4110, 0, 1;
L_0000029d8edbc290 .part L_0000029d8edfa8d0, 0, 1;
L_0000029d8edba5d0 .part L_0000029d8ecd3cb0, 1, 1;
L_0000029d8edbc3d0 .part L_0000029d8ecd4110, 1, 1;
L_0000029d8edba670 .part L_0000029d8ecd3cb0, 0, 1;
L_0000029d8edbb070 .part L_0000029d8ecd4110, 1, 1;
L_0000029d8edba850 .part L_0000029d8ecd4110, 0, 1;
L_0000029d8edba8f0 .part L_0000029d8edfa8d0, 0, 1;
L_0000029d8edbad50 .part L_0000029d8ecd3cb0, 2, 1;
L_0000029d8edbaf30 .part L_0000029d8ecd4110, 2, 1;
L_0000029d8edbb110 .part L_0000029d8ecd3cb0, 1, 1;
L_0000029d8edf9390 .part L_0000029d8ecd4110, 2, 1;
L_0000029d8edfb690 .part L_0000029d8ecd4110, 1, 1;
L_0000029d8edfa970 .part L_0000029d8ecd3cb0, 0, 1;
L_0000029d8edf9750 .part L_0000029d8ecd4110, 2, 1;
L_0000029d8edfa790 .part L_0000029d8ecd4110, 1, 1;
L_0000029d8edfaab0 .part L_0000029d8ecd4110, 0, 1;
L_0000029d8edfa650 .part L_0000029d8edfa8d0, 0, 1;
LS_0000029d8edfa8d0_0_0 .concat8 [ 1 1 1 1], L_0000029d8ecd3850, L_0000029d8ecd3f50, L_0000029d8ecd45e0, L_0000029d8ecd2ac0;
LS_0000029d8edfa8d0_0_4 .concat8 [ 1 0 0 0], L_0000029d8ee1a670;
L_0000029d8edfa8d0 .concat8 [ 4 1 0 0], LS_0000029d8edfa8d0_0_0, LS_0000029d8edfa8d0_0_4;
L_0000029d8edfa6f0 .part L_0000029d8ecd3cb0, 3, 1;
L_0000029d8edf9430 .part L_0000029d8ecd4110, 3, 1;
L_0000029d8edf99d0 .part L_0000029d8ecd3cb0, 2, 1;
L_0000029d8edf96b0 .part L_0000029d8ecd4110, 3, 1;
L_0000029d8edfa010 .part L_0000029d8ecd4110, 2, 1;
L_0000029d8edfabf0 .part L_0000029d8ecd3cb0, 1, 1;
L_0000029d8edfafb0 .part L_0000029d8ecd4110, 3, 1;
L_0000029d8edf9ed0 .part L_0000029d8ecd4110, 2, 1;
L_0000029d8edf9f70 .part L_0000029d8ecd4110, 1, 1;
L_0000029d8edfa830 .part L_0000029d8ecd3cb0, 0, 1;
L_0000029d8edf9930 .part L_0000029d8ecd4110, 3, 1;
L_0000029d8edf9c50 .part L_0000029d8ecd4110, 2, 1;
L_0000029d8edfab50 .part L_0000029d8ecd4110, 1, 1;
L_0000029d8edfb870 .part L_0000029d8ecd4110, 0, 1;
L_0000029d8edfaa10 .part L_0000029d8edfa8d0, 0, 1;
L_0000029d8edf94d0 .part L_0000029d8ecd4110, 3, 1;
L_0000029d8edf91b0 .part L_0000029d8ecd4110, 2, 1;
L_0000029d8edf9570 .part L_0000029d8ecd4110, 1, 1;
L_0000029d8edfa150 .part L_0000029d8ecd4110, 0, 1;
L_0000029d8edf97f0 .part L_0000029d8ecd3cb0, 3, 1;
L_0000029d8edfa470 .part L_0000029d8ecd4110, 3, 1;
L_0000029d8edfaf10 .part L_0000029d8ecd3cb0, 2, 1;
L_0000029d8edfb050 .part L_0000029d8ecd4110, 3, 1;
L_0000029d8edfa5b0 .part L_0000029d8ecd4110, 2, 1;
L_0000029d8edfac90 .part L_0000029d8ecd3cb0, 1, 1;
L_0000029d8edf9610 .part L_0000029d8ecd4110, 3, 1;
L_0000029d8edfa290 .part L_0000029d8ecd4110, 2, 1;
L_0000029d8edfa1f0 .part L_0000029d8ecd4110, 1, 1;
L_0000029d8edfad30 .part L_0000029d8ecd3cb0, 0, 1;
L_0000029d8edfa330 .part L_0000029d8edfa8d0, 0, 4;
L_0000029d8edfb0f0 .part L_0000029d8edfa8d0, 4, 1;
S_0000029d8e9e2f10 .scope generate, "cla4_blocks[1]" "cla4_blocks[1]" 5 32, 5 32 0, S_0000029d8e9efa40;
 .timescale -9 -12;
P_0000029d8ece1910 .param/l "i" 0 5 32, +C4<01>;
S_0000029d8e9e30a0 .scope module, "block" "cla_4bit" 5 33, 6 3 0, S_0000029d8e9e2f10;
 .timescale -9 -12;
    .port_info 0 /INPUT 4 "a";
    .port_info 1 /INPUT 4 "b";
    .port_info 2 /INPUT 1 "cin";
    .port_info 3 /OUTPUT 4 "sum";
    .port_info 4 /OUTPUT 1 "group_G";
    .port_info 5 /OUTPUT 1 "group_P";
    .port_info 6 /OUTPUT 1 "cout";
L_0000029d8ee1a0c0 .functor AND 4, L_0000029d8edfd990, L_0000029d8edfdd50, C4<1111>, C4<1111>;
L_0000029d8ee19480 .functor XOR 4, L_0000029d8edfd990, L_0000029d8edfdd50, C4<0000>, C4<0000>;
L_0000029d8ee1a360 .functor BUFZ 1, L_0000029d8edfe070, C4<0>, C4<0>, C4<0>;
L_0000029d8ee19bf0 .functor AND 1, L_0000029d8edfb2d0, L_0000029d8edfb370, C4<1>, C4<1>;
L_0000029d8ee1a130 .functor OR 1, L_0000029d8edfb230, L_0000029d8ee19bf0, C4<0>, C4<0>;
L_0000029d8ee1ad00 .functor AND 1, L_0000029d8edf9890, L_0000029d8edfb4b0, C4<1>, C4<1>;
L_0000029d8ee1a9f0 .functor OR 1, L_0000029d8edfb410, L_0000029d8ee1ad00, C4<0>, C4<0>;
L_0000029d8ee19560 .functor AND 1, L_0000029d8edf9e30, L_0000029d8edfb910, C4<1>, C4<1>;
L_0000029d8ee1a1a0 .functor AND 1, L_0000029d8ee19560, L_0000029d8edf9250, C4<1>, C4<1>;
L_0000029d8ee1a830 .functor OR 1, L_0000029d8ee1a9f0, L_0000029d8ee1a1a0, C4<0>, C4<0>;
L_0000029d8ee191e0 .functor AND 1, L_0000029d8edf9bb0, L_0000029d8edf9a70, C4<1>, C4<1>;
L_0000029d8ee19250 .functor OR 1, L_0000029d8edfa0b0, L_0000029d8ee191e0, C4<0>, C4<0>;
L_0000029d8ee19790 .functor AND 1, L_0000029d8edf92f0, L_0000029d8edf9b10, C4<1>, C4<1>;
L_0000029d8ee1a3d0 .functor AND 1, L_0000029d8ee19790, L_0000029d8edfb550, C4<1>, C4<1>;
L_0000029d8ee192c0 .functor OR 1, L_0000029d8ee19250, L_0000029d8ee1a3d0, C4<0>, C4<0>;
L_0000029d8ee193a0 .functor AND 1, L_0000029d8edfb5f0, L_0000029d8edf9cf0, C4<1>, C4<1>;
L_0000029d8ee1a910 .functor AND 1, L_0000029d8ee193a0, L_0000029d8edf9d90, C4<1>, C4<1>;
L_0000029d8ee19330 .functor AND 1, L_0000029d8ee1a910, L_0000029d8edfb730, C4<1>, C4<1>;
L_0000029d8ee19c60 .functor OR 1, L_0000029d8ee192c0, L_0000029d8ee19330, C4<0>, C4<0>;
L_0000029d8ee1a6e0 .functor AND 1, L_0000029d8edfd3f0, L_0000029d8edfd710, C4<1>, C4<1>;
L_0000029d8ee1aa60 .functor OR 1, L_0000029d8edfa510, L_0000029d8ee1a6e0, C4<0>, C4<0>;
L_0000029d8ee1a980 .functor AND 1, L_0000029d8edfb7d0, L_0000029d8edfcd10, C4<1>, C4<1>;
L_0000029d8ee19b10 .functor AND 1, L_0000029d8ee1a980, L_0000029d8edfca90, C4<1>, C4<1>;
L_0000029d8ee1a4b0 .functor OR 1, L_0000029d8ee1aa60, L_0000029d8ee19b10, C4<0>, C4<0>;
L_0000029d8ee195d0 .functor AND 1, L_0000029d8edfd5d0, L_0000029d8edfde90, C4<1>, C4<1>;
L_0000029d8ee1a440 .functor AND 1, L_0000029d8ee195d0, L_0000029d8edfc1d0, C4<1>, C4<1>;
L_0000029d8ee19cd0 .functor AND 1, L_0000029d8ee1a440, L_0000029d8edfba50, C4<1>, C4<1>;
L_0000029d8ee1a210 .functor OR 1, L_0000029d8ee1a4b0, L_0000029d8ee19cd0, C4<0>, C4<0>;
L_0000029d8ee19640 .functor AND 1, L_0000029d8edfdcb0, L_0000029d8edfd7b0, C4<1>, C4<1>;
L_0000029d8ee19f00 .functor AND 1, L_0000029d8ee19640, L_0000029d8edfb9b0, C4<1>, C4<1>;
L_0000029d8ee1a590 .functor AND 1, L_0000029d8ee19f00, L_0000029d8edfbd70, C4<1>, C4<1>;
L_0000029d8ee1a280 .functor AND 1, L_0000029d8ee1a590, L_0000029d8edfc950, C4<1>, C4<1>;
L_0000029d8ee19800 .functor OR 1, L_0000029d8ee1a210, L_0000029d8ee1a280, C4<0>, C4<0>;
L_0000029d8ee1a600 .functor AND 1, L_0000029d8edfc8b0, L_0000029d8edfddf0, C4<1>, C4<1>;
L_0000029d8ee1a750 .functor AND 1, L_0000029d8ee1a600, L_0000029d8edfd850, C4<1>, C4<1>;
L_0000029d8ee1a7c0 .functor AND 1, L_0000029d8ee1a750, L_0000029d8edfbc30, C4<1>, C4<1>;
L_0000029d8ee19f70 .functor AND 1, L_0000029d8edfcdb0, L_0000029d8edfdad0, C4<1>, C4<1>;
L_0000029d8ee19fe0 .functor OR 1, L_0000029d8edfbb90, L_0000029d8ee19f70, C4<0>, C4<0>;
L_0000029d8ee19870 .functor AND 1, L_0000029d8edfc9f0, L_0000029d8edfbf50, C4<1>, C4<1>;
L_0000029d8ee198e0 .functor AND 1, L_0000029d8ee19870, L_0000029d8edfc130, C4<1>, C4<1>;
L_0000029d8ee19950 .functor OR 1, L_0000029d8ee19fe0, L_0000029d8ee198e0, C4<0>, C4<0>;
L_0000029d8ee199c0 .functor AND 1, L_0000029d8edfbcd0, L_0000029d8edfdf30, C4<1>, C4<1>;
L_0000029d8ee19aa0 .functor AND 1, L_0000029d8ee199c0, L_0000029d8edfd2b0, C4<1>, C4<1>;
L_0000029d8ee1b160 .functor AND 1, L_0000029d8ee19aa0, L_0000029d8edfdfd0, C4<1>, C4<1>;
L_0000029d8ee1b2b0 .functor OR 1, L_0000029d8ee19950, L_0000029d8ee1b160, C4<0>, C4<0>;
L_0000029d8ee1bef0 .functor XOR 4, L_0000029d8ee19480, L_0000029d8edfd670, C4<0000>, C4<0000>;
v0000029d8ed6b620_0 .net *"_ivl_100", 0 0, L_0000029d8edfcd10;  1 drivers
v0000029d8ed6a4a0_0 .net *"_ivl_101", 0 0, L_0000029d8ee1a980;  1 drivers
v0000029d8ed6c2a0_0 .net *"_ivl_104", 0 0, L_0000029d8edfca90;  1 drivers
v0000029d8ed6a5e0_0 .net *"_ivl_105", 0 0, L_0000029d8ee19b10;  1 drivers
v0000029d8ed6ae00_0 .net *"_ivl_107", 0 0, L_0000029d8ee1a4b0;  1 drivers
v0000029d8ed6a720_0 .net *"_ivl_11", 0 0, L_0000029d8edfb230;  1 drivers
v0000029d8ed6b1c0_0 .net *"_ivl_110", 0 0, L_0000029d8edfd5d0;  1 drivers
v0000029d8ed6ac20_0 .net *"_ivl_112", 0 0, L_0000029d8edfde90;  1 drivers
v0000029d8ed6a7c0_0 .net *"_ivl_113", 0 0, L_0000029d8ee195d0;  1 drivers
v0000029d8ed6bc60_0 .net *"_ivl_116", 0 0, L_0000029d8edfc1d0;  1 drivers
v0000029d8ed6c7a0_0 .net *"_ivl_117", 0 0, L_0000029d8ee1a440;  1 drivers
v0000029d8ed6c020_0 .net *"_ivl_120", 0 0, L_0000029d8edfba50;  1 drivers
v0000029d8ed6a860_0 .net *"_ivl_121", 0 0, L_0000029d8ee19cd0;  1 drivers
v0000029d8ed6a9a0_0 .net *"_ivl_123", 0 0, L_0000029d8ee1a210;  1 drivers
v0000029d8ed6b260_0 .net *"_ivl_126", 0 0, L_0000029d8edfdcb0;  1 drivers
v0000029d8ed6aea0_0 .net *"_ivl_128", 0 0, L_0000029d8edfd7b0;  1 drivers
v0000029d8ed6aa40_0 .net *"_ivl_129", 0 0, L_0000029d8ee19640;  1 drivers
v0000029d8ed6bee0_0 .net *"_ivl_13", 0 0, L_0000029d8edfb2d0;  1 drivers
v0000029d8ed6bda0_0 .net *"_ivl_132", 0 0, L_0000029d8edfb9b0;  1 drivers
v0000029d8ed6c3e0_0 .net *"_ivl_133", 0 0, L_0000029d8ee19f00;  1 drivers
v0000029d8ed6b6c0_0 .net *"_ivl_136", 0 0, L_0000029d8edfbd70;  1 drivers
v0000029d8ed6aae0_0 .net *"_ivl_137", 0 0, L_0000029d8ee1a590;  1 drivers
v0000029d8ed6ba80_0 .net *"_ivl_140", 0 0, L_0000029d8edfc950;  1 drivers
v0000029d8ed6b3a0_0 .net *"_ivl_141", 0 0, L_0000029d8ee1a280;  1 drivers
v0000029d8ed6acc0_0 .net *"_ivl_143", 0 0, L_0000029d8ee19800;  1 drivers
v0000029d8ed6ad60_0 .net *"_ivl_146", 0 0, L_0000029d8edfc8b0;  1 drivers
v0000029d8ed6c0c0_0 .net *"_ivl_148", 0 0, L_0000029d8edfddf0;  1 drivers
v0000029d8ed6c520_0 .net *"_ivl_149", 0 0, L_0000029d8ee1a600;  1 drivers
v0000029d8ed6a220_0 .net *"_ivl_15", 0 0, L_0000029d8edfb370;  1 drivers
v0000029d8ed6b440_0 .net *"_ivl_152", 0 0, L_0000029d8edfd850;  1 drivers
v0000029d8ed6b800_0 .net *"_ivl_153", 0 0, L_0000029d8ee1a750;  1 drivers
v0000029d8ed6b940_0 .net *"_ivl_156", 0 0, L_0000029d8edfbc30;  1 drivers
v0000029d8ed6bb20_0 .net *"_ivl_16", 0 0, L_0000029d8ee19bf0;  1 drivers
v0000029d8ed6a180_0 .net *"_ivl_160", 0 0, L_0000029d8edfbb90;  1 drivers
v0000029d8ed6c160_0 .net *"_ivl_162", 0 0, L_0000029d8edfcdb0;  1 drivers
v0000029d8ed6c200_0 .net *"_ivl_164", 0 0, L_0000029d8edfdad0;  1 drivers
v0000029d8ed6c5c0_0 .net *"_ivl_165", 0 0, L_0000029d8ee19f70;  1 drivers
v0000029d8ed6c660_0 .net *"_ivl_167", 0 0, L_0000029d8ee19fe0;  1 drivers
v0000029d8ed6c700_0 .net *"_ivl_170", 0 0, L_0000029d8edfc9f0;  1 drivers
v0000029d8ed6c840_0 .net *"_ivl_172", 0 0, L_0000029d8edfbf50;  1 drivers
v0000029d8ed6c8e0_0 .net *"_ivl_173", 0 0, L_0000029d8ee19870;  1 drivers
v0000029d8ed6a2c0_0 .net *"_ivl_176", 0 0, L_0000029d8edfc130;  1 drivers
v0000029d8ed6d9c0_0 .net *"_ivl_177", 0 0, L_0000029d8ee198e0;  1 drivers
v0000029d8ed6d880_0 .net *"_ivl_179", 0 0, L_0000029d8ee19950;  1 drivers
v0000029d8ed6e3c0_0 .net *"_ivl_18", 0 0, L_0000029d8ee1a130;  1 drivers
v0000029d8ed6dc40_0 .net *"_ivl_182", 0 0, L_0000029d8edfbcd0;  1 drivers
v0000029d8ed6ea00_0 .net *"_ivl_184", 0 0, L_0000029d8edfdf30;  1 drivers
v0000029d8ed6d920_0 .net *"_ivl_185", 0 0, L_0000029d8ee199c0;  1 drivers
v0000029d8ed6e460_0 .net *"_ivl_188", 0 0, L_0000029d8edfd2b0;  1 drivers
v0000029d8ed6e5a0_0 .net *"_ivl_189", 0 0, L_0000029d8ee19aa0;  1 drivers
v0000029d8ed6e0a0_0 .net *"_ivl_192", 0 0, L_0000029d8edfdfd0;  1 drivers
v0000029d8ed6e500_0 .net *"_ivl_193", 0 0, L_0000029d8ee1b160;  1 drivers
v0000029d8ed6e140_0 .net *"_ivl_198", 3 0, L_0000029d8edfd670;  1 drivers
v0000029d8ed6d060_0 .net *"_ivl_23", 0 0, L_0000029d8edfb410;  1 drivers
v0000029d8ed6cac0_0 .net *"_ivl_25", 0 0, L_0000029d8edf9890;  1 drivers
v0000029d8ed6f0e0_0 .net *"_ivl_27", 0 0, L_0000029d8edfb4b0;  1 drivers
v0000029d8ed6cfc0_0 .net *"_ivl_28", 0 0, L_0000029d8ee1ad00;  1 drivers
v0000029d8ed6e1e0_0 .net *"_ivl_30", 0 0, L_0000029d8ee1a9f0;  1 drivers
v0000029d8ed6da60_0 .net *"_ivl_33", 0 0, L_0000029d8edf9e30;  1 drivers
v0000029d8ed6e280_0 .net *"_ivl_35", 0 0, L_0000029d8edfb910;  1 drivers
v0000029d8ed6efa0_0 .net *"_ivl_36", 0 0, L_0000029d8ee19560;  1 drivers
v0000029d8ed6ee60_0 .net *"_ivl_39", 0 0, L_0000029d8edf9250;  1 drivers
v0000029d8ed6ebe0_0 .net *"_ivl_40", 0 0, L_0000029d8ee1a1a0;  1 drivers
v0000029d8ed6d7e0_0 .net *"_ivl_42", 0 0, L_0000029d8ee1a830;  1 drivers
v0000029d8ed6d100_0 .net *"_ivl_47", 0 0, L_0000029d8edfa0b0;  1 drivers
v0000029d8ed6e320_0 .net *"_ivl_49", 0 0, L_0000029d8edf9bb0;  1 drivers
v0000029d8ed6e640_0 .net *"_ivl_51", 0 0, L_0000029d8edf9a70;  1 drivers
v0000029d8ed6c980_0 .net *"_ivl_52", 0 0, L_0000029d8ee191e0;  1 drivers
v0000029d8ed6cf20_0 .net *"_ivl_54", 0 0, L_0000029d8ee19250;  1 drivers
v0000029d8ed6cb60_0 .net *"_ivl_57", 0 0, L_0000029d8edf92f0;  1 drivers
v0000029d8ed6d6a0_0 .net *"_ivl_59", 0 0, L_0000029d8edf9b10;  1 drivers
v0000029d8ed6d2e0_0 .net *"_ivl_60", 0 0, L_0000029d8ee19790;  1 drivers
v0000029d8ed6cd40_0 .net *"_ivl_63", 0 0, L_0000029d8edfb550;  1 drivers
v0000029d8ed6d420_0 .net *"_ivl_64", 0 0, L_0000029d8ee1a3d0;  1 drivers
v0000029d8ed6cde0_0 .net *"_ivl_66", 0 0, L_0000029d8ee192c0;  1 drivers
v0000029d8ed6dec0_0 .net *"_ivl_69", 0 0, L_0000029d8edfb5f0;  1 drivers
v0000029d8ed6ef00_0 .net *"_ivl_7", 0 0, L_0000029d8ee1a360;  1 drivers
v0000029d8ed6d1a0_0 .net *"_ivl_71", 0 0, L_0000029d8edf9cf0;  1 drivers
v0000029d8ed6e6e0_0 .net *"_ivl_72", 0 0, L_0000029d8ee193a0;  1 drivers
v0000029d8ed6ce80_0 .net *"_ivl_75", 0 0, L_0000029d8edf9d90;  1 drivers
v0000029d8ed6d240_0 .net *"_ivl_76", 0 0, L_0000029d8ee1a910;  1 drivers
v0000029d8ed6d560_0 .net *"_ivl_79", 0 0, L_0000029d8edfb730;  1 drivers
v0000029d8ed6d380_0 .net *"_ivl_80", 0 0, L_0000029d8ee19330;  1 drivers
v0000029d8ed6e780_0 .net *"_ivl_82", 0 0, L_0000029d8ee19c60;  1 drivers
v0000029d8ed6db00_0 .net *"_ivl_88", 0 0, L_0000029d8edfa510;  1 drivers
v0000029d8ed6e820_0 .net *"_ivl_90", 0 0, L_0000029d8edfd3f0;  1 drivers
v0000029d8ed6e8c0_0 .net *"_ivl_92", 0 0, L_0000029d8edfd710;  1 drivers
v0000029d8ed6f040_0 .net *"_ivl_93", 0 0, L_0000029d8ee1a6e0;  1 drivers
v0000029d8ed6e960_0 .net *"_ivl_95", 0 0, L_0000029d8ee1aa60;  1 drivers
v0000029d8ed6d4c0_0 .net *"_ivl_98", 0 0, L_0000029d8edfb7d0;  1 drivers
v0000029d8ed6d600_0 .net "a", 3 0, L_0000029d8edfd990;  1 drivers
v0000029d8ed6dba0_0 .net "b", 3 0, L_0000029d8edfdd50;  1 drivers
v0000029d8ed6d740_0 .net "c", 4 0, L_0000029d8edfa3d0;  1 drivers
v0000029d8ed6eaa0_0 .net "cin", 0 0, L_0000029d8edfe070;  1 drivers
v0000029d8ed6eb40_0 .net "cout", 0 0, L_0000029d8edfbe10;  1 drivers
v0000029d8ed6dce0_0 .net "g", 3 0, L_0000029d8ee1a0c0;  1 drivers
v0000029d8ed6df60_0 .net "group_G", 0 0, L_0000029d8ee1b2b0;  1 drivers
v0000029d8ed6ec80_0 .net "group_P", 0 0, L_0000029d8ee1a7c0;  1 drivers
v0000029d8ed6ed20_0 .net "p", 3 0, L_0000029d8ee19480;  1 drivers
v0000029d8ed6dd80_0 .net "sum", 3 0, L_0000029d8ee1bef0;  1 drivers
L_0000029d8edfb230 .part L_0000029d8ee1a0c0, 0, 1;
L_0000029d8edfb2d0 .part L_0000029d8ee19480, 0, 1;
L_0000029d8edfb370 .part L_0000029d8edfa3d0, 0, 1;
L_0000029d8edfb410 .part L_0000029d8ee1a0c0, 1, 1;
L_0000029d8edf9890 .part L_0000029d8ee19480, 1, 1;
L_0000029d8edfb4b0 .part L_0000029d8ee1a0c0, 0, 1;
L_0000029d8edf9e30 .part L_0000029d8ee19480, 1, 1;
L_0000029d8edfb910 .part L_0000029d8ee19480, 0, 1;
L_0000029d8edf9250 .part L_0000029d8edfa3d0, 0, 1;
L_0000029d8edfa0b0 .part L_0000029d8ee1a0c0, 2, 1;
L_0000029d8edf9bb0 .part L_0000029d8ee19480, 2, 1;
L_0000029d8edf9a70 .part L_0000029d8ee1a0c0, 1, 1;
L_0000029d8edf92f0 .part L_0000029d8ee19480, 2, 1;
L_0000029d8edf9b10 .part L_0000029d8ee19480, 1, 1;
L_0000029d8edfb550 .part L_0000029d8ee1a0c0, 0, 1;
L_0000029d8edfb5f0 .part L_0000029d8ee19480, 2, 1;
L_0000029d8edf9cf0 .part L_0000029d8ee19480, 1, 1;
L_0000029d8edf9d90 .part L_0000029d8ee19480, 0, 1;
L_0000029d8edfb730 .part L_0000029d8edfa3d0, 0, 1;
LS_0000029d8edfa3d0_0_0 .concat8 [ 1 1 1 1], L_0000029d8ee1a360, L_0000029d8ee1a130, L_0000029d8ee1a830, L_0000029d8ee19c60;
LS_0000029d8edfa3d0_0_4 .concat8 [ 1 0 0 0], L_0000029d8ee19800;
L_0000029d8edfa3d0 .concat8 [ 4 1 0 0], LS_0000029d8edfa3d0_0_0, LS_0000029d8edfa3d0_0_4;
L_0000029d8edfa510 .part L_0000029d8ee1a0c0, 3, 1;
L_0000029d8edfd3f0 .part L_0000029d8ee19480, 3, 1;
L_0000029d8edfd710 .part L_0000029d8ee1a0c0, 2, 1;
L_0000029d8edfb7d0 .part L_0000029d8ee19480, 3, 1;
L_0000029d8edfcd10 .part L_0000029d8ee19480, 2, 1;
L_0000029d8edfca90 .part L_0000029d8ee1a0c0, 1, 1;
L_0000029d8edfd5d0 .part L_0000029d8ee19480, 3, 1;
L_0000029d8edfde90 .part L_0000029d8ee19480, 2, 1;
L_0000029d8edfc1d0 .part L_0000029d8ee19480, 1, 1;
L_0000029d8edfba50 .part L_0000029d8ee1a0c0, 0, 1;
L_0000029d8edfdcb0 .part L_0000029d8ee19480, 3, 1;
L_0000029d8edfd7b0 .part L_0000029d8ee19480, 2, 1;
L_0000029d8edfb9b0 .part L_0000029d8ee19480, 1, 1;
L_0000029d8edfbd70 .part L_0000029d8ee19480, 0, 1;
L_0000029d8edfc950 .part L_0000029d8edfa3d0, 0, 1;
L_0000029d8edfc8b0 .part L_0000029d8ee19480, 3, 1;
L_0000029d8edfddf0 .part L_0000029d8ee19480, 2, 1;
L_0000029d8edfd850 .part L_0000029d8ee19480, 1, 1;
L_0000029d8edfbc30 .part L_0000029d8ee19480, 0, 1;
L_0000029d8edfbb90 .part L_0000029d8ee1a0c0, 3, 1;
L_0000029d8edfcdb0 .part L_0000029d8ee19480, 3, 1;
L_0000029d8edfdad0 .part L_0000029d8ee1a0c0, 2, 1;
L_0000029d8edfc9f0 .part L_0000029d8ee19480, 3, 1;
L_0000029d8edfbf50 .part L_0000029d8ee19480, 2, 1;
L_0000029d8edfc130 .part L_0000029d8ee1a0c0, 1, 1;
L_0000029d8edfbcd0 .part L_0000029d8ee19480, 3, 1;
L_0000029d8edfdf30 .part L_0000029d8ee19480, 2, 1;
L_0000029d8edfd2b0 .part L_0000029d8ee19480, 1, 1;
L_0000029d8edfdfd0 .part L_0000029d8ee1a0c0, 0, 1;
L_0000029d8edfd670 .part L_0000029d8edfa3d0, 0, 4;
L_0000029d8edfbe10 .part L_0000029d8edfa3d0, 4, 1;
S_0000029d8e9d96d0 .scope generate, "cla4_blocks[2]" "cla4_blocks[2]" 5 32, 5 32 0, S_0000029d8e9efa40;
 .timescale -9 -12;
P_0000029d8ece3510 .param/l "i" 0 5 32, +C4<010>;
S_0000029d8e9d9860 .scope module, "block" "cla_4bit" 5 33, 6 3 0, S_0000029d8e9d96d0;
 .timescale -9 -12;
    .port_info 0 /INPUT 4 "a";
    .port_info 1 /INPUT 4 "b";
    .port_info 2 /INPUT 1 "cin";
    .port_info 3 /OUTPUT 4 "sum";
    .port_info 4 /OUTPUT 1 "group_G";
    .port_info 5 /OUTPUT 1 "group_P";
    .port_info 6 /OUTPUT 1 "cout";
L_0000029d8ee1b550 .functor AND 4, L_0000029d8edfe2f0, L_0000029d8edfebb0, C4<1111>, C4<1111>;
L_0000029d8ee1bb00 .functor XOR 4, L_0000029d8edfe2f0, L_0000029d8edfebb0, C4<0000>, C4<0000>;
L_0000029d8ee1ad70 .functor BUFZ 1, L_0000029d8ee00410, C4<0>, C4<0>, C4<0>;
L_0000029d8ee1b630 .functor AND 1, L_0000029d8edfd8f0, L_0000029d8edfc810, C4<1>, C4<1>;
L_0000029d8ee1af30 .functor OR 1, L_0000029d8edfe110, L_0000029d8ee1b630, C4<0>, C4<0>;
L_0000029d8ee1c430 .functor AND 1, L_0000029d8edfcf90, L_0000029d8edfda30, C4<1>, C4<1>;
L_0000029d8ee1c270 .functor OR 1, L_0000029d8edfc4f0, L_0000029d8ee1c430, C4<0>, C4<0>;
L_0000029d8ee1c2e0 .functor AND 1, L_0000029d8edfbeb0, L_0000029d8edfd170, C4<1>, C4<1>;
L_0000029d8ee1c7b0 .functor AND 1, L_0000029d8ee1c2e0, L_0000029d8edfbaf0, C4<1>, C4<1>;
L_0000029d8ee1b400 .functor OR 1, L_0000029d8ee1c270, L_0000029d8ee1c7b0, C4<0>, C4<0>;
L_0000029d8ee1c3c0 .functor AND 1, L_0000029d8edfdc10, L_0000029d8edfd350, C4<1>, C4<1>;
L_0000029d8ee1c660 .functor OR 1, L_0000029d8edfdb70, L_0000029d8ee1c3c0, C4<0>, C4<0>;
L_0000029d8ee1ba20 .functor AND 1, L_0000029d8edfd490, L_0000029d8edfce50, C4<1>, C4<1>;
L_0000029d8ee1c190 .functor AND 1, L_0000029d8ee1ba20, L_0000029d8edfc770, C4<1>, C4<1>;
L_0000029d8ee1be10 .functor OR 1, L_0000029d8ee1c660, L_0000029d8ee1c190, C4<0>, C4<0>;
L_0000029d8ee1b0f0 .functor AND 1, L_0000029d8edfbff0, L_0000029d8edfc090, C4<1>, C4<1>;
L_0000029d8ee1bfd0 .functor AND 1, L_0000029d8ee1b0f0, L_0000029d8edfc270, C4<1>, C4<1>;
L_0000029d8ee1bf60 .functor AND 1, L_0000029d8ee1bfd0, L_0000029d8edfc310, C4<1>, C4<1>;
L_0000029d8ee1b390 .functor OR 1, L_0000029d8ee1be10, L_0000029d8ee1bf60, C4<0>, C4<0>;
L_0000029d8ee1c740 .functor AND 1, L_0000029d8edfc3b0, L_0000029d8edfc590, C4<1>, C4<1>;
L_0000029d8ee1c4a0 .functor OR 1, L_0000029d8edfcb30, L_0000029d8ee1c740, C4<0>, C4<0>;
L_0000029d8ee1b780 .functor AND 1, L_0000029d8edfc630, L_0000029d8edfc6d0, C4<1>, C4<1>;
L_0000029d8ee1c040 .functor AND 1, L_0000029d8ee1b780, L_0000029d8edfd0d0, C4<1>, C4<1>;
L_0000029d8ee1b1d0 .functor OR 1, L_0000029d8ee1c4a0, L_0000029d8ee1c040, C4<0>, C4<0>;
L_0000029d8ee1c900 .functor AND 1, L_0000029d8edfcbd0, L_0000029d8edfcc70, C4<1>, C4<1>;
L_0000029d8ee1b860 .functor AND 1, L_0000029d8ee1c900, L_0000029d8edfcef0, C4<1>, C4<1>;
L_0000029d8ee1b240 .functor AND 1, L_0000029d8ee1b860, L_0000029d8edfd030, C4<1>, C4<1>;
L_0000029d8ee1c6d0 .functor OR 1, L_0000029d8ee1b1d0, L_0000029d8ee1b240, C4<0>, C4<0>;
L_0000029d8ee1c350 .functor AND 1, L_0000029d8edfd530, L_0000029d8edfd210, C4<1>, C4<1>;
L_0000029d8ee1bda0 .functor AND 1, L_0000029d8ee1c350, L_0000029d8edfe430, C4<1>, C4<1>;
L_0000029d8ee1bb70 .functor AND 1, L_0000029d8ee1bda0, L_0000029d8edfe390, C4<1>, C4<1>;
L_0000029d8ee1b080 .functor AND 1, L_0000029d8ee1bb70, L_0000029d8edfe930, C4<1>, C4<1>;
L_0000029d8ee1b320 .functor OR 1, L_0000029d8ee1c6d0, L_0000029d8ee1b080, C4<0>, C4<0>;
L_0000029d8ee1ba90 .functor AND 1, L_0000029d8edffc90, L_0000029d8ee00870, C4<1>, C4<1>;
L_0000029d8ee1c820 .functor AND 1, L_0000029d8ee1ba90, L_0000029d8edff290, C4<1>, C4<1>;
L_0000029d8ee1c510 .functor AND 1, L_0000029d8ee1c820, L_0000029d8edff3d0, C4<1>, C4<1>;
L_0000029d8ee1bbe0 .functor AND 1, L_0000029d8edfef70, L_0000029d8ee00690, C4<1>, C4<1>;
L_0000029d8ee1be80 .functor OR 1, L_0000029d8ee00230, L_0000029d8ee1bbe0, C4<0>, C4<0>;
L_0000029d8ee1ade0 .functor AND 1, L_0000029d8edfee30, L_0000029d8ee00370, C4<1>, C4<1>;
L_0000029d8ee1c890 .functor AND 1, L_0000029d8ee1ade0, L_0000029d8edff010, C4<1>, C4<1>;
L_0000029d8ee1c0b0 .functor OR 1, L_0000029d8ee1be80, L_0000029d8ee1c890, C4<0>, C4<0>;
L_0000029d8ee1c120 .functor AND 1, L_0000029d8edff150, L_0000029d8ee002d0, C4<1>, C4<1>;
L_0000029d8ee1b7f0 .functor AND 1, L_0000029d8ee1c120, L_0000029d8edfeed0, C4<1>, C4<1>;
L_0000029d8ee1b9b0 .functor AND 1, L_0000029d8ee1b7f0, L_0000029d8ee00550, C4<1>, C4<1>;
L_0000029d8ee1ae50 .functor OR 1, L_0000029d8ee1c0b0, L_0000029d8ee1b9b0, C4<0>, C4<0>;
L_0000029d8ee1b470 .functor XOR 4, L_0000029d8ee1bb00, L_0000029d8ee00190, C4<0000>, C4<0000>;
v0000029d8ed6de20_0 .net *"_ivl_100", 0 0, L_0000029d8edfc6d0;  1 drivers
v0000029d8ed6edc0_0 .net *"_ivl_101", 0 0, L_0000029d8ee1b780;  1 drivers
v0000029d8ed6e000_0 .net *"_ivl_104", 0 0, L_0000029d8edfd0d0;  1 drivers
v0000029d8ed6ca20_0 .net *"_ivl_105", 0 0, L_0000029d8ee1c040;  1 drivers
v0000029d8ed6cc00_0 .net *"_ivl_107", 0 0, L_0000029d8ee1b1d0;  1 drivers
v0000029d8ed6cca0_0 .net *"_ivl_11", 0 0, L_0000029d8edfe110;  1 drivers
v0000029d8ed71660_0 .net *"_ivl_110", 0 0, L_0000029d8edfcbd0;  1 drivers
v0000029d8ed6f360_0 .net *"_ivl_112", 0 0, L_0000029d8edfcc70;  1 drivers
v0000029d8ed71480_0 .net *"_ivl_113", 0 0, L_0000029d8ee1c900;  1 drivers
v0000029d8ed70300_0 .net *"_ivl_116", 0 0, L_0000029d8edfcef0;  1 drivers
v0000029d8ed6f540_0 .net *"_ivl_117", 0 0, L_0000029d8ee1b860;  1 drivers
v0000029d8ed718e0_0 .net *"_ivl_120", 0 0, L_0000029d8edfd030;  1 drivers
v0000029d8ed6f680_0 .net *"_ivl_121", 0 0, L_0000029d8ee1b240;  1 drivers
v0000029d8ed701c0_0 .net *"_ivl_123", 0 0, L_0000029d8ee1c6d0;  1 drivers
v0000029d8ed70080_0 .net *"_ivl_126", 0 0, L_0000029d8edfd530;  1 drivers
v0000029d8ed70bc0_0 .net *"_ivl_128", 0 0, L_0000029d8edfd210;  1 drivers
v0000029d8ed70440_0 .net *"_ivl_129", 0 0, L_0000029d8ee1c350;  1 drivers
v0000029d8ed71200_0 .net *"_ivl_13", 0 0, L_0000029d8edfd8f0;  1 drivers
v0000029d8ed71700_0 .net *"_ivl_132", 0 0, L_0000029d8edfe430;  1 drivers
v0000029d8ed6ff40_0 .net *"_ivl_133", 0 0, L_0000029d8ee1bda0;  1 drivers
v0000029d8ed70da0_0 .net *"_ivl_136", 0 0, L_0000029d8edfe390;  1 drivers
v0000029d8ed708a0_0 .net *"_ivl_137", 0 0, L_0000029d8ee1bb70;  1 drivers
v0000029d8ed70c60_0 .net *"_ivl_140", 0 0, L_0000029d8edfe930;  1 drivers
v0000029d8ed70940_0 .net *"_ivl_141", 0 0, L_0000029d8ee1b080;  1 drivers
v0000029d8ed6f860_0 .net *"_ivl_143", 0 0, L_0000029d8ee1b320;  1 drivers
v0000029d8ed6f2c0_0 .net *"_ivl_146", 0 0, L_0000029d8edffc90;  1 drivers
v0000029d8ed6f180_0 .net *"_ivl_148", 0 0, L_0000029d8ee00870;  1 drivers
v0000029d8ed6f7c0_0 .net *"_ivl_149", 0 0, L_0000029d8ee1ba90;  1 drivers
v0000029d8ed709e0_0 .net *"_ivl_15", 0 0, L_0000029d8edfc810;  1 drivers
v0000029d8ed70260_0 .net *"_ivl_152", 0 0, L_0000029d8edff290;  1 drivers
v0000029d8ed70a80_0 .net *"_ivl_153", 0 0, L_0000029d8ee1c820;  1 drivers
v0000029d8ed717a0_0 .net *"_ivl_156", 0 0, L_0000029d8edff3d0;  1 drivers
v0000029d8ed71840_0 .net *"_ivl_16", 0 0, L_0000029d8ee1b630;  1 drivers
v0000029d8ed713e0_0 .net *"_ivl_160", 0 0, L_0000029d8ee00230;  1 drivers
v0000029d8ed6ffe0_0 .net *"_ivl_162", 0 0, L_0000029d8edfef70;  1 drivers
v0000029d8ed6f900_0 .net *"_ivl_164", 0 0, L_0000029d8ee00690;  1 drivers
v0000029d8ed70b20_0 .net *"_ivl_165", 0 0, L_0000029d8ee1bbe0;  1 drivers
v0000029d8ed70d00_0 .net *"_ivl_167", 0 0, L_0000029d8ee1be80;  1 drivers
v0000029d8ed6f220_0 .net *"_ivl_170", 0 0, L_0000029d8edfee30;  1 drivers
v0000029d8ed6f720_0 .net *"_ivl_172", 0 0, L_0000029d8ee00370;  1 drivers
v0000029d8ed6f400_0 .net *"_ivl_173", 0 0, L_0000029d8ee1ade0;  1 drivers
v0000029d8ed6fea0_0 .net *"_ivl_176", 0 0, L_0000029d8edff010;  1 drivers
v0000029d8ed6fae0_0 .net *"_ivl_177", 0 0, L_0000029d8ee1c890;  1 drivers
v0000029d8ed6f5e0_0 .net *"_ivl_179", 0 0, L_0000029d8ee1c0b0;  1 drivers
v0000029d8ed6fc20_0 .net *"_ivl_18", 0 0, L_0000029d8ee1af30;  1 drivers
v0000029d8ed6f9a0_0 .net *"_ivl_182", 0 0, L_0000029d8edff150;  1 drivers
v0000029d8ed706c0_0 .net *"_ivl_184", 0 0, L_0000029d8ee002d0;  1 drivers
v0000029d8ed6f4a0_0 .net *"_ivl_185", 0 0, L_0000029d8ee1c120;  1 drivers
v0000029d8ed6fa40_0 .net *"_ivl_188", 0 0, L_0000029d8edfeed0;  1 drivers
v0000029d8ed70ee0_0 .net *"_ivl_189", 0 0, L_0000029d8ee1b7f0;  1 drivers
v0000029d8ed715c0_0 .net *"_ivl_192", 0 0, L_0000029d8ee00550;  1 drivers
v0000029d8ed6fcc0_0 .net *"_ivl_193", 0 0, L_0000029d8ee1b9b0;  1 drivers
v0000029d8ed70760_0 .net *"_ivl_198", 3 0, L_0000029d8ee00190;  1 drivers
v0000029d8ed70f80_0 .net *"_ivl_23", 0 0, L_0000029d8edfc4f0;  1 drivers
v0000029d8ed6fb80_0 .net *"_ivl_25", 0 0, L_0000029d8edfcf90;  1 drivers
v0000029d8ed6fd60_0 .net *"_ivl_27", 0 0, L_0000029d8edfda30;  1 drivers
v0000029d8ed70e40_0 .net *"_ivl_28", 0 0, L_0000029d8ee1c430;  1 drivers
v0000029d8ed6fe00_0 .net *"_ivl_30", 0 0, L_0000029d8ee1c270;  1 drivers
v0000029d8ed70120_0 .net *"_ivl_33", 0 0, L_0000029d8edfbeb0;  1 drivers
v0000029d8ed703a0_0 .net *"_ivl_35", 0 0, L_0000029d8edfd170;  1 drivers
v0000029d8ed71020_0 .net *"_ivl_36", 0 0, L_0000029d8ee1c2e0;  1 drivers
v0000029d8ed710c0_0 .net *"_ivl_39", 0 0, L_0000029d8edfbaf0;  1 drivers
v0000029d8ed712a0_0 .net *"_ivl_40", 0 0, L_0000029d8ee1c7b0;  1 drivers
v0000029d8ed71160_0 .net *"_ivl_42", 0 0, L_0000029d8ee1b400;  1 drivers
v0000029d8ed71340_0 .net *"_ivl_47", 0 0, L_0000029d8edfdb70;  1 drivers
v0000029d8ed71520_0 .net *"_ivl_49", 0 0, L_0000029d8edfdc10;  1 drivers
v0000029d8ed704e0_0 .net *"_ivl_51", 0 0, L_0000029d8edfd350;  1 drivers
v0000029d8ed70580_0 .net *"_ivl_52", 0 0, L_0000029d8ee1c3c0;  1 drivers
v0000029d8ed70620_0 .net *"_ivl_54", 0 0, L_0000029d8ee1c660;  1 drivers
v0000029d8ed70800_0 .net *"_ivl_57", 0 0, L_0000029d8edfd490;  1 drivers
v0000029d8ed73a00_0 .net *"_ivl_59", 0 0, L_0000029d8edfce50;  1 drivers
v0000029d8ed72920_0 .net *"_ivl_60", 0 0, L_0000029d8ee1ba20;  1 drivers
v0000029d8ed71b60_0 .net *"_ivl_63", 0 0, L_0000029d8edfc770;  1 drivers
v0000029d8ed73e60_0 .net *"_ivl_64", 0 0, L_0000029d8ee1c190;  1 drivers
v0000029d8ed71c00_0 .net *"_ivl_66", 0 0, L_0000029d8ee1be10;  1 drivers
v0000029d8ed73c80_0 .net *"_ivl_69", 0 0, L_0000029d8edfbff0;  1 drivers
v0000029d8ed738c0_0 .net *"_ivl_7", 0 0, L_0000029d8ee1ad70;  1 drivers
v0000029d8ed72600_0 .net *"_ivl_71", 0 0, L_0000029d8edfc090;  1 drivers
v0000029d8ed72ec0_0 .net *"_ivl_72", 0 0, L_0000029d8ee1b0f0;  1 drivers
v0000029d8ed71ca0_0 .net *"_ivl_75", 0 0, L_0000029d8edfc270;  1 drivers
v0000029d8ed73500_0 .net *"_ivl_76", 0 0, L_0000029d8ee1bfd0;  1 drivers
v0000029d8ed733c0_0 .net *"_ivl_79", 0 0, L_0000029d8edfc310;  1 drivers
v0000029d8ed72100_0 .net *"_ivl_80", 0 0, L_0000029d8ee1bf60;  1 drivers
v0000029d8ed73960_0 .net *"_ivl_82", 0 0, L_0000029d8ee1b390;  1 drivers
v0000029d8ed729c0_0 .net *"_ivl_88", 0 0, L_0000029d8edfcb30;  1 drivers
v0000029d8ed73aa0_0 .net *"_ivl_90", 0 0, L_0000029d8edfc3b0;  1 drivers
v0000029d8ed73460_0 .net *"_ivl_92", 0 0, L_0000029d8edfc590;  1 drivers
v0000029d8ed726a0_0 .net *"_ivl_93", 0 0, L_0000029d8ee1c740;  1 drivers
v0000029d8ed71d40_0 .net *"_ivl_95", 0 0, L_0000029d8ee1c4a0;  1 drivers
v0000029d8ed721a0_0 .net *"_ivl_98", 0 0, L_0000029d8edfc630;  1 drivers
v0000029d8ed72f60_0 .net "a", 3 0, L_0000029d8edfe2f0;  1 drivers
v0000029d8ed72240_0 .net "b", 3 0, L_0000029d8edfebb0;  1 drivers
v0000029d8ed73640_0 .net "c", 4 0, L_0000029d8edfc450;  1 drivers
v0000029d8ed735a0_0 .net "cin", 0 0, L_0000029d8ee00410;  1 drivers
v0000029d8ed740e0_0 .net "cout", 0 0, L_0000029d8ee00730;  1 drivers
v0000029d8ed727e0_0 .net "g", 3 0, L_0000029d8ee1b550;  1 drivers
v0000029d8ed736e0_0 .net "group_G", 0 0, L_0000029d8ee1ae50;  1 drivers
v0000029d8ed72740_0 .net "group_P", 0 0, L_0000029d8ee1c510;  1 drivers
v0000029d8ed72a60_0 .net "p", 3 0, L_0000029d8ee1bb00;  1 drivers
v0000029d8ed73140_0 .net "sum", 3 0, L_0000029d8ee1b470;  1 drivers
L_0000029d8edfe110 .part L_0000029d8ee1b550, 0, 1;
L_0000029d8edfd8f0 .part L_0000029d8ee1bb00, 0, 1;
L_0000029d8edfc810 .part L_0000029d8edfc450, 0, 1;
L_0000029d8edfc4f0 .part L_0000029d8ee1b550, 1, 1;
L_0000029d8edfcf90 .part L_0000029d8ee1bb00, 1, 1;
L_0000029d8edfda30 .part L_0000029d8ee1b550, 0, 1;
L_0000029d8edfbeb0 .part L_0000029d8ee1bb00, 1, 1;
L_0000029d8edfd170 .part L_0000029d8ee1bb00, 0, 1;
L_0000029d8edfbaf0 .part L_0000029d8edfc450, 0, 1;
L_0000029d8edfdb70 .part L_0000029d8ee1b550, 2, 1;
L_0000029d8edfdc10 .part L_0000029d8ee1bb00, 2, 1;
L_0000029d8edfd350 .part L_0000029d8ee1b550, 1, 1;
L_0000029d8edfd490 .part L_0000029d8ee1bb00, 2, 1;
L_0000029d8edfce50 .part L_0000029d8ee1bb00, 1, 1;
L_0000029d8edfc770 .part L_0000029d8ee1b550, 0, 1;
L_0000029d8edfbff0 .part L_0000029d8ee1bb00, 2, 1;
L_0000029d8edfc090 .part L_0000029d8ee1bb00, 1, 1;
L_0000029d8edfc270 .part L_0000029d8ee1bb00, 0, 1;
L_0000029d8edfc310 .part L_0000029d8edfc450, 0, 1;
LS_0000029d8edfc450_0_0 .concat8 [ 1 1 1 1], L_0000029d8ee1ad70, L_0000029d8ee1af30, L_0000029d8ee1b400, L_0000029d8ee1b390;
LS_0000029d8edfc450_0_4 .concat8 [ 1 0 0 0], L_0000029d8ee1b320;
L_0000029d8edfc450 .concat8 [ 4 1 0 0], LS_0000029d8edfc450_0_0, LS_0000029d8edfc450_0_4;
L_0000029d8edfcb30 .part L_0000029d8ee1b550, 3, 1;
L_0000029d8edfc3b0 .part L_0000029d8ee1bb00, 3, 1;
L_0000029d8edfc590 .part L_0000029d8ee1b550, 2, 1;
L_0000029d8edfc630 .part L_0000029d8ee1bb00, 3, 1;
L_0000029d8edfc6d0 .part L_0000029d8ee1bb00, 2, 1;
L_0000029d8edfd0d0 .part L_0000029d8ee1b550, 1, 1;
L_0000029d8edfcbd0 .part L_0000029d8ee1bb00, 3, 1;
L_0000029d8edfcc70 .part L_0000029d8ee1bb00, 2, 1;
L_0000029d8edfcef0 .part L_0000029d8ee1bb00, 1, 1;
L_0000029d8edfd030 .part L_0000029d8ee1b550, 0, 1;
L_0000029d8edfd530 .part L_0000029d8ee1bb00, 3, 1;
L_0000029d8edfd210 .part L_0000029d8ee1bb00, 2, 1;
L_0000029d8edfe430 .part L_0000029d8ee1bb00, 1, 1;
L_0000029d8edfe390 .part L_0000029d8ee1bb00, 0, 1;
L_0000029d8edfe930 .part L_0000029d8edfc450, 0, 1;
L_0000029d8edffc90 .part L_0000029d8ee1bb00, 3, 1;
L_0000029d8ee00870 .part L_0000029d8ee1bb00, 2, 1;
L_0000029d8edff290 .part L_0000029d8ee1bb00, 1, 1;
L_0000029d8edff3d0 .part L_0000029d8ee1bb00, 0, 1;
L_0000029d8ee00230 .part L_0000029d8ee1b550, 3, 1;
L_0000029d8edfef70 .part L_0000029d8ee1bb00, 3, 1;
L_0000029d8ee00690 .part L_0000029d8ee1b550, 2, 1;
L_0000029d8edfee30 .part L_0000029d8ee1bb00, 3, 1;
L_0000029d8ee00370 .part L_0000029d8ee1bb00, 2, 1;
L_0000029d8edff010 .part L_0000029d8ee1b550, 1, 1;
L_0000029d8edff150 .part L_0000029d8ee1bb00, 3, 1;
L_0000029d8ee002d0 .part L_0000029d8ee1bb00, 2, 1;
L_0000029d8edfeed0 .part L_0000029d8ee1bb00, 1, 1;
L_0000029d8ee00550 .part L_0000029d8ee1b550, 0, 1;
L_0000029d8ee00190 .part L_0000029d8edfc450, 0, 4;
L_0000029d8ee00730 .part L_0000029d8edfc450, 4, 1;
S_0000029d8e9f4a50 .scope generate, "cla4_blocks[3]" "cla4_blocks[3]" 5 32, 5 32 0, S_0000029d8e9efa40;
 .timescale -9 -12;
P_0000029d8ece3550 .param/l "i" 0 5 32, +C4<011>;
S_0000029d8e9f4be0 .scope module, "block" "cla_4bit" 5 33, 6 3 0, S_0000029d8e9f4a50;
 .timescale -9 -12;
    .port_info 0 /INPUT 4 "a";
    .port_info 1 /INPUT 4 "b";
    .port_info 2 /INPUT 1 "cin";
    .port_info 3 /OUTPUT 4 "sum";
    .port_info 4 /OUTPUT 1 "group_G";
    .port_info 5 /OUTPUT 1 "group_P";
    .port_info 6 /OUTPUT 1 "cout";
L_0000029d8ee1aec0 .functor AND 4, L_0000029d8ee02710, L_0000029d8ee01ef0, C4<1111>, C4<1111>;
L_0000029d8ee1c580 .functor XOR 4, L_0000029d8ee02710, L_0000029d8ee01ef0, C4<0000>, C4<0000>;
L_0000029d8ee1b4e0 .functor BUFZ 1, L_0000029d8ee02df0, C4<0>, C4<0>, C4<0>;
L_0000029d8ee1afa0 .functor AND 1, L_0000029d8edfe1b0, L_0000029d8edfed90, C4<1>, C4<1>;
L_0000029d8ee1b010 .functor OR 1, L_0000029d8edff470, L_0000029d8ee1afa0, C4<0>, C4<0>;
L_0000029d8ee1b5c0 .functor AND 1, L_0000029d8edfe4d0, L_0000029d8edfe570, C4<1>, C4<1>;
L_0000029d8ee1b6a0 .functor OR 1, L_0000029d8edff330, L_0000029d8ee1b5c0, C4<0>, C4<0>;
L_0000029d8ee1b710 .functor AND 1, L_0000029d8edff6f0, L_0000029d8edff790, C4<1>, C4<1>;
L_0000029d8ee1bc50 .functor AND 1, L_0000029d8ee1b710, L_0000029d8ee00910, C4<1>, C4<1>;
L_0000029d8ee1b8d0 .functor OR 1, L_0000029d8ee1b6a0, L_0000029d8ee1bc50, C4<0>, C4<0>;
L_0000029d8ee1bcc0 .functor AND 1, L_0000029d8ee000f0, L_0000029d8edfec50, C4<1>, C4<1>;
L_0000029d8ee1b940 .functor OR 1, L_0000029d8edfe9d0, L_0000029d8ee1bcc0, C4<0>, C4<0>;
L_0000029d8ee1c5f0 .functor AND 1, L_0000029d8edff510, L_0000029d8edfff10, C4<1>, C4<1>;
L_0000029d8ee1bd30 .functor AND 1, L_0000029d8ee1c5f0, L_0000029d8edfffb0, C4<1>, C4<1>;
L_0000029d8ee1c200 .functor OR 1, L_0000029d8ee1b940, L_0000029d8ee1bd30, C4<0>, C4<0>;
L_0000029d8ee1c9e0 .functor AND 1, L_0000029d8edffa10, L_0000029d8edff1f0, C4<1>, C4<1>;
L_0000029d8ee1cf90 .functor AND 1, L_0000029d8ee1c9e0, L_0000029d8ee00050, C4<1>, C4<1>;
L_0000029d8ee1d000 .functor AND 1, L_0000029d8ee1cf90, L_0000029d8edfecf0, C4<1>, C4<1>;
L_0000029d8ee1ceb0 .functor OR 1, L_0000029d8ee1c200, L_0000029d8ee1d000, C4<0>, C4<0>;
L_0000029d8ee1cf20 .functor AND 1, L_0000029d8edfe610, L_0000029d8edff650, C4<1>, C4<1>;
L_0000029d8ee1cdd0 .functor OR 1, L_0000029d8edff5b0, L_0000029d8ee1cf20, C4<0>, C4<0>;
L_0000029d8ee1ca50 .functor AND 1, L_0000029d8edff830, L_0000029d8ee007d0, C4<1>, C4<1>;
L_0000029d8ee1d070 .functor AND 1, L_0000029d8ee1ca50, L_0000029d8edffab0, C4<1>, C4<1>;
L_0000029d8ee1ce40 .functor OR 1, L_0000029d8ee1cdd0, L_0000029d8ee1d070, C4<0>, C4<0>;
L_0000029d8ee1c970 .functor AND 1, L_0000029d8ee004b0, L_0000029d8ee005f0, C4<1>, C4<1>;
L_0000029d8ee1cac0 .functor AND 1, L_0000029d8ee1c970, L_0000029d8edffdd0, C4<1>, C4<1>;
L_0000029d8ee1cb30 .functor AND 1, L_0000029d8ee1cac0, L_0000029d8edfe250, C4<1>, C4<1>;
L_0000029d8ee1cba0 .functor OR 1, L_0000029d8ee1ce40, L_0000029d8ee1cb30, C4<0>, C4<0>;
L_0000029d8ee1cc10 .functor AND 1, L_0000029d8edff0b0, L_0000029d8edff8d0, C4<1>, C4<1>;
L_0000029d8ee1cd60 .functor AND 1, L_0000029d8ee1cc10, L_0000029d8edfe6b0, C4<1>, C4<1>;
L_0000029d8ee1cc80 .functor AND 1, L_0000029d8ee1cd60, L_0000029d8edff970, C4<1>, C4<1>;
L_0000029d8ee1ccf0 .functor AND 1, L_0000029d8ee1cc80, L_0000029d8edffb50, C4<1>, C4<1>;
L_0000029d8ee21460 .functor OR 1, L_0000029d8ee1cba0, L_0000029d8ee1ccf0, C4<0>, C4<0>;
L_0000029d8ee21c40 .functor AND 1, L_0000029d8edffbf0, L_0000029d8edfe750, C4<1>, C4<1>;
L_0000029d8ee21070 .functor AND 1, L_0000029d8ee21c40, L_0000029d8edffe70, C4<1>, C4<1>;
L_0000029d8ee22570 .functor AND 1, L_0000029d8ee21070, L_0000029d8edfe7f0, C4<1>, C4<1>;
L_0000029d8ee22420 .functor AND 1, L_0000029d8edfea70, L_0000029d8edfeb10, C4<1>, C4<1>;
L_0000029d8ee21b60 .functor OR 1, L_0000029d8edfe890, L_0000029d8ee22420, C4<0>, C4<0>;
L_0000029d8ee21bd0 .functor AND 1, L_0000029d8ee02c10, L_0000029d8ee03070, C4<1>, C4<1>;
L_0000029d8ee21690 .functor AND 1, L_0000029d8ee21bd0, L_0000029d8ee020d0, C4<1>, C4<1>;
L_0000029d8ee21ee0 .functor OR 1, L_0000029d8ee21b60, L_0000029d8ee21690, C4<0>, C4<0>;
L_0000029d8ee21700 .functor AND 1, L_0000029d8ee00b90, L_0000029d8ee009b0, C4<1>, C4<1>;
L_0000029d8ee21d90 .functor AND 1, L_0000029d8ee21700, L_0000029d8ee00d70, C4<1>, C4<1>;
L_0000029d8ee218c0 .functor AND 1, L_0000029d8ee21d90, L_0000029d8ee01950, C4<1>, C4<1>;
L_0000029d8ee20d60 .functor OR 1, L_0000029d8ee21ee0, L_0000029d8ee218c0, C4<0>, C4<0>;
L_0000029d8ee22340 .functor XOR 4, L_0000029d8ee1c580, L_0000029d8ee018b0, C4<0000>, C4<0000>;
v0000029d8ed73780_0 .net *"_ivl_100", 0 0, L_0000029d8ee007d0;  1 drivers
v0000029d8ed73820_0 .net *"_ivl_101", 0 0, L_0000029d8ee1ca50;  1 drivers
v0000029d8ed72880_0 .net *"_ivl_104", 0 0, L_0000029d8edffab0;  1 drivers
v0000029d8ed72b00_0 .net *"_ivl_105", 0 0, L_0000029d8ee1d070;  1 drivers
v0000029d8ed722e0_0 .net *"_ivl_107", 0 0, L_0000029d8ee1ce40;  1 drivers
v0000029d8ed71ac0_0 .net *"_ivl_11", 0 0, L_0000029d8edff470;  1 drivers
v0000029d8ed73000_0 .net *"_ivl_110", 0 0, L_0000029d8ee004b0;  1 drivers
v0000029d8ed72ba0_0 .net *"_ivl_112", 0 0, L_0000029d8ee005f0;  1 drivers
v0000029d8ed730a0_0 .net *"_ivl_113", 0 0, L_0000029d8ee1c970;  1 drivers
v0000029d8ed71e80_0 .net *"_ivl_116", 0 0, L_0000029d8edffdd0;  1 drivers
v0000029d8ed71fc0_0 .net *"_ivl_117", 0 0, L_0000029d8ee1cac0;  1 drivers
v0000029d8ed72c40_0 .net *"_ivl_120", 0 0, L_0000029d8edfe250;  1 drivers
v0000029d8ed73b40_0 .net *"_ivl_121", 0 0, L_0000029d8ee1cb30;  1 drivers
v0000029d8ed73be0_0 .net *"_ivl_123", 0 0, L_0000029d8ee1cba0;  1 drivers
v0000029d8ed73280_0 .net *"_ivl_126", 0 0, L_0000029d8edff0b0;  1 drivers
v0000029d8ed72d80_0 .net *"_ivl_128", 0 0, L_0000029d8edff8d0;  1 drivers
v0000029d8ed72ce0_0 .net *"_ivl_129", 0 0, L_0000029d8ee1cc10;  1 drivers
v0000029d8ed73320_0 .net *"_ivl_13", 0 0, L_0000029d8edfe1b0;  1 drivers
v0000029d8ed72380_0 .net *"_ivl_132", 0 0, L_0000029d8edfe6b0;  1 drivers
v0000029d8ed73d20_0 .net *"_ivl_133", 0 0, L_0000029d8ee1cd60;  1 drivers
v0000029d8ed73dc0_0 .net *"_ivl_136", 0 0, L_0000029d8edff970;  1 drivers
v0000029d8ed71de0_0 .net *"_ivl_137", 0 0, L_0000029d8ee1cc80;  1 drivers
v0000029d8ed72e20_0 .net *"_ivl_140", 0 0, L_0000029d8edffb50;  1 drivers
v0000029d8ed72420_0 .net *"_ivl_141", 0 0, L_0000029d8ee1ccf0;  1 drivers
v0000029d8ed71f20_0 .net *"_ivl_143", 0 0, L_0000029d8ee21460;  1 drivers
v0000029d8ed74040_0 .net *"_ivl_146", 0 0, L_0000029d8edffbf0;  1 drivers
v0000029d8ed724c0_0 .net *"_ivl_148", 0 0, L_0000029d8edfe750;  1 drivers
v0000029d8ed73f00_0 .net *"_ivl_149", 0 0, L_0000029d8ee21c40;  1 drivers
v0000029d8ed73fa0_0 .net *"_ivl_15", 0 0, L_0000029d8edfed90;  1 drivers
v0000029d8ed71980_0 .net *"_ivl_152", 0 0, L_0000029d8edffe70;  1 drivers
v0000029d8ed731e0_0 .net *"_ivl_153", 0 0, L_0000029d8ee21070;  1 drivers
v0000029d8ed72560_0 .net *"_ivl_156", 0 0, L_0000029d8edfe7f0;  1 drivers
v0000029d8ed71a20_0 .net *"_ivl_16", 0 0, L_0000029d8ee1afa0;  1 drivers
v0000029d8ed72060_0 .net *"_ivl_160", 0 0, L_0000029d8edfe890;  1 drivers
v0000029d8ed75ee0_0 .net *"_ivl_162", 0 0, L_0000029d8edfea70;  1 drivers
v0000029d8ed75d00_0 .net *"_ivl_164", 0 0, L_0000029d8edfeb10;  1 drivers
v0000029d8ed76160_0 .net *"_ivl_165", 0 0, L_0000029d8ee22420;  1 drivers
v0000029d8ed76480_0 .net *"_ivl_167", 0 0, L_0000029d8ee21b60;  1 drivers
v0000029d8ed76520_0 .net *"_ivl_170", 0 0, L_0000029d8ee02c10;  1 drivers
v0000029d8ed758a0_0 .net *"_ivl_172", 0 0, L_0000029d8ee03070;  1 drivers
v0000029d8ed74360_0 .net *"_ivl_173", 0 0, L_0000029d8ee21bd0;  1 drivers
v0000029d8ed75580_0 .net *"_ivl_176", 0 0, L_0000029d8ee020d0;  1 drivers
v0000029d8ed76200_0 .net *"_ivl_177", 0 0, L_0000029d8ee21690;  1 drivers
v0000029d8ed75120_0 .net *"_ivl_179", 0 0, L_0000029d8ee21ee0;  1 drivers
v0000029d8ed74400_0 .net *"_ivl_18", 0 0, L_0000029d8ee1b010;  1 drivers
v0000029d8ed76660_0 .net *"_ivl_182", 0 0, L_0000029d8ee00b90;  1 drivers
v0000029d8ed744a0_0 .net *"_ivl_184", 0 0, L_0000029d8ee009b0;  1 drivers
v0000029d8ed765c0_0 .net *"_ivl_185", 0 0, L_0000029d8ee21700;  1 drivers
v0000029d8ed760c0_0 .net *"_ivl_188", 0 0, L_0000029d8ee00d70;  1 drivers
v0000029d8ed74e00_0 .net *"_ivl_189", 0 0, L_0000029d8ee21d90;  1 drivers
v0000029d8ed756c0_0 .net *"_ivl_192", 0 0, L_0000029d8ee01950;  1 drivers
v0000029d8ed74540_0 .net *"_ivl_193", 0 0, L_0000029d8ee218c0;  1 drivers
v0000029d8ed75da0_0 .net *"_ivl_198", 3 0, L_0000029d8ee018b0;  1 drivers
v0000029d8ed75bc0_0 .net *"_ivl_23", 0 0, L_0000029d8edff330;  1 drivers
v0000029d8ed74900_0 .net *"_ivl_25", 0 0, L_0000029d8edfe4d0;  1 drivers
v0000029d8ed762a0_0 .net *"_ivl_27", 0 0, L_0000029d8edfe570;  1 drivers
v0000029d8ed751c0_0 .net *"_ivl_28", 0 0, L_0000029d8ee1b5c0;  1 drivers
v0000029d8ed76340_0 .net *"_ivl_30", 0 0, L_0000029d8ee1b6a0;  1 drivers
v0000029d8ed75c60_0 .net *"_ivl_33", 0 0, L_0000029d8edff6f0;  1 drivers
v0000029d8ed74ea0_0 .net *"_ivl_35", 0 0, L_0000029d8edff790;  1 drivers
v0000029d8ed745e0_0 .net *"_ivl_36", 0 0, L_0000029d8ee1b710;  1 drivers
v0000029d8ed749a0_0 .net *"_ivl_39", 0 0, L_0000029d8ee00910;  1 drivers
v0000029d8ed75760_0 .net *"_ivl_40", 0 0, L_0000029d8ee1bc50;  1 drivers
v0000029d8ed74a40_0 .net *"_ivl_42", 0 0, L_0000029d8ee1b8d0;  1 drivers
v0000029d8ed75e40_0 .net *"_ivl_47", 0 0, L_0000029d8edfe9d0;  1 drivers
v0000029d8ed75f80_0 .net *"_ivl_49", 0 0, L_0000029d8ee000f0;  1 drivers
v0000029d8ed74ae0_0 .net *"_ivl_51", 0 0, L_0000029d8edfec50;  1 drivers
v0000029d8ed76020_0 .net *"_ivl_52", 0 0, L_0000029d8ee1bcc0;  1 drivers
v0000029d8ed74f40_0 .net *"_ivl_54", 0 0, L_0000029d8ee1b940;  1 drivers
v0000029d8ed763e0_0 .net *"_ivl_57", 0 0, L_0000029d8edff510;  1 drivers
v0000029d8ed76700_0 .net *"_ivl_59", 0 0, L_0000029d8edfff10;  1 drivers
v0000029d8ed75a80_0 .net *"_ivl_60", 0 0, L_0000029d8ee1c5f0;  1 drivers
v0000029d8ed74180_0 .net *"_ivl_63", 0 0, L_0000029d8edfffb0;  1 drivers
v0000029d8ed74220_0 .net *"_ivl_64", 0 0, L_0000029d8ee1bd30;  1 drivers
v0000029d8ed75b20_0 .net *"_ivl_66", 0 0, L_0000029d8ee1c200;  1 drivers
v0000029d8ed75940_0 .net *"_ivl_69", 0 0, L_0000029d8edffa10;  1 drivers
v0000029d8ed742c0_0 .net *"_ivl_7", 0 0, L_0000029d8ee1b4e0;  1 drivers
v0000029d8ed74680_0 .net *"_ivl_71", 0 0, L_0000029d8edff1f0;  1 drivers
v0000029d8ed767a0_0 .net *"_ivl_72", 0 0, L_0000029d8ee1c9e0;  1 drivers
v0000029d8ed74d60_0 .net *"_ivl_75", 0 0, L_0000029d8ee00050;  1 drivers
v0000029d8ed76840_0 .net *"_ivl_76", 0 0, L_0000029d8ee1cf90;  1 drivers
v0000029d8ed753a0_0 .net *"_ivl_79", 0 0, L_0000029d8edfecf0;  1 drivers
v0000029d8ed768e0_0 .net *"_ivl_80", 0 0, L_0000029d8ee1d000;  1 drivers
v0000029d8ed74720_0 .net *"_ivl_82", 0 0, L_0000029d8ee1ceb0;  1 drivers
v0000029d8ed75800_0 .net *"_ivl_88", 0 0, L_0000029d8edff5b0;  1 drivers
v0000029d8ed75260_0 .net *"_ivl_90", 0 0, L_0000029d8edfe610;  1 drivers
v0000029d8ed759e0_0 .net *"_ivl_92", 0 0, L_0000029d8edff650;  1 drivers
v0000029d8ed75300_0 .net *"_ivl_93", 0 0, L_0000029d8ee1cf20;  1 drivers
v0000029d8ed75440_0 .net *"_ivl_95", 0 0, L_0000029d8ee1cdd0;  1 drivers
v0000029d8ed75080_0 .net *"_ivl_98", 0 0, L_0000029d8edff830;  1 drivers
v0000029d8ed747c0_0 .net "a", 3 0, L_0000029d8ee02710;  1 drivers
v0000029d8ed74860_0 .net "b", 3 0, L_0000029d8ee01ef0;  1 drivers
v0000029d8ed74b80_0 .net "c", 4 0, L_0000029d8edffd30;  1 drivers
v0000029d8ed74c20_0 .net "cin", 0 0, L_0000029d8ee02df0;  1 drivers
v0000029d8ed74cc0_0 .net "cout", 0 0, L_0000029d8ee023f0;  1 drivers
v0000029d8ed74fe0_0 .net "g", 3 0, L_0000029d8ee1aec0;  1 drivers
v0000029d8ed754e0_0 .net "group_G", 0 0, L_0000029d8ee20d60;  1 drivers
v0000029d8ed75620_0 .net "group_P", 0 0, L_0000029d8ee22570;  1 drivers
v0000029d8ed771a0_0 .net "p", 3 0, L_0000029d8ee1c580;  1 drivers
v0000029d8ed78640_0 .net "sum", 3 0, L_0000029d8ee22340;  1 drivers
L_0000029d8edff470 .part L_0000029d8ee1aec0, 0, 1;
L_0000029d8edfe1b0 .part L_0000029d8ee1c580, 0, 1;
L_0000029d8edfed90 .part L_0000029d8edffd30, 0, 1;
L_0000029d8edff330 .part L_0000029d8ee1aec0, 1, 1;
L_0000029d8edfe4d0 .part L_0000029d8ee1c580, 1, 1;
L_0000029d8edfe570 .part L_0000029d8ee1aec0, 0, 1;
L_0000029d8edff6f0 .part L_0000029d8ee1c580, 1, 1;
L_0000029d8edff790 .part L_0000029d8ee1c580, 0, 1;
L_0000029d8ee00910 .part L_0000029d8edffd30, 0, 1;
L_0000029d8edfe9d0 .part L_0000029d8ee1aec0, 2, 1;
L_0000029d8ee000f0 .part L_0000029d8ee1c580, 2, 1;
L_0000029d8edfec50 .part L_0000029d8ee1aec0, 1, 1;
L_0000029d8edff510 .part L_0000029d8ee1c580, 2, 1;
L_0000029d8edfff10 .part L_0000029d8ee1c580, 1, 1;
L_0000029d8edfffb0 .part L_0000029d8ee1aec0, 0, 1;
L_0000029d8edffa10 .part L_0000029d8ee1c580, 2, 1;
L_0000029d8edff1f0 .part L_0000029d8ee1c580, 1, 1;
L_0000029d8ee00050 .part L_0000029d8ee1c580, 0, 1;
L_0000029d8edfecf0 .part L_0000029d8edffd30, 0, 1;
LS_0000029d8edffd30_0_0 .concat8 [ 1 1 1 1], L_0000029d8ee1b4e0, L_0000029d8ee1b010, L_0000029d8ee1b8d0, L_0000029d8ee1ceb0;
LS_0000029d8edffd30_0_4 .concat8 [ 1 0 0 0], L_0000029d8ee21460;
L_0000029d8edffd30 .concat8 [ 4 1 0 0], LS_0000029d8edffd30_0_0, LS_0000029d8edffd30_0_4;
L_0000029d8edff5b0 .part L_0000029d8ee1aec0, 3, 1;
L_0000029d8edfe610 .part L_0000029d8ee1c580, 3, 1;
L_0000029d8edff650 .part L_0000029d8ee1aec0, 2, 1;
L_0000029d8edff830 .part L_0000029d8ee1c580, 3, 1;
L_0000029d8ee007d0 .part L_0000029d8ee1c580, 2, 1;
L_0000029d8edffab0 .part L_0000029d8ee1aec0, 1, 1;
L_0000029d8ee004b0 .part L_0000029d8ee1c580, 3, 1;
L_0000029d8ee005f0 .part L_0000029d8ee1c580, 2, 1;
L_0000029d8edffdd0 .part L_0000029d8ee1c580, 1, 1;
L_0000029d8edfe250 .part L_0000029d8ee1aec0, 0, 1;
L_0000029d8edff0b0 .part L_0000029d8ee1c580, 3, 1;
L_0000029d8edff8d0 .part L_0000029d8ee1c580, 2, 1;
L_0000029d8edfe6b0 .part L_0000029d8ee1c580, 1, 1;
L_0000029d8edff970 .part L_0000029d8ee1c580, 0, 1;
L_0000029d8edffb50 .part L_0000029d8edffd30, 0, 1;
L_0000029d8edffbf0 .part L_0000029d8ee1c580, 3, 1;
L_0000029d8edfe750 .part L_0000029d8ee1c580, 2, 1;
L_0000029d8edffe70 .part L_0000029d8ee1c580, 1, 1;
L_0000029d8edfe7f0 .part L_0000029d8ee1c580, 0, 1;
L_0000029d8edfe890 .part L_0000029d8ee1aec0, 3, 1;
L_0000029d8edfea70 .part L_0000029d8ee1c580, 3, 1;
L_0000029d8edfeb10 .part L_0000029d8ee1aec0, 2, 1;
L_0000029d8ee02c10 .part L_0000029d8ee1c580, 3, 1;
L_0000029d8ee03070 .part L_0000029d8ee1c580, 2, 1;
L_0000029d8ee020d0 .part L_0000029d8ee1aec0, 1, 1;
L_0000029d8ee00b90 .part L_0000029d8ee1c580, 3, 1;
L_0000029d8ee009b0 .part L_0000029d8ee1c580, 2, 1;
L_0000029d8ee00d70 .part L_0000029d8ee1c580, 1, 1;
L_0000029d8ee01950 .part L_0000029d8ee1aec0, 0, 1;
L_0000029d8ee018b0 .part L_0000029d8edffd30, 0, 4;
L_0000029d8ee023f0 .part L_0000029d8edffd30, 4, 1;
S_0000029d8ed82120 .scope module, "cla_upper" "cla_16bit" 4 38, 5 3 0, S_0000029d8e9ef8b0;
 .timescale -9 -12;
    .port_info 0 /INPUT 16 "a";
    .port_info 1 /INPUT 16 "b";
    .port_info 2 /INPUT 1 "cin";
    .port_info 3 /OUTPUT 16 "sum";
    .port_info 4 /OUTPUT 1 "group_G";
    .port_info 5 /OUTPUT 1 "group_P";
    .port_info 6 /OUTPUT 1 "cout";
    .port_info 7 /OUTPUT 1 "overflow";
L_0000029d8ee2b600 .functor BUFZ 1, L_0000029d8ecd3540, C4<0>, C4<0>, C4<0>;
L_0000029d8ee2b6e0 .functor AND 1, L_0000029d8ee0aaf0, L_0000029d8ee0b590, C4<1>, C4<1>;
L_0000029d8ee251d0 .functor OR 1, L_0000029d8ee0cfd0, L_0000029d8ee2b6e0, C4<0>, C4<0>;
L_0000029d8ee23bf0 .functor AND 1, L_0000029d8ee0acd0, L_0000029d8ee0ae10, C4<1>, C4<1>;
L_0000029d8ee24fa0 .functor OR 1, L_0000029d8ee0b950, L_0000029d8ee23bf0, C4<0>, C4<0>;
L_0000029d8ee243d0 .functor AND 1, L_0000029d8ee0d070, L_0000029d8ee0bd10, C4<1>, C4<1>;
L_0000029d8ee24de0 .functor AND 1, L_0000029d8ee243d0, L_0000029d8ee0d110, C4<1>, C4<1>;
L_0000029d8ee252b0 .functor OR 1, L_0000029d8ee24fa0, L_0000029d8ee24de0, C4<0>, C4<0>;
L_0000029d8ee23e90 .functor AND 1, L_0000029d8ee0b9f0, L_0000029d8ee0cc10, C4<1>, C4<1>;
L_0000029d8ee24d00 .functor OR 1, L_0000029d8ee0ad70, L_0000029d8ee23e90, C4<0>, C4<0>;
L_0000029d8ee24050 .functor AND 1, L_0000029d8ee0c710, L_0000029d8ee0aeb0, C4<1>, C4<1>;
L_0000029d8ee23c60 .functor AND 1, L_0000029d8ee24050, L_0000029d8ee0af50, C4<1>, C4<1>;
L_0000029d8ee24e50 .functor OR 1, L_0000029d8ee24d00, L_0000029d8ee23c60, C4<0>, C4<0>;
L_0000029d8ee24f30 .functor AND 1, L_0000029d8ee0c0d0, L_0000029d8ee0c350, C4<1>, C4<1>;
L_0000029d8ee23cd0 .functor AND 1, L_0000029d8ee24f30, L_0000029d8ee0ccb0, C4<1>, C4<1>;
L_0000029d8ee25470 .functor AND 1, L_0000029d8ee23cd0, L_0000029d8ee0c3f0, C4<1>, C4<1>;
L_0000029d8ee247c0 .functor OR 1, L_0000029d8ee24e50, L_0000029d8ee25470, C4<0>, C4<0>;
L_0000029d8ee24980 .functor AND 1, L_0000029d8ee0aff0, L_0000029d8ee0bf90, C4<1>, C4<1>;
L_0000029d8ee25010 .functor OR 1, L_0000029d8ee0b630, L_0000029d8ee24980, C4<0>, C4<0>;
L_0000029d8ee23f00 .functor AND 1, L_0000029d8ee0c030, L_0000029d8ee0b090, C4<1>, C4<1>;
L_0000029d8ee250f0 .functor AND 1, L_0000029d8ee23f00, L_0000029d8ee0bb30, C4<1>, C4<1>;
L_0000029d8ee248a0 .functor OR 1, L_0000029d8ee25010, L_0000029d8ee250f0, C4<0>, C4<0>;
L_0000029d8ee25080 .functor AND 1, L_0000029d8ee0c8f0, L_0000029d8ee0c990, C4<1>, C4<1>;
L_0000029d8ee244b0 .functor AND 1, L_0000029d8ee25080, L_0000029d8ee0c170, C4<1>, C4<1>;
L_0000029d8ee23d40 .functor AND 1, L_0000029d8ee244b0, L_0000029d8ee0bbd0, C4<1>, C4<1>;
L_0000029d8ee24520 .functor OR 1, L_0000029d8ee248a0, L_0000029d8ee23d40, C4<0>, C4<0>;
L_0000029d8ee254e0 .functor AND 1, L_0000029d8ee0c210, L_0000029d8ee0ca30, C4<1>, C4<1>;
L_0000029d8ee23a30 .functor AND 1, L_0000029d8ee254e0, L_0000029d8ee0b3b0, C4<1>, C4<1>;
L_0000029d8ee24d70 .functor AND 1, L_0000029d8ee23a30, L_0000029d8ee0f230, C4<1>, C4<1>;
L_0000029d8ee23950 .functor AND 1, L_0000029d8ee24d70, L_0000029d8ee0e650, C4<1>, C4<1>;
L_0000029d8ee23db0 .functor OR 1, L_0000029d8ee24520, L_0000029d8ee23950, C4<0>, C4<0>;
L_0000029d8ee23e20 .functor AND 1, L_0000029d8ee0db10, L_0000029d8ee0e830, C4<1>, C4<1>;
L_0000029d8ee24360 .functor OR 1, L_0000029d8ee0e790, L_0000029d8ee23e20, C4<0>, C4<0>;
L_0000029d8ee25390 .functor AND 1, L_0000029d8ee0d930, L_0000029d8ee0dc50, C4<1>, C4<1>;
L_0000029d8ee23fe0 .functor AND 1, L_0000029d8ee25390, L_0000029d8ee0edd0, C4<1>, C4<1>;
L_0000029d8ee239c0 .functor OR 1, L_0000029d8ee24360, L_0000029d8ee23fe0, C4<0>, C4<0>;
L_0000029d8ee24600 .functor AND 1, L_0000029d8ee0e970, L_0000029d8ee0e8d0, C4<1>, C4<1>;
L_0000029d8ee23f70 .functor AND 1, L_0000029d8ee24600, L_0000029d8ee0efb0, C4<1>, C4<1>;
L_0000029d8ee24670 .functor AND 1, L_0000029d8ee23f70, L_0000029d8ee0d1b0, C4<1>, C4<1>;
L_0000029d8ee240c0 .functor OR 1, L_0000029d8ee239c0, L_0000029d8ee24670, C4<0>, C4<0>;
L_0000029d8ee23aa0 .functor XNOR 1, L_0000029d8ee0f050, L_0000029d8ee0e5b0, C4<0>, C4<0>;
L_0000029d8ee25320 .functor XOR 1, L_0000029d8ee0e470, L_0000029d8ee0e0b0, C4<0>, C4<0>;
L_0000029d8ee24bb0 .functor AND 1, L_0000029d8ee23aa0, L_0000029d8ee25320, C4<1>, C4<1>;
v0000029d8ed9a560_0 .net *"_ivl_101", 0 0, L_0000029d8ee24e50;  1 drivers
v0000029d8ed9b140_0 .net *"_ivl_104", 0 0, L_0000029d8ee0c0d0;  1 drivers
v0000029d8ed9a600_0 .net *"_ivl_106", 0 0, L_0000029d8ee0c350;  1 drivers
v0000029d8ed9aec0_0 .net *"_ivl_107", 0 0, L_0000029d8ee24f30;  1 drivers
v0000029d8ed9a920_0 .net *"_ivl_110", 0 0, L_0000029d8ee0ccb0;  1 drivers
v0000029d8ed9baa0_0 .net *"_ivl_111", 0 0, L_0000029d8ee23cd0;  1 drivers
v0000029d8ed9b500_0 .net *"_ivl_114", 0 0, L_0000029d8ee0c3f0;  1 drivers
v0000029d8ed9bb40_0 .net *"_ivl_115", 0 0, L_0000029d8ee25470;  1 drivers
v0000029d8ed9b640_0 .net *"_ivl_117", 0 0, L_0000029d8ee247c0;  1 drivers
v0000029d8ed9aba0_0 .net *"_ivl_123", 0 0, L_0000029d8ee0b630;  1 drivers
v0000029d8ed9b6e0_0 .net *"_ivl_125", 0 0, L_0000029d8ee0aff0;  1 drivers
v0000029d8ed9c040_0 .net *"_ivl_127", 0 0, L_0000029d8ee0bf90;  1 drivers
v0000029d8ed9bfa0_0 .net *"_ivl_128", 0 0, L_0000029d8ee24980;  1 drivers
v0000029d8ed9be60_0 .net *"_ivl_130", 0 0, L_0000029d8ee25010;  1 drivers
v0000029d8ed9b960_0 .net *"_ivl_133", 0 0, L_0000029d8ee0c030;  1 drivers
v0000029d8ed9ace0_0 .net *"_ivl_135", 0 0, L_0000029d8ee0b090;  1 drivers
v0000029d8ed9b000_0 .net *"_ivl_136", 0 0, L_0000029d8ee23f00;  1 drivers
v0000029d8ed9ccc0_0 .net *"_ivl_139", 0 0, L_0000029d8ee0bb30;  1 drivers
v0000029d8ed9c2c0_0 .net *"_ivl_140", 0 0, L_0000029d8ee250f0;  1 drivers
v0000029d8ed9c5e0_0 .net *"_ivl_142", 0 0, L_0000029d8ee248a0;  1 drivers
v0000029d8ed9aa60_0 .net *"_ivl_145", 0 0, L_0000029d8ee0c8f0;  1 drivers
v0000029d8ed9b5a0_0 .net *"_ivl_147", 0 0, L_0000029d8ee0c990;  1 drivers
v0000029d8ed9b0a0_0 .net *"_ivl_148", 0 0, L_0000029d8ee25080;  1 drivers
v0000029d8ed9ab00_0 .net *"_ivl_151", 0 0, L_0000029d8ee0c170;  1 drivers
v0000029d8ed9a6a0_0 .net *"_ivl_152", 0 0, L_0000029d8ee244b0;  1 drivers
v0000029d8ed9af60_0 .net *"_ivl_155", 0 0, L_0000029d8ee0bbd0;  1 drivers
v0000029d8ed9c0e0_0 .net *"_ivl_156", 0 0, L_0000029d8ee23d40;  1 drivers
v0000029d8ed9c180_0 .net *"_ivl_158", 0 0, L_0000029d8ee24520;  1 drivers
v0000029d8ed9c360_0 .net *"_ivl_161", 0 0, L_0000029d8ee0c210;  1 drivers
v0000029d8ed9b320_0 .net *"_ivl_163", 0 0, L_0000029d8ee0ca30;  1 drivers
v0000029d8ed9bd20_0 .net *"_ivl_164", 0 0, L_0000029d8ee254e0;  1 drivers
v0000029d8ed9c400_0 .net *"_ivl_167", 0 0, L_0000029d8ee0b3b0;  1 drivers
v0000029d8ed9bf00_0 .net *"_ivl_168", 0 0, L_0000029d8ee23a30;  1 drivers
v0000029d8ed9c860_0 .net *"_ivl_171", 0 0, L_0000029d8ee0f230;  1 drivers
v0000029d8ed9c540_0 .net *"_ivl_172", 0 0, L_0000029d8ee24d70;  1 drivers
v0000029d8ed9ad80_0 .net *"_ivl_175", 0 0, L_0000029d8ee0e650;  1 drivers
v0000029d8ed9bbe0_0 .net *"_ivl_176", 0 0, L_0000029d8ee23950;  1 drivers
v0000029d8ed9c680_0 .net *"_ivl_178", 0 0, L_0000029d8ee23db0;  1 drivers
v0000029d8ed9a740_0 .net *"_ivl_183", 0 0, L_0000029d8ee0e790;  1 drivers
v0000029d8ed9c720_0 .net *"_ivl_185", 0 0, L_0000029d8ee0db10;  1 drivers
v0000029d8ed9ba00_0 .net *"_ivl_187", 0 0, L_0000029d8ee0e830;  1 drivers
v0000029d8ed9b1e0_0 .net *"_ivl_188", 0 0, L_0000029d8ee23e20;  1 drivers
v0000029d8ed9bc80_0 .net *"_ivl_190", 0 0, L_0000029d8ee24360;  1 drivers
v0000029d8ed9b3c0_0 .net *"_ivl_193", 0 0, L_0000029d8ee0d930;  1 drivers
v0000029d8ed9b780_0 .net *"_ivl_195", 0 0, L_0000029d8ee0dc50;  1 drivers
v0000029d8ed9b280_0 .net *"_ivl_196", 0 0, L_0000029d8ee25390;  1 drivers
v0000029d8ed9c7c0_0 .net *"_ivl_199", 0 0, L_0000029d8ee0edd0;  1 drivers
v0000029d8ed9bdc0_0 .net *"_ivl_200", 0 0, L_0000029d8ee23fe0;  1 drivers
v0000029d8ed9b460_0 .net *"_ivl_202", 0 0, L_0000029d8ee239c0;  1 drivers
v0000029d8ed9c900_0 .net *"_ivl_205", 0 0, L_0000029d8ee0e970;  1 drivers
v0000029d8ed9c9a0_0 .net *"_ivl_207", 0 0, L_0000029d8ee0e8d0;  1 drivers
v0000029d8ed9b8c0_0 .net *"_ivl_208", 0 0, L_0000029d8ee24600;  1 drivers
v0000029d8ed9b820_0 .net *"_ivl_211", 0 0, L_0000029d8ee0efb0;  1 drivers
v0000029d8ed9ca40_0 .net *"_ivl_212", 0 0, L_0000029d8ee23f70;  1 drivers
v0000029d8ed9cae0_0 .net *"_ivl_215", 0 0, L_0000029d8ee0d1b0;  1 drivers
v0000029d8ed9cb80_0 .net *"_ivl_216", 0 0, L_0000029d8ee24670;  1 drivers
v0000029d8ed9a7e0_0 .net *"_ivl_223", 0 0, L_0000029d8ee0f050;  1 drivers
v0000029d8ed9a880_0 .net *"_ivl_225", 0 0, L_0000029d8ee0e5b0;  1 drivers
v0000029d8ed9de40_0 .net *"_ivl_226", 0 0, L_0000029d8ee23aa0;  1 drivers
v0000029d8ed9dc60_0 .net *"_ivl_229", 0 0, L_0000029d8ee0e470;  1 drivers
v0000029d8ed9e7a0_0 .net *"_ivl_231", 0 0, L_0000029d8ee0e0b0;  1 drivers
v0000029d8ed9e020_0 .net *"_ivl_232", 0 0, L_0000029d8ee25320;  1 drivers
v0000029d8ed9dd00_0 .net *"_ivl_42", 0 0, L_0000029d8ee2b600;  1 drivers
v0000029d8ed9eca0_0 .net *"_ivl_46", 0 0, L_0000029d8ee0cfd0;  1 drivers
v0000029d8ed9e840_0 .net *"_ivl_48", 0 0, L_0000029d8ee0aaf0;  1 drivers
v0000029d8ed9da80_0 .net *"_ivl_50", 0 0, L_0000029d8ee0b590;  1 drivers
v0000029d8ed9d1c0_0 .net *"_ivl_51", 0 0, L_0000029d8ee2b6e0;  1 drivers
v0000029d8ed9f2e0_0 .net *"_ivl_53", 0 0, L_0000029d8ee251d0;  1 drivers
v0000029d8ed9e700_0 .net *"_ivl_58", 0 0, L_0000029d8ee0b950;  1 drivers
v0000029d8ed9d620_0 .net *"_ivl_60", 0 0, L_0000029d8ee0acd0;  1 drivers
v0000029d8ed9ea20_0 .net *"_ivl_62", 0 0, L_0000029d8ee0ae10;  1 drivers
v0000029d8ed9e8e0_0 .net *"_ivl_63", 0 0, L_0000029d8ee23bf0;  1 drivers
v0000029d8ed9d4e0_0 .net *"_ivl_65", 0 0, L_0000029d8ee24fa0;  1 drivers
v0000029d8ed9e980_0 .net *"_ivl_68", 0 0, L_0000029d8ee0d070;  1 drivers
v0000029d8ed9e5c0_0 .net *"_ivl_70", 0 0, L_0000029d8ee0bd10;  1 drivers
v0000029d8ed9cf40_0 .net *"_ivl_71", 0 0, L_0000029d8ee243d0;  1 drivers
v0000029d8ed9eac0_0 .net *"_ivl_74", 0 0, L_0000029d8ee0d110;  1 drivers
v0000029d8ed9e660_0 .net *"_ivl_75", 0 0, L_0000029d8ee24de0;  1 drivers
v0000029d8ed9cd60_0 .net *"_ivl_77", 0 0, L_0000029d8ee252b0;  1 drivers
v0000029d8ed9ce00_0 .net *"_ivl_82", 0 0, L_0000029d8ee0ad70;  1 drivers
v0000029d8ed9eb60_0 .net *"_ivl_84", 0 0, L_0000029d8ee0b9f0;  1 drivers
v0000029d8ed9dee0_0 .net *"_ivl_86", 0 0, L_0000029d8ee0cc10;  1 drivers
v0000029d8ed9e0c0_0 .net *"_ivl_87", 0 0, L_0000029d8ee23e90;  1 drivers
v0000029d8ed9df80_0 .net *"_ivl_89", 0 0, L_0000029d8ee24d00;  1 drivers
v0000029d8ed9f380_0 .net *"_ivl_92", 0 0, L_0000029d8ee0c710;  1 drivers
v0000029d8ed9f240_0 .net *"_ivl_94", 0 0, L_0000029d8ee0aeb0;  1 drivers
v0000029d8ed9efc0_0 .net *"_ivl_95", 0 0, L_0000029d8ee24050;  1 drivers
v0000029d8ed9dbc0_0 .net *"_ivl_98", 0 0, L_0000029d8ee0af50;  1 drivers
v0000029d8ed9d3a0_0 .net *"_ivl_99", 0 0, L_0000029d8ee23c60;  1 drivers
v0000029d8ed9e480_0 .net "a", 15 0, L_0000029d8ee0e6f0;  1 drivers
v0000029d8ed9ec00_0 .net "b", 15 0, L_0000029d8ee0d2f0;  1 drivers
v0000029d8ed9cea0_0 .net "c", 4 0, L_0000029d8ee0bef0;  1 drivers
v0000029d8ed9d300_0 .net "cin", 0 0, L_0000029d8ecd3540;  alias, 1 drivers
v0000029d8ed9dda0_0 .net "cout", 0 0, L_0000029d8ee0d7f0;  1 drivers
v0000029d8ed9ef20_0 .net "gg", 3 0, L_0000029d8ee0cd50;  1 drivers
v0000029d8ed9e160_0 .net "gp", 3 0, L_0000029d8ee0c530;  1 drivers
v0000029d8ed9ed40_0 .net "group_G", 0 0, L_0000029d8ee240c0;  1 drivers
v0000029d8ed9d120_0 .net "group_P", 0 0, L_0000029d8ee0e330;  1 drivers
v0000029d8ed9ede0_0 .net "overflow", 0 0, L_0000029d8ee24bb0;  1 drivers
v0000029d8ed9e2a0_0 .net "sum", 15 0, L_0000029d8ee0ac30;  1 drivers
L_0000029d8ee045b0 .part L_0000029d8ee0e6f0, 0, 4;
L_0000029d8ee03890 .part L_0000029d8ee0d2f0, 0, 4;
L_0000029d8ee04650 .part L_0000029d8ee0bef0, 0, 1;
L_0000029d8ee05c30 .part L_0000029d8ee0e6f0, 4, 4;
L_0000029d8ee06e50 .part L_0000029d8ee0d2f0, 4, 4;
L_0000029d8ee063b0 .part L_0000029d8ee0bef0, 1, 1;
L_0000029d8ee0a410 .part L_0000029d8ee0e6f0, 8, 4;
L_0000029d8ee082f0 .part L_0000029d8ee0d2f0, 8, 4;
L_0000029d8ee084d0 .part L_0000029d8ee0bef0, 2, 1;
L_0000029d8ee0c2b0 .part L_0000029d8ee0e6f0, 12, 4;
L_0000029d8ee0c670 .part L_0000029d8ee0d2f0, 12, 4;
L_0000029d8ee0cb70 .part L_0000029d8ee0bef0, 3, 1;
L_0000029d8ee0ac30 .concat8 [ 4 4 4 4], L_0000029d8ee1f470, L_0000029d8ee2a5d0, L_0000029d8ee29e60, L_0000029d8ee2b830;
L_0000029d8ee0cd50 .concat8 [ 1 1 1 1], L_0000029d8ee1fef0, L_0000029d8ee29df0, L_0000029d8ee29060, L_0000029d8ee2b2f0;
L_0000029d8ee0c530 .concat8 [ 1 1 1 1], L_0000029d8ee20970, L_0000029d8ee1f630, L_0000029d8ee2a8e0, L_0000029d8ee2b7c0;
L_0000029d8ee0cfd0 .part L_0000029d8ee0cd50, 0, 1;
L_0000029d8ee0aaf0 .part L_0000029d8ee0c530, 0, 1;
L_0000029d8ee0b590 .part L_0000029d8ee0bef0, 0, 1;
L_0000029d8ee0b950 .part L_0000029d8ee0cd50, 1, 1;
L_0000029d8ee0acd0 .part L_0000029d8ee0c530, 1, 1;
L_0000029d8ee0ae10 .part L_0000029d8ee0cd50, 0, 1;
L_0000029d8ee0d070 .part L_0000029d8ee0c530, 1, 1;
L_0000029d8ee0bd10 .part L_0000029d8ee0c530, 0, 1;
L_0000029d8ee0d110 .part L_0000029d8ee0bef0, 0, 1;
L_0000029d8ee0ad70 .part L_0000029d8ee0cd50, 2, 1;
L_0000029d8ee0b9f0 .part L_0000029d8ee0c530, 2, 1;
L_0000029d8ee0cc10 .part L_0000029d8ee0cd50, 1, 1;
L_0000029d8ee0c710 .part L_0000029d8ee0c530, 2, 1;
L_0000029d8ee0aeb0 .part L_0000029d8ee0c530, 1, 1;
L_0000029d8ee0af50 .part L_0000029d8ee0cd50, 0, 1;
L_0000029d8ee0c0d0 .part L_0000029d8ee0c530, 2, 1;
L_0000029d8ee0c350 .part L_0000029d8ee0c530, 1, 1;
L_0000029d8ee0ccb0 .part L_0000029d8ee0c530, 0, 1;
L_0000029d8ee0c3f0 .part L_0000029d8ee0bef0, 0, 1;
LS_0000029d8ee0bef0_0_0 .concat8 [ 1 1 1 1], L_0000029d8ee2b600, L_0000029d8ee251d0, L_0000029d8ee252b0, L_0000029d8ee247c0;
LS_0000029d8ee0bef0_0_4 .concat8 [ 1 0 0 0], L_0000029d8ee23db0;
L_0000029d8ee0bef0 .concat8 [ 4 1 0 0], LS_0000029d8ee0bef0_0_0, LS_0000029d8ee0bef0_0_4;
L_0000029d8ee0b630 .part L_0000029d8ee0cd50, 3, 1;
L_0000029d8ee0aff0 .part L_0000029d8ee0c530, 3, 1;
L_0000029d8ee0bf90 .part L_0000029d8ee0cd50, 2, 1;
L_0000029d8ee0c030 .part L_0000029d8ee0c530, 3, 1;
L_0000029d8ee0b090 .part L_0000029d8ee0c530, 2, 1;
L_0000029d8ee0bb30 .part L_0000029d8ee0cd50, 1, 1;
L_0000029d8ee0c8f0 .part L_0000029d8ee0c530, 3, 1;
L_0000029d8ee0c990 .part L_0000029d8ee0c530, 2, 1;
L_0000029d8ee0c170 .part L_0000029d8ee0c530, 1, 1;
L_0000029d8ee0bbd0 .part L_0000029d8ee0cd50, 0, 1;
L_0000029d8ee0c210 .part L_0000029d8ee0c530, 3, 1;
L_0000029d8ee0ca30 .part L_0000029d8ee0c530, 2, 1;
L_0000029d8ee0b3b0 .part L_0000029d8ee0c530, 1, 1;
L_0000029d8ee0f230 .part L_0000029d8ee0c530, 0, 1;
L_0000029d8ee0e650 .part L_0000029d8ee0bef0, 0, 1;
L_0000029d8ee0e330 .reduce/and L_0000029d8ee0c530;
L_0000029d8ee0e790 .part L_0000029d8ee0cd50, 3, 1;
L_0000029d8ee0db10 .part L_0000029d8ee0c530, 3, 1;
L_0000029d8ee0e830 .part L_0000029d8ee0cd50, 2, 1;
L_0000029d8ee0d930 .part L_0000029d8ee0c530, 3, 1;
L_0000029d8ee0dc50 .part L_0000029d8ee0c530, 2, 1;
L_0000029d8ee0edd0 .part L_0000029d8ee0cd50, 1, 1;
L_0000029d8ee0e970 .part L_0000029d8ee0c530, 3, 1;
L_0000029d8ee0e8d0 .part L_0000029d8ee0c530, 2, 1;
L_0000029d8ee0efb0 .part L_0000029d8ee0c530, 1, 1;
L_0000029d8ee0d1b0 .part L_0000029d8ee0cd50, 0, 1;
L_0000029d8ee0d7f0 .part L_0000029d8ee0bef0, 4, 1;
L_0000029d8ee0f050 .part L_0000029d8ee0e6f0, 15, 1;
L_0000029d8ee0e5b0 .part L_0000029d8ee0d2f0, 15, 1;
L_0000029d8ee0e470 .part L_0000029d8ee0ac30, 15, 1;
L_0000029d8ee0e0b0 .part L_0000029d8ee0e6f0, 15, 1;
S_0000029d8ed92b60 .scope generate, "cla4_blocks[0]" "cla4_blocks[0]" 5 32, 5 32 0, S_0000029d8ed82120;
 .timescale -9 -12;
P_0000029d8ece32d0 .param/l "i" 0 5 32, +C4<00>;
S_0000029d8ed92cf0 .scope module, "block" "cla_4bit" 5 33, 6 3 0, S_0000029d8ed92b60;
 .timescale -9 -12;
    .port_info 0 /INPUT 4 "a";
    .port_info 1 /INPUT 4 "b";
    .port_info 2 /INPUT 1 "cin";
    .port_info 3 /OUTPUT 4 "sum";
    .port_info 4 /OUTPUT 1 "group_G";
    .port_info 5 /OUTPUT 1 "group_P";
    .port_info 6 /OUTPUT 1 "cout";
L_0000029d8ee20ba0 .functor AND 4, L_0000029d8ee045b0, L_0000029d8ee03890, C4<1111>, C4<1111>;
L_0000029d8ee20c10 .functor XOR 4, L_0000029d8ee045b0, L_0000029d8ee03890, C4<0000>, C4<0000>;
L_0000029d8ee20c80 .functor BUFZ 1, L_0000029d8ee04650, C4<0>, C4<0>, C4<0>;
L_0000029d8ee21000 .functor AND 1, L_0000029d8ee031b0, L_0000029d8ee046f0, C4<1>, C4<1>;
L_0000029d8ee21230 .functor OR 1, L_0000029d8ee05230, L_0000029d8ee21000, C4<0>, C4<0>;
L_0000029d8ee212a0 .functor AND 1, L_0000029d8ee03430, L_0000029d8ee04010, C4<1>, C4<1>;
L_0000029d8ee21380 .functor OR 1, L_0000029d8ee04790, L_0000029d8ee212a0, C4<0>, C4<0>;
L_0000029d8ee22880 .functor AND 1, L_0000029d8ee039d0, L_0000029d8ee03250, C4<1>, C4<1>;
L_0000029d8ee22810 .functor AND 1, L_0000029d8ee22880, L_0000029d8ee04330, C4<1>, C4<1>;
L_0000029d8ee22ab0 .functor OR 1, L_0000029d8ee21380, L_0000029d8ee22810, C4<0>, C4<0>;
L_0000029d8ee22c70 .functor AND 1, L_0000029d8ee03930, L_0000029d8ee03bb0, C4<1>, C4<1>;
L_0000029d8ee225e0 .functor OR 1, L_0000029d8ee04dd0, L_0000029d8ee22c70, C4<0>, C4<0>;
L_0000029d8ee22960 .functor AND 1, L_0000029d8ee04ab0, L_0000029d8ee04970, C4<1>, C4<1>;
L_0000029d8ee228f0 .functor AND 1, L_0000029d8ee22960, L_0000029d8ee03f70, C4<1>, C4<1>;
L_0000029d8ee226c0 .functor OR 1, L_0000029d8ee225e0, L_0000029d8ee228f0, C4<0>, C4<0>;
L_0000029d8ee229d0 .functor AND 1, L_0000029d8ee04fb0, L_0000029d8ee052d0, C4<1>, C4<1>;
L_0000029d8ee22a40 .functor AND 1, L_0000029d8ee229d0, L_0000029d8ee05550, C4<1>, C4<1>;
L_0000029d8ee22b20 .functor AND 1, L_0000029d8ee22a40, L_0000029d8ee032f0, C4<1>, C4<1>;
L_0000029d8ee22c00 .functor OR 1, L_0000029d8ee226c0, L_0000029d8ee22b20, C4<0>, C4<0>;
L_0000029d8ee22b90 .functor AND 1, L_0000029d8ee05870, L_0000029d8ee04d30, C4<1>, C4<1>;
L_0000029d8ee22ce0 .functor OR 1, L_0000029d8ee03750, L_0000029d8ee22b90, C4<0>, C4<0>;
L_0000029d8ee22650 .functor AND 1, L_0000029d8ee03390, L_0000029d8ee040b0, C4<1>, C4<1>;
L_0000029d8ee22730 .functor AND 1, L_0000029d8ee22650, L_0000029d8ee04830, C4<1>, C4<1>;
L_0000029d8ee227a0 .functor OR 1, L_0000029d8ee22ce0, L_0000029d8ee22730, C4<0>, C4<0>;
L_0000029d8ee20820 .functor AND 1, L_0000029d8ee05690, L_0000029d8ee03c50, C4<1>, C4<1>;
L_0000029d8ee1ede0 .functor AND 1, L_0000029d8ee20820, L_0000029d8ee04e70, C4<1>, C4<1>;
L_0000029d8ee1f240 .functor AND 1, L_0000029d8ee1ede0, L_0000029d8ee04bf0, C4<1>, C4<1>;
L_0000029d8ee20040 .functor OR 1, L_0000029d8ee227a0, L_0000029d8ee1f240, C4<0>, C4<0>;
L_0000029d8ee1ef30 .functor AND 1, L_0000029d8ee04150, L_0000029d8ee03d90, C4<1>, C4<1>;
L_0000029d8ee20430 .functor AND 1, L_0000029d8ee1ef30, L_0000029d8ee03610, C4<1>, C4<1>;
L_0000029d8ee1f9b0 .functor AND 1, L_0000029d8ee20430, L_0000029d8ee03cf0, C4<1>, C4<1>;
L_0000029d8ee207b0 .functor AND 1, L_0000029d8ee1f9b0, L_0000029d8ee048d0, C4<1>, C4<1>;
L_0000029d8ee1f2b0 .functor OR 1, L_0000029d8ee20040, L_0000029d8ee207b0, C4<0>, C4<0>;
L_0000029d8ee200b0 .functor AND 1, L_0000029d8ee05730, L_0000029d8ee03e30, C4<1>, C4<1>;
L_0000029d8ee1eec0 .functor AND 1, L_0000029d8ee200b0, L_0000029d8ee04a10, C4<1>, C4<1>;
L_0000029d8ee20970 .functor AND 1, L_0000029d8ee1eec0, L_0000029d8ee03ed0, C4<1>, C4<1>;
L_0000029d8ee1f0f0 .functor AND 1, L_0000029d8ee04470, L_0000029d8ee03a70, C4<1>, C4<1>;
L_0000029d8ee1f390 .functor OR 1, L_0000029d8ee041f0, L_0000029d8ee1f0f0, C4<0>, C4<0>;
L_0000029d8ee1fa90 .functor AND 1, L_0000029d8ee04c90, L_0000029d8ee05910, C4<1>, C4<1>;
L_0000029d8ee20890 .functor AND 1, L_0000029d8ee1fa90, L_0000029d8ee04290, C4<1>, C4<1>;
L_0000029d8ee1fb00 .functor OR 1, L_0000029d8ee1f390, L_0000029d8ee20890, C4<0>, C4<0>;
L_0000029d8ee1fe10 .functor AND 1, L_0000029d8ee04f10, L_0000029d8ee05410, C4<1>, C4<1>;
L_0000029d8ee20120 .functor AND 1, L_0000029d8ee1fe10, L_0000029d8ee054b0, C4<1>, C4<1>;
L_0000029d8ee1fd30 .functor AND 1, L_0000029d8ee20120, L_0000029d8ee037f0, C4<1>, C4<1>;
L_0000029d8ee1fef0 .functor OR 1, L_0000029d8ee1fb00, L_0000029d8ee1fd30, C4<0>, C4<0>;
L_0000029d8ee1f470 .functor XOR 4, L_0000029d8ee20c10, L_0000029d8ee04510, C4<0000>, C4<0000>;
v0000029d8ed85650_0 .net *"_ivl_100", 0 0, L_0000029d8ee040b0;  1 drivers
v0000029d8ed87130_0 .net *"_ivl_101", 0 0, L_0000029d8ee22650;  1 drivers
v0000029d8ed85c90_0 .net *"_ivl_104", 0 0, L_0000029d8ee04830;  1 drivers
v0000029d8ed873b0_0 .net *"_ivl_105", 0 0, L_0000029d8ee22730;  1 drivers
v0000029d8ed86050_0 .net *"_ivl_107", 0 0, L_0000029d8ee227a0;  1 drivers
v0000029d8ed87b30_0 .net *"_ivl_11", 0 0, L_0000029d8ee05230;  1 drivers
v0000029d8ed858d0_0 .net *"_ivl_110", 0 0, L_0000029d8ee05690;  1 drivers
v0000029d8ed86410_0 .net *"_ivl_112", 0 0, L_0000029d8ee03c50;  1 drivers
v0000029d8ed862d0_0 .net *"_ivl_113", 0 0, L_0000029d8ee20820;  1 drivers
v0000029d8ed86c30_0 .net *"_ivl_116", 0 0, L_0000029d8ee04e70;  1 drivers
v0000029d8ed85470_0 .net *"_ivl_117", 0 0, L_0000029d8ee1ede0;  1 drivers
v0000029d8ed87450_0 .net *"_ivl_120", 0 0, L_0000029d8ee04bf0;  1 drivers
v0000029d8ed87950_0 .net *"_ivl_121", 0 0, L_0000029d8ee1f240;  1 drivers
v0000029d8ed86230_0 .net *"_ivl_123", 0 0, L_0000029d8ee20040;  1 drivers
v0000029d8ed86ff0_0 .net *"_ivl_126", 0 0, L_0000029d8ee04150;  1 drivers
v0000029d8ed86cd0_0 .net *"_ivl_128", 0 0, L_0000029d8ee03d90;  1 drivers
v0000029d8ed86eb0_0 .net *"_ivl_129", 0 0, L_0000029d8ee1ef30;  1 drivers
v0000029d8ed85d30_0 .net *"_ivl_13", 0 0, L_0000029d8ee031b0;  1 drivers
v0000029d8ed871d0_0 .net *"_ivl_132", 0 0, L_0000029d8ee03610;  1 drivers
v0000029d8ed86f50_0 .net *"_ivl_133", 0 0, L_0000029d8ee20430;  1 drivers
v0000029d8ed85b50_0 .net *"_ivl_136", 0 0, L_0000029d8ee03cf0;  1 drivers
v0000029d8ed87270_0 .net *"_ivl_137", 0 0, L_0000029d8ee1f9b0;  1 drivers
v0000029d8ed86d70_0 .net *"_ivl_140", 0 0, L_0000029d8ee048d0;  1 drivers
v0000029d8ed856f0_0 .net *"_ivl_141", 0 0, L_0000029d8ee207b0;  1 drivers
v0000029d8ed874f0_0 .net *"_ivl_143", 0 0, L_0000029d8ee1f2b0;  1 drivers
v0000029d8ed87590_0 .net *"_ivl_146", 0 0, L_0000029d8ee05730;  1 drivers
v0000029d8ed85510_0 .net *"_ivl_148", 0 0, L_0000029d8ee03e30;  1 drivers
v0000029d8ed85790_0 .net *"_ivl_149", 0 0, L_0000029d8ee200b0;  1 drivers
v0000029d8ed87630_0 .net *"_ivl_15", 0 0, L_0000029d8ee046f0;  1 drivers
v0000029d8ed876d0_0 .net *"_ivl_152", 0 0, L_0000029d8ee04a10;  1 drivers
v0000029d8ed85830_0 .net *"_ivl_153", 0 0, L_0000029d8ee1eec0;  1 drivers
v0000029d8ed85970_0 .net *"_ivl_156", 0 0, L_0000029d8ee03ed0;  1 drivers
v0000029d8ed87770_0 .net *"_ivl_16", 0 0, L_0000029d8ee21000;  1 drivers
v0000029d8ed860f0_0 .net *"_ivl_160", 0 0, L_0000029d8ee041f0;  1 drivers
v0000029d8ed87810_0 .net *"_ivl_162", 0 0, L_0000029d8ee04470;  1 drivers
v0000029d8ed865f0_0 .net *"_ivl_164", 0 0, L_0000029d8ee03a70;  1 drivers
v0000029d8ed878b0_0 .net *"_ivl_165", 0 0, L_0000029d8ee1f0f0;  1 drivers
v0000029d8ed85ab0_0 .net *"_ivl_167", 0 0, L_0000029d8ee1f390;  1 drivers
v0000029d8ed86910_0 .net *"_ivl_170", 0 0, L_0000029d8ee04c90;  1 drivers
v0000029d8ed86370_0 .net *"_ivl_172", 0 0, L_0000029d8ee05910;  1 drivers
v0000029d8ed869b0_0 .net *"_ivl_173", 0 0, L_0000029d8ee1fa90;  1 drivers
v0000029d8ed86550_0 .net *"_ivl_176", 0 0, L_0000029d8ee04290;  1 drivers
v0000029d8ed86690_0 .net *"_ivl_177", 0 0, L_0000029d8ee20890;  1 drivers
v0000029d8ed86730_0 .net *"_ivl_179", 0 0, L_0000029d8ee1fb00;  1 drivers
v0000029d8ed879f0_0 .net *"_ivl_18", 0 0, L_0000029d8ee21230;  1 drivers
v0000029d8ed85dd0_0 .net *"_ivl_182", 0 0, L_0000029d8ee04f10;  1 drivers
v0000029d8ed85e70_0 .net *"_ivl_184", 0 0, L_0000029d8ee05410;  1 drivers
v0000029d8ed86a50_0 .net *"_ivl_185", 0 0, L_0000029d8ee1fe10;  1 drivers
v0000029d8ed867d0_0 .net *"_ivl_188", 0 0, L_0000029d8ee054b0;  1 drivers
v0000029d8ed86870_0 .net *"_ivl_189", 0 0, L_0000029d8ee20120;  1 drivers
v0000029d8ed89cf0_0 .net *"_ivl_192", 0 0, L_0000029d8ee037f0;  1 drivers
v0000029d8ed88030_0 .net *"_ivl_193", 0 0, L_0000029d8ee1fd30;  1 drivers
v0000029d8ed880d0_0 .net *"_ivl_198", 3 0, L_0000029d8ee04510;  1 drivers
v0000029d8ed887b0_0 .net *"_ivl_23", 0 0, L_0000029d8ee04790;  1 drivers
v0000029d8ed883f0_0 .net *"_ivl_25", 0 0, L_0000029d8ee03430;  1 drivers
v0000029d8ed897f0_0 .net *"_ivl_27", 0 0, L_0000029d8ee04010;  1 drivers
v0000029d8ed88ad0_0 .net *"_ivl_28", 0 0, L_0000029d8ee212a0;  1 drivers
v0000029d8ed896b0_0 .net *"_ivl_30", 0 0, L_0000029d8ee21380;  1 drivers
v0000029d8ed89610_0 .net *"_ivl_33", 0 0, L_0000029d8ee039d0;  1 drivers
v0000029d8ed8a1f0_0 .net *"_ivl_35", 0 0, L_0000029d8ee03250;  1 drivers
v0000029d8ed899d0_0 .net *"_ivl_36", 0 0, L_0000029d8ee22880;  1 drivers
v0000029d8ed882b0_0 .net *"_ivl_39", 0 0, L_0000029d8ee04330;  1 drivers
v0000029d8ed87f90_0 .net *"_ivl_40", 0 0, L_0000029d8ee22810;  1 drivers
v0000029d8ed88b70_0 .net *"_ivl_42", 0 0, L_0000029d8ee22ab0;  1 drivers
v0000029d8ed88850_0 .net *"_ivl_47", 0 0, L_0000029d8ee04dd0;  1 drivers
v0000029d8ed89a70_0 .net *"_ivl_49", 0 0, L_0000029d8ee03930;  1 drivers
v0000029d8ed894d0_0 .net *"_ivl_51", 0 0, L_0000029d8ee03bb0;  1 drivers
v0000029d8ed89ed0_0 .net *"_ivl_52", 0 0, L_0000029d8ee22c70;  1 drivers
v0000029d8ed89b10_0 .net *"_ivl_54", 0 0, L_0000029d8ee225e0;  1 drivers
v0000029d8ed88170_0 .net *"_ivl_57", 0 0, L_0000029d8ee04ab0;  1 drivers
v0000029d8ed891b0_0 .net *"_ivl_59", 0 0, L_0000029d8ee04970;  1 drivers
v0000029d8ed89570_0 .net *"_ivl_60", 0 0, L_0000029d8ee22960;  1 drivers
v0000029d8ed8a290_0 .net *"_ivl_63", 0 0, L_0000029d8ee03f70;  1 drivers
v0000029d8ed89750_0 .net *"_ivl_64", 0 0, L_0000029d8ee228f0;  1 drivers
v0000029d8ed89070_0 .net *"_ivl_66", 0 0, L_0000029d8ee226c0;  1 drivers
v0000029d8ed88210_0 .net *"_ivl_69", 0 0, L_0000029d8ee04fb0;  1 drivers
v0000029d8ed89110_0 .net *"_ivl_7", 0 0, L_0000029d8ee20c80;  1 drivers
v0000029d8ed88a30_0 .net *"_ivl_71", 0 0, L_0000029d8ee052d0;  1 drivers
v0000029d8ed88d50_0 .net *"_ivl_72", 0 0, L_0000029d8ee229d0;  1 drivers
v0000029d8ed88350_0 .net *"_ivl_75", 0 0, L_0000029d8ee05550;  1 drivers
v0000029d8ed89e30_0 .net *"_ivl_76", 0 0, L_0000029d8ee22a40;  1 drivers
v0000029d8ed88c10_0 .net *"_ivl_79", 0 0, L_0000029d8ee032f0;  1 drivers
v0000029d8ed88490_0 .net *"_ivl_80", 0 0, L_0000029d8ee22b20;  1 drivers
v0000029d8ed892f0_0 .net *"_ivl_82", 0 0, L_0000029d8ee22c00;  1 drivers
v0000029d8ed89890_0 .net *"_ivl_88", 0 0, L_0000029d8ee03750;  1 drivers
v0000029d8ed87bd0_0 .net *"_ivl_90", 0 0, L_0000029d8ee05870;  1 drivers
v0000029d8ed88530_0 .net *"_ivl_92", 0 0, L_0000029d8ee04d30;  1 drivers
v0000029d8ed87db0_0 .net *"_ivl_93", 0 0, L_0000029d8ee22b90;  1 drivers
v0000029d8ed888f0_0 .net *"_ivl_95", 0 0, L_0000029d8ee22ce0;  1 drivers
v0000029d8ed885d0_0 .net *"_ivl_98", 0 0, L_0000029d8ee03390;  1 drivers
v0000029d8ed88670_0 .net "a", 3 0, L_0000029d8ee045b0;  1 drivers
v0000029d8ed88710_0 .net "b", 3 0, L_0000029d8ee03890;  1 drivers
v0000029d8ed88990_0 .net "c", 4 0, L_0000029d8ee043d0;  1 drivers
v0000029d8ed89250_0 .net "cin", 0 0, L_0000029d8ee04650;  1 drivers
v0000029d8ed87d10_0 .net "cout", 0 0, L_0000029d8ee034d0;  1 drivers
v0000029d8ed88cb0_0 .net "g", 3 0, L_0000029d8ee20ba0;  1 drivers
v0000029d8ed88e90_0 .net "group_G", 0 0, L_0000029d8ee1fef0;  1 drivers
v0000029d8ed89930_0 .net "group_P", 0 0, L_0000029d8ee20970;  1 drivers
v0000029d8ed88df0_0 .net "p", 3 0, L_0000029d8ee20c10;  1 drivers
v0000029d8ed89bb0_0 .net "sum", 3 0, L_0000029d8ee1f470;  1 drivers
L_0000029d8ee05230 .part L_0000029d8ee20ba0, 0, 1;
L_0000029d8ee031b0 .part L_0000029d8ee20c10, 0, 1;
L_0000029d8ee046f0 .part L_0000029d8ee043d0, 0, 1;
L_0000029d8ee04790 .part L_0000029d8ee20ba0, 1, 1;
L_0000029d8ee03430 .part L_0000029d8ee20c10, 1, 1;
L_0000029d8ee04010 .part L_0000029d8ee20ba0, 0, 1;
L_0000029d8ee039d0 .part L_0000029d8ee20c10, 1, 1;
L_0000029d8ee03250 .part L_0000029d8ee20c10, 0, 1;
L_0000029d8ee04330 .part L_0000029d8ee043d0, 0, 1;
L_0000029d8ee04dd0 .part L_0000029d8ee20ba0, 2, 1;
L_0000029d8ee03930 .part L_0000029d8ee20c10, 2, 1;
L_0000029d8ee03bb0 .part L_0000029d8ee20ba0, 1, 1;
L_0000029d8ee04ab0 .part L_0000029d8ee20c10, 2, 1;
L_0000029d8ee04970 .part L_0000029d8ee20c10, 1, 1;
L_0000029d8ee03f70 .part L_0000029d8ee20ba0, 0, 1;
L_0000029d8ee04fb0 .part L_0000029d8ee20c10, 2, 1;
L_0000029d8ee052d0 .part L_0000029d8ee20c10, 1, 1;
L_0000029d8ee05550 .part L_0000029d8ee20c10, 0, 1;
L_0000029d8ee032f0 .part L_0000029d8ee043d0, 0, 1;
LS_0000029d8ee043d0_0_0 .concat8 [ 1 1 1 1], L_0000029d8ee20c80, L_0000029d8ee21230, L_0000029d8ee22ab0, L_0000029d8ee22c00;
LS_0000029d8ee043d0_0_4 .concat8 [ 1 0 0 0], L_0000029d8ee1f2b0;
L_0000029d8ee043d0 .concat8 [ 4 1 0 0], LS_0000029d8ee043d0_0_0, LS_0000029d8ee043d0_0_4;
L_0000029d8ee03750 .part L_0000029d8ee20ba0, 3, 1;
L_0000029d8ee05870 .part L_0000029d8ee20c10, 3, 1;
L_0000029d8ee04d30 .part L_0000029d8ee20ba0, 2, 1;
L_0000029d8ee03390 .part L_0000029d8ee20c10, 3, 1;
L_0000029d8ee040b0 .part L_0000029d8ee20c10, 2, 1;
L_0000029d8ee04830 .part L_0000029d8ee20ba0, 1, 1;
L_0000029d8ee05690 .part L_0000029d8ee20c10, 3, 1;
L_0000029d8ee03c50 .part L_0000029d8ee20c10, 2, 1;
L_0000029d8ee04e70 .part L_0000029d8ee20c10, 1, 1;
L_0000029d8ee04bf0 .part L_0000029d8ee20ba0, 0, 1;
L_0000029d8ee04150 .part L_0000029d8ee20c10, 3, 1;
L_0000029d8ee03d90 .part L_0000029d8ee20c10, 2, 1;
L_0000029d8ee03610 .part L_0000029d8ee20c10, 1, 1;
L_0000029d8ee03cf0 .part L_0000029d8ee20c10, 0, 1;
L_0000029d8ee048d0 .part L_0000029d8ee043d0, 0, 1;
L_0000029d8ee05730 .part L_0000029d8ee20c10, 3, 1;
L_0000029d8ee03e30 .part L_0000029d8ee20c10, 2, 1;
L_0000029d8ee04a10 .part L_0000029d8ee20c10, 1, 1;
L_0000029d8ee03ed0 .part L_0000029d8ee20c10, 0, 1;
L_0000029d8ee041f0 .part L_0000029d8ee20ba0, 3, 1;
L_0000029d8ee04470 .part L_0000029d8ee20c10, 3, 1;
L_0000029d8ee03a70 .part L_0000029d8ee20ba0, 2, 1;
L_0000029d8ee04c90 .part L_0000029d8ee20c10, 3, 1;
L_0000029d8ee05910 .part L_0000029d8ee20c10, 2, 1;
L_0000029d8ee04290 .part L_0000029d8ee20ba0, 1, 1;
L_0000029d8ee04f10 .part L_0000029d8ee20c10, 3, 1;
L_0000029d8ee05410 .part L_0000029d8ee20c10, 2, 1;
L_0000029d8ee054b0 .part L_0000029d8ee20c10, 1, 1;
L_0000029d8ee037f0 .part L_0000029d8ee20ba0, 0, 1;
L_0000029d8ee04510 .part L_0000029d8ee043d0, 0, 4;
L_0000029d8ee034d0 .part L_0000029d8ee043d0, 4, 1;
S_0000029d8ed93680 .scope generate, "cla4_blocks[1]" "cla4_blocks[1]" 5 32, 5 32 0, S_0000029d8ed82120;
 .timescale -9 -12;
P_0000029d8ece3650 .param/l "i" 0 5 32, +C4<01>;
S_0000029d8ed93810 .scope module, "block" "cla_4bit" 5 33, 6 3 0, S_0000029d8ed93680;
 .timescale -9 -12;
    .port_info 0 /INPUT 4 "a";
    .port_info 1 /INPUT 4 "b";
    .port_info 2 /INPUT 1 "cin";
    .port_info 3 /OUTPUT 4 "sum";
    .port_info 4 /OUTPUT 1 "group_G";
    .port_info 5 /OUTPUT 1 "group_P";
    .port_info 6 /OUTPUT 1 "cout";
L_0000029d8ee1fc50 .functor AND 4, L_0000029d8ee05c30, L_0000029d8ee06e50, C4<1111>, C4<1111>;
L_0000029d8ee20350 .functor XOR 4, L_0000029d8ee05c30, L_0000029d8ee06e50, C4<0000>, C4<0000>;
L_0000029d8ee20190 .functor BUFZ 1, L_0000029d8ee063b0, C4<0>, C4<0>, C4<0>;
L_0000029d8ee203c0 .functor AND 1, L_0000029d8ee05370, L_0000029d8ee057d0, C4<1>, C4<1>;
L_0000029d8ee1fa20 .functor OR 1, L_0000029d8ee05050, L_0000029d8ee203c0, C4<0>, C4<0>;
L_0000029d8ee20200 .functor AND 1, L_0000029d8ee05190, L_0000029d8ee055f0, C4<1>, C4<1>;
L_0000029d8ee1ee50 .functor OR 1, L_0000029d8ee050f0, L_0000029d8ee20200, C4<0>, C4<0>;
L_0000029d8ee1f010 .functor AND 1, L_0000029d8ee069f0, L_0000029d8ee07990, C4<1>, C4<1>;
L_0000029d8ee1f4e0 .functor AND 1, L_0000029d8ee1f010, L_0000029d8ee06b30, C4<1>, C4<1>;
L_0000029d8ee204a0 .functor OR 1, L_0000029d8ee1ee50, L_0000029d8ee1f4e0, C4<0>, C4<0>;
L_0000029d8ee1f400 .functor AND 1, L_0000029d8ee05af0, L_0000029d8ee07f30, C4<1>, C4<1>;
L_0000029d8ee20580 .functor OR 1, L_0000029d8ee07490, L_0000029d8ee1f400, C4<0>, C4<0>;
L_0000029d8ee20270 .functor AND 1, L_0000029d8ee064f0, L_0000029d8ee06ef0, C4<1>, C4<1>;
L_0000029d8ee1efa0 .functor AND 1, L_0000029d8ee20270, L_0000029d8ee05f50, C4<1>, C4<1>;
L_0000029d8ee1f550 .functor OR 1, L_0000029d8ee20580, L_0000029d8ee1efa0, C4<0>, C4<0>;
L_0000029d8ee1fcc0 .functor AND 1, L_0000029d8ee06450, L_0000029d8ee05d70, C4<1>, C4<1>;
L_0000029d8ee202e0 .functor AND 1, L_0000029d8ee1fcc0, L_0000029d8ee05ff0, C4<1>, C4<1>;
L_0000029d8ee1fda0 .functor AND 1, L_0000029d8ee202e0, L_0000029d8ee06590, C4<1>, C4<1>;
L_0000029d8ee1f080 .functor OR 1, L_0000029d8ee1f550, L_0000029d8ee1fda0, C4<0>, C4<0>;
L_0000029d8ee1f860 .functor AND 1, L_0000029d8ee061d0, L_0000029d8ee075d0, C4<1>, C4<1>;
L_0000029d8ee20510 .functor OR 1, L_0000029d8ee06770, L_0000029d8ee1f860, C4<0>, C4<0>;
L_0000029d8ee1f5c0 .functor AND 1, L_0000029d8ee06a90, L_0000029d8ee06bd0, C4<1>, C4<1>;
L_0000029d8ee205f0 .functor AND 1, L_0000029d8ee1f5c0, L_0000029d8ee07210, C4<1>, C4<1>;
L_0000029d8ee20660 .functor OR 1, L_0000029d8ee20510, L_0000029d8ee205f0, C4<0>, C4<0>;
L_0000029d8ee1ffd0 .functor AND 1, L_0000029d8ee06090, L_0000029d8ee077b0, C4<1>, C4<1>;
L_0000029d8ee20900 .functor AND 1, L_0000029d8ee1ffd0, L_0000029d8ee07530, C4<1>, C4<1>;
L_0000029d8ee206d0 .functor AND 1, L_0000029d8ee20900, L_0000029d8ee06310, C4<1>, C4<1>;
L_0000029d8ee1ff60 .functor OR 1, L_0000029d8ee20660, L_0000029d8ee206d0, C4<0>, C4<0>;
L_0000029d8ee1fe80 .functor AND 1, L_0000029d8ee05b90, L_0000029d8ee07a30, C4<1>, C4<1>;
L_0000029d8ee20740 .functor AND 1, L_0000029d8ee1fe80, L_0000029d8ee06810, C4<1>, C4<1>;
L_0000029d8ee1fb70 .functor AND 1, L_0000029d8ee20740, L_0000029d8ee07670, C4<1>, C4<1>;
L_0000029d8ee1f160 .functor AND 1, L_0000029d8ee1fb70, L_0000029d8ee06950, C4<1>, C4<1>;
L_0000029d8ee1f1d0 .functor OR 1, L_0000029d8ee1ff60, L_0000029d8ee1f160, C4<0>, C4<0>;
L_0000029d8ee1fbe0 .functor AND 1, L_0000029d8ee07cb0, L_0000029d8ee068b0, C4<1>, C4<1>;
L_0000029d8ee1f320 .functor AND 1, L_0000029d8ee1fbe0, L_0000029d8ee06f90, C4<1>, C4<1>;
L_0000029d8ee1f630 .functor AND 1, L_0000029d8ee1f320, L_0000029d8ee07030, C4<1>, C4<1>;
L_0000029d8ee1f6a0 .functor AND 1, L_0000029d8ee06c70, L_0000029d8ee06d10, C4<1>, C4<1>;
L_0000029d8ee1f710 .functor OR 1, L_0000029d8ee070d0, L_0000029d8ee1f6a0, C4<0>, C4<0>;
L_0000029d8ee1f780 .functor AND 1, L_0000029d8ee05cd0, L_0000029d8ee066d0, C4<1>, C4<1>;
L_0000029d8ee1f7f0 .functor AND 1, L_0000029d8ee1f780, L_0000029d8ee06db0, C4<1>, C4<1>;
L_0000029d8ee1f8d0 .functor OR 1, L_0000029d8ee1f710, L_0000029d8ee1f7f0, C4<0>, C4<0>;
L_0000029d8ee1f940 .functor AND 1, L_0000029d8ee07710, L_0000029d8ee07e90, C4<1>, C4<1>;
L_0000029d8ee2a100 .functor AND 1, L_0000029d8ee1f940, L_0000029d8ee07ad0, C4<1>, C4<1>;
L_0000029d8ee2a870 .functor AND 1, L_0000029d8ee2a100, L_0000029d8ee05a50, C4<1>, C4<1>;
L_0000029d8ee29df0 .functor OR 1, L_0000029d8ee1f8d0, L_0000029d8ee2a870, C4<0>, C4<0>;
L_0000029d8ee2a5d0 .functor XOR 4, L_0000029d8ee20350, L_0000029d8ee073f0, C4<0000>, C4<0000>;
v0000029d8ed89c50_0 .net *"_ivl_100", 0 0, L_0000029d8ee06bd0;  1 drivers
v0000029d8ed88f30_0 .net *"_ivl_101", 0 0, L_0000029d8ee1f5c0;  1 drivers
v0000029d8ed88fd0_0 .net *"_ivl_104", 0 0, L_0000029d8ee07210;  1 drivers
v0000029d8ed89390_0 .net *"_ivl_105", 0 0, L_0000029d8ee205f0;  1 drivers
v0000029d8ed8a330_0 .net *"_ivl_107", 0 0, L_0000029d8ee20660;  1 drivers
v0000029d8ed87c70_0 .net *"_ivl_11", 0 0, L_0000029d8ee05050;  1 drivers
v0000029d8ed89d90_0 .net *"_ivl_110", 0 0, L_0000029d8ee06090;  1 drivers
v0000029d8ed89430_0 .net *"_ivl_112", 0 0, L_0000029d8ee077b0;  1 drivers
v0000029d8ed89f70_0 .net *"_ivl_113", 0 0, L_0000029d8ee1ffd0;  1 drivers
v0000029d8ed8a010_0 .net *"_ivl_116", 0 0, L_0000029d8ee07530;  1 drivers
v0000029d8ed8a0b0_0 .net *"_ivl_117", 0 0, L_0000029d8ee20900;  1 drivers
v0000029d8ed8a150_0 .net *"_ivl_120", 0 0, L_0000029d8ee06310;  1 drivers
v0000029d8ed87e50_0 .net *"_ivl_121", 0 0, L_0000029d8ee206d0;  1 drivers
v0000029d8ed87ef0_0 .net *"_ivl_123", 0 0, L_0000029d8ee1ff60;  1 drivers
v0000029d8ed8c950_0 .net *"_ivl_126", 0 0, L_0000029d8ee05b90;  1 drivers
v0000029d8ed8a790_0 .net *"_ivl_128", 0 0, L_0000029d8ee07a30;  1 drivers
v0000029d8ed8ad30_0 .net *"_ivl_129", 0 0, L_0000029d8ee1fe80;  1 drivers
v0000029d8ed8bc30_0 .net *"_ivl_13", 0 0, L_0000029d8ee05370;  1 drivers
v0000029d8ed8b370_0 .net *"_ivl_132", 0 0, L_0000029d8ee06810;  1 drivers
v0000029d8ed8a830_0 .net *"_ivl_133", 0 0, L_0000029d8ee20740;  1 drivers
v0000029d8ed8a5b0_0 .net *"_ivl_136", 0 0, L_0000029d8ee07670;  1 drivers
v0000029d8ed8c1d0_0 .net *"_ivl_137", 0 0, L_0000029d8ee1fb70;  1 drivers
v0000029d8ed8c4f0_0 .net *"_ivl_140", 0 0, L_0000029d8ee06950;  1 drivers
v0000029d8ed8a470_0 .net *"_ivl_141", 0 0, L_0000029d8ee1f160;  1 drivers
v0000029d8ed8b190_0 .net *"_ivl_143", 0 0, L_0000029d8ee1f1d0;  1 drivers
v0000029d8ed8b690_0 .net *"_ivl_146", 0 0, L_0000029d8ee07cb0;  1 drivers
v0000029d8ed8b730_0 .net *"_ivl_148", 0 0, L_0000029d8ee068b0;  1 drivers
v0000029d8ed8b5f0_0 .net *"_ivl_149", 0 0, L_0000029d8ee1fbe0;  1 drivers
v0000029d8ed8a3d0_0 .net *"_ivl_15", 0 0, L_0000029d8ee057d0;  1 drivers
v0000029d8ed8b230_0 .net *"_ivl_152", 0 0, L_0000029d8ee06f90;  1 drivers
v0000029d8ed8c090_0 .net *"_ivl_153", 0 0, L_0000029d8ee1f320;  1 drivers
v0000029d8ed8c270_0 .net *"_ivl_156", 0 0, L_0000029d8ee07030;  1 drivers
v0000029d8ed8bb90_0 .net *"_ivl_16", 0 0, L_0000029d8ee203c0;  1 drivers
v0000029d8ed8b550_0 .net *"_ivl_160", 0 0, L_0000029d8ee070d0;  1 drivers
v0000029d8ed8a8d0_0 .net *"_ivl_162", 0 0, L_0000029d8ee06c70;  1 drivers
v0000029d8ed8cb30_0 .net *"_ivl_164", 0 0, L_0000029d8ee06d10;  1 drivers
v0000029d8ed8a970_0 .net *"_ivl_165", 0 0, L_0000029d8ee1f6a0;  1 drivers
v0000029d8ed8b410_0 .net *"_ivl_167", 0 0, L_0000029d8ee1f710;  1 drivers
v0000029d8ed8b2d0_0 .net *"_ivl_170", 0 0, L_0000029d8ee05cd0;  1 drivers
v0000029d8ed8be10_0 .net *"_ivl_172", 0 0, L_0000029d8ee066d0;  1 drivers
v0000029d8ed8b7d0_0 .net *"_ivl_173", 0 0, L_0000029d8ee1f780;  1 drivers
v0000029d8ed8c450_0 .net *"_ivl_176", 0 0, L_0000029d8ee06db0;  1 drivers
v0000029d8ed8bcd0_0 .net *"_ivl_177", 0 0, L_0000029d8ee1f7f0;  1 drivers
v0000029d8ed8c310_0 .net *"_ivl_179", 0 0, L_0000029d8ee1f8d0;  1 drivers
v0000029d8ed8ac90_0 .net *"_ivl_18", 0 0, L_0000029d8ee1fa20;  1 drivers
v0000029d8ed8bff0_0 .net *"_ivl_182", 0 0, L_0000029d8ee07710;  1 drivers
v0000029d8ed8ab50_0 .net *"_ivl_184", 0 0, L_0000029d8ee07e90;  1 drivers
v0000029d8ed8c3b0_0 .net *"_ivl_185", 0 0, L_0000029d8ee1f940;  1 drivers
v0000029d8ed8beb0_0 .net *"_ivl_188", 0 0, L_0000029d8ee07ad0;  1 drivers
v0000029d8ed8b4b0_0 .net *"_ivl_189", 0 0, L_0000029d8ee2a100;  1 drivers
v0000029d8ed8c590_0 .net *"_ivl_192", 0 0, L_0000029d8ee05a50;  1 drivers
v0000029d8ed8b870_0 .net *"_ivl_193", 0 0, L_0000029d8ee2a870;  1 drivers
v0000029d8ed8bf50_0 .net *"_ivl_198", 3 0, L_0000029d8ee073f0;  1 drivers
v0000029d8ed8b910_0 .net *"_ivl_23", 0 0, L_0000029d8ee050f0;  1 drivers
v0000029d8ed8aa10_0 .net *"_ivl_25", 0 0, L_0000029d8ee05190;  1 drivers
v0000029d8ed8abf0_0 .net *"_ivl_27", 0 0, L_0000029d8ee055f0;  1 drivers
v0000029d8ed8c130_0 .net *"_ivl_28", 0 0, L_0000029d8ee20200;  1 drivers
v0000029d8ed8c630_0 .net *"_ivl_30", 0 0, L_0000029d8ee1ee50;  1 drivers
v0000029d8ed8aab0_0 .net *"_ivl_33", 0 0, L_0000029d8ee069f0;  1 drivers
v0000029d8ed8ae70_0 .net *"_ivl_35", 0 0, L_0000029d8ee07990;  1 drivers
v0000029d8ed8baf0_0 .net *"_ivl_36", 0 0, L_0000029d8ee1f010;  1 drivers
v0000029d8ed8add0_0 .net *"_ivl_39", 0 0, L_0000029d8ee06b30;  1 drivers
v0000029d8ed8b050_0 .net *"_ivl_40", 0 0, L_0000029d8ee1f4e0;  1 drivers
v0000029d8ed8b0f0_0 .net *"_ivl_42", 0 0, L_0000029d8ee204a0;  1 drivers
v0000029d8ed8b9b0_0 .net *"_ivl_47", 0 0, L_0000029d8ee07490;  1 drivers
v0000029d8ed8af10_0 .net *"_ivl_49", 0 0, L_0000029d8ee05af0;  1 drivers
v0000029d8ed8c6d0_0 .net *"_ivl_51", 0 0, L_0000029d8ee07f30;  1 drivers
v0000029d8ed8afb0_0 .net *"_ivl_52", 0 0, L_0000029d8ee1f400;  1 drivers
v0000029d8ed8ba50_0 .net *"_ivl_54", 0 0, L_0000029d8ee20580;  1 drivers
v0000029d8ed8a510_0 .net *"_ivl_57", 0 0, L_0000029d8ee064f0;  1 drivers
v0000029d8ed8c770_0 .net *"_ivl_59", 0 0, L_0000029d8ee06ef0;  1 drivers
v0000029d8ed8c9f0_0 .net *"_ivl_60", 0 0, L_0000029d8ee20270;  1 drivers
v0000029d8ed8bd70_0 .net *"_ivl_63", 0 0, L_0000029d8ee05f50;  1 drivers
v0000029d8ed8c810_0 .net *"_ivl_64", 0 0, L_0000029d8ee1efa0;  1 drivers
v0000029d8ed8c8b0_0 .net *"_ivl_66", 0 0, L_0000029d8ee1f550;  1 drivers
v0000029d8ed8ca90_0 .net *"_ivl_69", 0 0, L_0000029d8ee06450;  1 drivers
v0000029d8ed8a650_0 .net *"_ivl_7", 0 0, L_0000029d8ee20190;  1 drivers
v0000029d8ed8a6f0_0 .net *"_ivl_71", 0 0, L_0000029d8ee05d70;  1 drivers
v0000029d8ed8f150_0 .net *"_ivl_72", 0 0, L_0000029d8ee1fcc0;  1 drivers
v0000029d8ed8cf90_0 .net *"_ivl_75", 0 0, L_0000029d8ee05ff0;  1 drivers
v0000029d8ed8d530_0 .net *"_ivl_76", 0 0, L_0000029d8ee202e0;  1 drivers
v0000029d8ed8e4d0_0 .net *"_ivl_79", 0 0, L_0000029d8ee06590;  1 drivers
v0000029d8ed8e890_0 .net *"_ivl_80", 0 0, L_0000029d8ee1fda0;  1 drivers
v0000029d8ed8ecf0_0 .net *"_ivl_82", 0 0, L_0000029d8ee1f080;  1 drivers
v0000029d8ed8e570_0 .net *"_ivl_88", 0 0, L_0000029d8ee06770;  1 drivers
v0000029d8ed8ebb0_0 .net *"_ivl_90", 0 0, L_0000029d8ee061d0;  1 drivers
v0000029d8ed8eed0_0 .net *"_ivl_92", 0 0, L_0000029d8ee075d0;  1 drivers
v0000029d8ed8ef70_0 .net *"_ivl_93", 0 0, L_0000029d8ee1f860;  1 drivers
v0000029d8ed8e2f0_0 .net *"_ivl_95", 0 0, L_0000029d8ee20510;  1 drivers
v0000029d8ed8cdb0_0 .net *"_ivl_98", 0 0, L_0000029d8ee06a90;  1 drivers
v0000029d8ed8dfd0_0 .net "a", 3 0, L_0000029d8ee05c30;  1 drivers
v0000029d8ed8ec50_0 .net "b", 3 0, L_0000029d8ee06e50;  1 drivers
v0000029d8ed8db70_0 .net "c", 4 0, L_0000029d8ee07170;  1 drivers
v0000029d8ed8ce50_0 .net "cin", 0 0, L_0000029d8ee063b0;  1 drivers
v0000029d8ed8e110_0 .net "cout", 0 0, L_0000029d8ee06630;  1 drivers
v0000029d8ed8e930_0 .net "g", 3 0, L_0000029d8ee1fc50;  1 drivers
v0000029d8ed8ea70_0 .net "group_G", 0 0, L_0000029d8ee29df0;  1 drivers
v0000029d8ed8f010_0 .net "group_P", 0 0, L_0000029d8ee1f630;  1 drivers
v0000029d8ed8da30_0 .net "p", 3 0, L_0000029d8ee20350;  1 drivers
v0000029d8ed8eb10_0 .net "sum", 3 0, L_0000029d8ee2a5d0;  1 drivers
L_0000029d8ee05050 .part L_0000029d8ee1fc50, 0, 1;
L_0000029d8ee05370 .part L_0000029d8ee20350, 0, 1;
L_0000029d8ee057d0 .part L_0000029d8ee07170, 0, 1;
L_0000029d8ee050f0 .part L_0000029d8ee1fc50, 1, 1;
L_0000029d8ee05190 .part L_0000029d8ee20350, 1, 1;
L_0000029d8ee055f0 .part L_0000029d8ee1fc50, 0, 1;
L_0000029d8ee069f0 .part L_0000029d8ee20350, 1, 1;
L_0000029d8ee07990 .part L_0000029d8ee20350, 0, 1;
L_0000029d8ee06b30 .part L_0000029d8ee07170, 0, 1;
L_0000029d8ee07490 .part L_0000029d8ee1fc50, 2, 1;
L_0000029d8ee05af0 .part L_0000029d8ee20350, 2, 1;
L_0000029d8ee07f30 .part L_0000029d8ee1fc50, 1, 1;
L_0000029d8ee064f0 .part L_0000029d8ee20350, 2, 1;
L_0000029d8ee06ef0 .part L_0000029d8ee20350, 1, 1;
L_0000029d8ee05f50 .part L_0000029d8ee1fc50, 0, 1;
L_0000029d8ee06450 .part L_0000029d8ee20350, 2, 1;
L_0000029d8ee05d70 .part L_0000029d8ee20350, 1, 1;
L_0000029d8ee05ff0 .part L_0000029d8ee20350, 0, 1;
L_0000029d8ee06590 .part L_0000029d8ee07170, 0, 1;
LS_0000029d8ee07170_0_0 .concat8 [ 1 1 1 1], L_0000029d8ee20190, L_0000029d8ee1fa20, L_0000029d8ee204a0, L_0000029d8ee1f080;
LS_0000029d8ee07170_0_4 .concat8 [ 1 0 0 0], L_0000029d8ee1f1d0;
L_0000029d8ee07170 .concat8 [ 4 1 0 0], LS_0000029d8ee07170_0_0, LS_0000029d8ee07170_0_4;
L_0000029d8ee06770 .part L_0000029d8ee1fc50, 3, 1;
L_0000029d8ee061d0 .part L_0000029d8ee20350, 3, 1;
L_0000029d8ee075d0 .part L_0000029d8ee1fc50, 2, 1;
L_0000029d8ee06a90 .part L_0000029d8ee20350, 3, 1;
L_0000029d8ee06bd0 .part L_0000029d8ee20350, 2, 1;
L_0000029d8ee07210 .part L_0000029d8ee1fc50, 1, 1;
L_0000029d8ee06090 .part L_0000029d8ee20350, 3, 1;
L_0000029d8ee077b0 .part L_0000029d8ee20350, 2, 1;
L_0000029d8ee07530 .part L_0000029d8ee20350, 1, 1;
L_0000029d8ee06310 .part L_0000029d8ee1fc50, 0, 1;
L_0000029d8ee05b90 .part L_0000029d8ee20350, 3, 1;
L_0000029d8ee07a30 .part L_0000029d8ee20350, 2, 1;
L_0000029d8ee06810 .part L_0000029d8ee20350, 1, 1;
L_0000029d8ee07670 .part L_0000029d8ee20350, 0, 1;
L_0000029d8ee06950 .part L_0000029d8ee07170, 0, 1;
L_0000029d8ee07cb0 .part L_0000029d8ee20350, 3, 1;
L_0000029d8ee068b0 .part L_0000029d8ee20350, 2, 1;
L_0000029d8ee06f90 .part L_0000029d8ee20350, 1, 1;
L_0000029d8ee07030 .part L_0000029d8ee20350, 0, 1;
L_0000029d8ee070d0 .part L_0000029d8ee1fc50, 3, 1;
L_0000029d8ee06c70 .part L_0000029d8ee20350, 3, 1;
L_0000029d8ee06d10 .part L_0000029d8ee1fc50, 2, 1;
L_0000029d8ee05cd0 .part L_0000029d8ee20350, 3, 1;
L_0000029d8ee066d0 .part L_0000029d8ee20350, 2, 1;
L_0000029d8ee06db0 .part L_0000029d8ee1fc50, 1, 1;
L_0000029d8ee07710 .part L_0000029d8ee20350, 3, 1;
L_0000029d8ee07e90 .part L_0000029d8ee20350, 2, 1;
L_0000029d8ee07ad0 .part L_0000029d8ee20350, 1, 1;
L_0000029d8ee05a50 .part L_0000029d8ee1fc50, 0, 1;
L_0000029d8ee073f0 .part L_0000029d8ee07170, 0, 4;
L_0000029d8ee06630 .part L_0000029d8ee07170, 4, 1;
S_0000029d8ed93b30 .scope generate, "cla4_blocks[2]" "cla4_blocks[2]" 5 32, 5 32 0, S_0000029d8ed82120;
 .timescale -9 -12;
P_0000029d8ece2f50 .param/l "i" 0 5 32, +C4<010>;
S_0000029d8ed93fe0 .scope module, "block" "cla_4bit" 5 33, 6 3 0, S_0000029d8ed93b30;
 .timescale -9 -12;
    .port_info 0 /INPUT 4 "a";
    .port_info 1 /INPUT 4 "b";
    .port_info 2 /INPUT 1 "cin";
    .port_info 3 /OUTPUT 4 "sum";
    .port_info 4 /OUTPUT 1 "group_G";
    .port_info 5 /OUTPUT 1 "group_P";
    .port_info 6 /OUTPUT 1 "cout";
L_0000029d8ee28e30 .functor AND 4, L_0000029d8ee0a410, L_0000029d8ee082f0, C4<1111>, C4<1111>;
L_0000029d8ee29840 .functor XOR 4, L_0000029d8ee0a410, L_0000029d8ee082f0, C4<0000>, C4<0000>;
L_0000029d8ee29920 .functor BUFZ 1, L_0000029d8ee084d0, C4<0>, C4<0>, C4<0>;
L_0000029d8ee2a250 .functor AND 1, L_0000029d8ee07fd0, L_0000029d8ee078f0, C4<1>, C4<1>;
L_0000029d8ee2a640 .functor OR 1, L_0000029d8ee07850, L_0000029d8ee2a250, C4<0>, C4<0>;
L_0000029d8ee29300 .functor AND 1, L_0000029d8ee072b0, L_0000029d8ee07350, C4<1>, C4<1>;
L_0000029d8ee297d0 .functor OR 1, L_0000029d8ee05e10, L_0000029d8ee29300, C4<0>, C4<0>;
L_0000029d8ee28d50 .functor AND 1, L_0000029d8ee07b70, L_0000029d8ee05eb0, C4<1>, C4<1>;
L_0000029d8ee2a790 .functor AND 1, L_0000029d8ee28d50, L_0000029d8ee07c10, C4<1>, C4<1>;
L_0000029d8ee29a70 .functor OR 1, L_0000029d8ee297d0, L_0000029d8ee2a790, C4<0>, C4<0>;
L_0000029d8ee290d0 .functor AND 1, L_0000029d8ee06130, L_0000029d8ee08070, C4<1>, C4<1>;
L_0000029d8ee29990 .functor OR 1, L_0000029d8ee06270, L_0000029d8ee290d0, C4<0>, C4<0>;
L_0000029d8ee291b0 .functor AND 1, L_0000029d8ee07d50, L_0000029d8ee07df0, C4<1>, C4<1>;
L_0000029d8ee2a480 .functor AND 1, L_0000029d8ee291b0, L_0000029d8ee08110, C4<1>, C4<1>;
L_0000029d8ee293e0 .functor OR 1, L_0000029d8ee29990, L_0000029d8ee2a480, C4<0>, C4<0>;
L_0000029d8ee29d80 .functor AND 1, L_0000029d8ee059b0, L_0000029d8ee087f0, C4<1>, C4<1>;
L_0000029d8ee29140 .functor AND 1, L_0000029d8ee29d80, L_0000029d8ee081b0, C4<1>, C4<1>;
L_0000029d8ee29450 .functor AND 1, L_0000029d8ee29140, L_0000029d8ee08ed0, C4<1>, C4<1>;
L_0000029d8ee294c0 .functor OR 1, L_0000029d8ee293e0, L_0000029d8ee29450, C4<0>, C4<0>;
L_0000029d8ee2a1e0 .functor AND 1, L_0000029d8ee0a730, L_0000029d8ee0a7d0, C4<1>, C4<1>;
L_0000029d8ee2a6b0 .functor OR 1, L_0000029d8ee09f10, L_0000029d8ee2a1e0, C4<0>, C4<0>;
L_0000029d8ee2a4f0 .functor AND 1, L_0000029d8ee0a910, L_0000029d8ee09150, C4<1>, C4<1>;
L_0000029d8ee2a170 .functor AND 1, L_0000029d8ee2a4f0, L_0000029d8ee089d0, C4<1>, C4<1>;
L_0000029d8ee2a020 .functor OR 1, L_0000029d8ee2a6b0, L_0000029d8ee2a170, C4<0>, C4<0>;
L_0000029d8ee2a720 .functor AND 1, L_0000029d8ee08930, L_0000029d8ee09290, C4<1>, C4<1>;
L_0000029d8ee2a2c0 .functor AND 1, L_0000029d8ee2a720, L_0000029d8ee09790, C4<1>, C4<1>;
L_0000029d8ee29ed0 .functor AND 1, L_0000029d8ee2a2c0, L_0000029d8ee098d0, C4<1>, C4<1>;
L_0000029d8ee2a330 .functor OR 1, L_0000029d8ee2a020, L_0000029d8ee29ed0, C4<0>, C4<0>;
L_0000029d8ee29f40 .functor AND 1, L_0000029d8ee09510, L_0000029d8ee08b10, C4<1>, C4<1>;
L_0000029d8ee2a560 .functor AND 1, L_0000029d8ee29f40, L_0000029d8ee091f0, C4<1>, C4<1>;
L_0000029d8ee2a3a0 .functor AND 1, L_0000029d8ee2a560, L_0000029d8ee086b0, C4<1>, C4<1>;
L_0000029d8ee2a410 .functor AND 1, L_0000029d8ee2a3a0, L_0000029d8ee0a550, C4<1>, C4<1>;
L_0000029d8ee2a800 .functor OR 1, L_0000029d8ee2a330, L_0000029d8ee2a410, C4<0>, C4<0>;
L_0000029d8ee28dc0 .functor AND 1, L_0000029d8ee0a230, L_0000029d8ee08750, C4<1>, C4<1>;
L_0000029d8ee29ae0 .functor AND 1, L_0000029d8ee28dc0, L_0000029d8ee0a690, C4<1>, C4<1>;
L_0000029d8ee2a8e0 .functor AND 1, L_0000029d8ee29ae0, L_0000029d8ee09970, C4<1>, C4<1>;
L_0000029d8ee29ca0 .functor AND 1, L_0000029d8ee08250, L_0000029d8ee08430, C4<1>, C4<1>;
L_0000029d8ee28ea0 .functor OR 1, L_0000029d8ee0a370, L_0000029d8ee29ca0, C4<0>, C4<0>;
L_0000029d8ee29fb0 .functor AND 1, L_0000029d8ee095b0, L_0000029d8ee08bb0, C4<1>, C4<1>;
L_0000029d8ee28f10 .functor AND 1, L_0000029d8ee29fb0, L_0000029d8ee09330, C4<1>, C4<1>;
L_0000029d8ee29220 .functor OR 1, L_0000029d8ee28ea0, L_0000029d8ee28f10, C4<0>, C4<0>;
L_0000029d8ee28f80 .functor AND 1, L_0000029d8ee0a2d0, L_0000029d8ee0a5f0, C4<1>, C4<1>;
L_0000029d8ee29b50 .functor AND 1, L_0000029d8ee28f80, L_0000029d8ee0a870, C4<1>, C4<1>;
L_0000029d8ee28ff0 .functor AND 1, L_0000029d8ee29b50, L_0000029d8ee08890, C4<1>, C4<1>;
L_0000029d8ee29060 .functor OR 1, L_0000029d8ee29220, L_0000029d8ee28ff0, C4<0>, C4<0>;
L_0000029d8ee29e60 .functor XOR 4, L_0000029d8ee29840, L_0000029d8ee08a70, C4<0000>, C4<0000>;
v0000029d8ed8ed90_0 .net *"_ivl_100", 0 0, L_0000029d8ee09150;  1 drivers
v0000029d8ed8e610_0 .net *"_ivl_101", 0 0, L_0000029d8ee2a4f0;  1 drivers
v0000029d8ed8d490_0 .net *"_ivl_104", 0 0, L_0000029d8ee089d0;  1 drivers
v0000029d8ed8e390_0 .net *"_ivl_105", 0 0, L_0000029d8ee2a170;  1 drivers
v0000029d8ed8e6b0_0 .net *"_ivl_107", 0 0, L_0000029d8ee2a020;  1 drivers
v0000029d8ed8d5d0_0 .net *"_ivl_11", 0 0, L_0000029d8ee07850;  1 drivers
v0000029d8ed8e9d0_0 .net *"_ivl_110", 0 0, L_0000029d8ee08930;  1 drivers
v0000029d8ed8e750_0 .net *"_ivl_112", 0 0, L_0000029d8ee09290;  1 drivers
v0000029d8ed8d350_0 .net *"_ivl_113", 0 0, L_0000029d8ee2a720;  1 drivers
v0000029d8ed8e7f0_0 .net *"_ivl_116", 0 0, L_0000029d8ee09790;  1 drivers
v0000029d8ed8dcb0_0 .net *"_ivl_117", 0 0, L_0000029d8ee2a2c0;  1 drivers
v0000029d8ed8d210_0 .net *"_ivl_120", 0 0, L_0000029d8ee098d0;  1 drivers
v0000029d8ed8d3f0_0 .net *"_ivl_121", 0 0, L_0000029d8ee29ed0;  1 drivers
v0000029d8ed8ee30_0 .net *"_ivl_123", 0 0, L_0000029d8ee2a330;  1 drivers
v0000029d8ed8f0b0_0 .net *"_ivl_126", 0 0, L_0000029d8ee09510;  1 drivers
v0000029d8ed8f290_0 .net *"_ivl_128", 0 0, L_0000029d8ee08b10;  1 drivers
v0000029d8ed8d710_0 .net *"_ivl_129", 0 0, L_0000029d8ee29f40;  1 drivers
v0000029d8ed8e430_0 .net *"_ivl_13", 0 0, L_0000029d8ee07fd0;  1 drivers
v0000029d8ed8f1f0_0 .net *"_ivl_132", 0 0, L_0000029d8ee091f0;  1 drivers
v0000029d8ed8cbd0_0 .net *"_ivl_133", 0 0, L_0000029d8ee2a560;  1 drivers
v0000029d8ed8d170_0 .net *"_ivl_136", 0 0, L_0000029d8ee086b0;  1 drivers
v0000029d8ed8cef0_0 .net *"_ivl_137", 0 0, L_0000029d8ee2a3a0;  1 drivers
v0000029d8ed8d8f0_0 .net *"_ivl_140", 0 0, L_0000029d8ee0a550;  1 drivers
v0000029d8ed8d670_0 .net *"_ivl_141", 0 0, L_0000029d8ee2a410;  1 drivers
v0000029d8ed8d030_0 .net *"_ivl_143", 0 0, L_0000029d8ee2a800;  1 drivers
v0000029d8ed8d7b0_0 .net *"_ivl_146", 0 0, L_0000029d8ee0a230;  1 drivers
v0000029d8ed8d0d0_0 .net *"_ivl_148", 0 0, L_0000029d8ee08750;  1 drivers
v0000029d8ed8e1b0_0 .net *"_ivl_149", 0 0, L_0000029d8ee28dc0;  1 drivers
v0000029d8ed8f330_0 .net *"_ivl_15", 0 0, L_0000029d8ee078f0;  1 drivers
v0000029d8ed8d2b0_0 .net *"_ivl_152", 0 0, L_0000029d8ee0a690;  1 drivers
v0000029d8ed8cc70_0 .net *"_ivl_153", 0 0, L_0000029d8ee29ae0;  1 drivers
v0000029d8ed8cd10_0 .net *"_ivl_156", 0 0, L_0000029d8ee09970;  1 drivers
v0000029d8ed8d850_0 .net *"_ivl_16", 0 0, L_0000029d8ee2a250;  1 drivers
v0000029d8ed8e250_0 .net *"_ivl_160", 0 0, L_0000029d8ee0a370;  1 drivers
v0000029d8ed8d990_0 .net *"_ivl_162", 0 0, L_0000029d8ee08250;  1 drivers
v0000029d8ed8dad0_0 .net *"_ivl_164", 0 0, L_0000029d8ee08430;  1 drivers
v0000029d8ed8dc10_0 .net *"_ivl_165", 0 0, L_0000029d8ee29ca0;  1 drivers
v0000029d8ed8dd50_0 .net *"_ivl_167", 0 0, L_0000029d8ee28ea0;  1 drivers
v0000029d8ed8ddf0_0 .net *"_ivl_170", 0 0, L_0000029d8ee095b0;  1 drivers
v0000029d8ed8de90_0 .net *"_ivl_172", 0 0, L_0000029d8ee08bb0;  1 drivers
v0000029d8ed8df30_0 .net *"_ivl_173", 0 0, L_0000029d8ee29fb0;  1 drivers
v0000029d8ed8e070_0 .net *"_ivl_176", 0 0, L_0000029d8ee09330;  1 drivers
v0000029d8ed90eb0_0 .net *"_ivl_177", 0 0, L_0000029d8ee28f10;  1 drivers
v0000029d8ed904b0_0 .net *"_ivl_179", 0 0, L_0000029d8ee29220;  1 drivers
v0000029d8ed8fa10_0 .net *"_ivl_18", 0 0, L_0000029d8ee2a640;  1 drivers
v0000029d8ed8fbf0_0 .net *"_ivl_182", 0 0, L_0000029d8ee0a2d0;  1 drivers
v0000029d8ed91090_0 .net *"_ivl_184", 0 0, L_0000029d8ee0a5f0;  1 drivers
v0000029d8ed91310_0 .net *"_ivl_185", 0 0, L_0000029d8ee28f80;  1 drivers
v0000029d8ed91a90_0 .net *"_ivl_188", 0 0, L_0000029d8ee0a870;  1 drivers
v0000029d8ed8ff10_0 .net *"_ivl_189", 0 0, L_0000029d8ee29b50;  1 drivers
v0000029d8ed90910_0 .net *"_ivl_192", 0 0, L_0000029d8ee08890;  1 drivers
v0000029d8ed905f0_0 .net *"_ivl_193", 0 0, L_0000029d8ee28ff0;  1 drivers
v0000029d8ed916d0_0 .net *"_ivl_198", 3 0, L_0000029d8ee08a70;  1 drivers
v0000029d8ed90190_0 .net *"_ivl_23", 0 0, L_0000029d8ee05e10;  1 drivers
v0000029d8ed902d0_0 .net *"_ivl_25", 0 0, L_0000029d8ee072b0;  1 drivers
v0000029d8ed8f3d0_0 .net *"_ivl_27", 0 0, L_0000029d8ee07350;  1 drivers
v0000029d8ed8f830_0 .net *"_ivl_28", 0 0, L_0000029d8ee29300;  1 drivers
v0000029d8ed91b30_0 .net *"_ivl_30", 0 0, L_0000029d8ee297d0;  1 drivers
v0000029d8ed90ff0_0 .net *"_ivl_33", 0 0, L_0000029d8ee07b70;  1 drivers
v0000029d8ed90550_0 .net *"_ivl_35", 0 0, L_0000029d8ee05eb0;  1 drivers
v0000029d8ed8f5b0_0 .net *"_ivl_36", 0 0, L_0000029d8ee28d50;  1 drivers
v0000029d8ed8f510_0 .net *"_ivl_39", 0 0, L_0000029d8ee07c10;  1 drivers
v0000029d8ed8f8d0_0 .net *"_ivl_40", 0 0, L_0000029d8ee2a790;  1 drivers
v0000029d8ed8fab0_0 .net *"_ivl_42", 0 0, L_0000029d8ee29a70;  1 drivers
v0000029d8ed90690_0 .net *"_ivl_47", 0 0, L_0000029d8ee06270;  1 drivers
v0000029d8ed90f50_0 .net *"_ivl_49", 0 0, L_0000029d8ee06130;  1 drivers
v0000029d8ed90e10_0 .net *"_ivl_51", 0 0, L_0000029d8ee08070;  1 drivers
v0000029d8ed90cd0_0 .net *"_ivl_52", 0 0, L_0000029d8ee290d0;  1 drivers
v0000029d8ed907d0_0 .net *"_ivl_54", 0 0, L_0000029d8ee29990;  1 drivers
v0000029d8ed8fb50_0 .net *"_ivl_57", 0 0, L_0000029d8ee07d50;  1 drivers
v0000029d8ed8fe70_0 .net *"_ivl_59", 0 0, L_0000029d8ee07df0;  1 drivers
v0000029d8ed90af0_0 .net *"_ivl_60", 0 0, L_0000029d8ee291b0;  1 drivers
v0000029d8ed8f970_0 .net *"_ivl_63", 0 0, L_0000029d8ee08110;  1 drivers
v0000029d8ed90050_0 .net *"_ivl_64", 0 0, L_0000029d8ee2a480;  1 drivers
v0000029d8ed900f0_0 .net *"_ivl_66", 0 0, L_0000029d8ee293e0;  1 drivers
v0000029d8ed90730_0 .net *"_ivl_69", 0 0, L_0000029d8ee059b0;  1 drivers
v0000029d8ed8fc90_0 .net *"_ivl_7", 0 0, L_0000029d8ee29920;  1 drivers
v0000029d8ed913b0_0 .net *"_ivl_71", 0 0, L_0000029d8ee087f0;  1 drivers
v0000029d8ed8fdd0_0 .net *"_ivl_72", 0 0, L_0000029d8ee29d80;  1 drivers
v0000029d8ed90870_0 .net *"_ivl_75", 0 0, L_0000029d8ee081b0;  1 drivers
v0000029d8ed8f650_0 .net *"_ivl_76", 0 0, L_0000029d8ee29140;  1 drivers
v0000029d8ed91590_0 .net *"_ivl_79", 0 0, L_0000029d8ee08ed0;  1 drivers
v0000029d8ed91950_0 .net *"_ivl_80", 0 0, L_0000029d8ee29450;  1 drivers
v0000029d8ed8ffb0_0 .net *"_ivl_82", 0 0, L_0000029d8ee294c0;  1 drivers
v0000029d8ed90230_0 .net *"_ivl_88", 0 0, L_0000029d8ee09f10;  1 drivers
v0000029d8ed91810_0 .net *"_ivl_90", 0 0, L_0000029d8ee0a730;  1 drivers
v0000029d8ed90b90_0 .net *"_ivl_92", 0 0, L_0000029d8ee0a7d0;  1 drivers
v0000029d8ed8fd30_0 .net *"_ivl_93", 0 0, L_0000029d8ee2a1e0;  1 drivers
v0000029d8ed909b0_0 .net *"_ivl_95", 0 0, L_0000029d8ee2a6b0;  1 drivers
v0000029d8ed919f0_0 .net *"_ivl_98", 0 0, L_0000029d8ee0a910;  1 drivers
v0000029d8ed8f790_0 .net "a", 3 0, L_0000029d8ee0a410;  1 drivers
v0000029d8ed90370_0 .net "b", 3 0, L_0000029d8ee082f0;  1 drivers
v0000029d8ed90d70_0 .net "c", 4 0, L_0000029d8ee096f0;  1 drivers
v0000029d8ed91130_0 .net "cin", 0 0, L_0000029d8ee084d0;  1 drivers
v0000029d8ed911d0_0 .net "cout", 0 0, L_0000029d8ee08e30;  1 drivers
v0000029d8ed90410_0 .net "g", 3 0, L_0000029d8ee28e30;  1 drivers
v0000029d8ed8f6f0_0 .net "group_G", 0 0, L_0000029d8ee29060;  1 drivers
v0000029d8ed91450_0 .net "group_P", 0 0, L_0000029d8ee2a8e0;  1 drivers
v0000029d8ed90a50_0 .net "p", 3 0, L_0000029d8ee29840;  1 drivers
v0000029d8ed90c30_0 .net "sum", 3 0, L_0000029d8ee29e60;  1 drivers
L_0000029d8ee07850 .part L_0000029d8ee28e30, 0, 1;
L_0000029d8ee07fd0 .part L_0000029d8ee29840, 0, 1;
L_0000029d8ee078f0 .part L_0000029d8ee096f0, 0, 1;
L_0000029d8ee05e10 .part L_0000029d8ee28e30, 1, 1;
L_0000029d8ee072b0 .part L_0000029d8ee29840, 1, 1;
L_0000029d8ee07350 .part L_0000029d8ee28e30, 0, 1;
L_0000029d8ee07b70 .part L_0000029d8ee29840, 1, 1;
L_0000029d8ee05eb0 .part L_0000029d8ee29840, 0, 1;
L_0000029d8ee07c10 .part L_0000029d8ee096f0, 0, 1;
L_0000029d8ee06270 .part L_0000029d8ee28e30, 2, 1;
L_0000029d8ee06130 .part L_0000029d8ee29840, 2, 1;
L_0000029d8ee08070 .part L_0000029d8ee28e30, 1, 1;
L_0000029d8ee07d50 .part L_0000029d8ee29840, 2, 1;
L_0000029d8ee07df0 .part L_0000029d8ee29840, 1, 1;
L_0000029d8ee08110 .part L_0000029d8ee28e30, 0, 1;
L_0000029d8ee059b0 .part L_0000029d8ee29840, 2, 1;
L_0000029d8ee087f0 .part L_0000029d8ee29840, 1, 1;
L_0000029d8ee081b0 .part L_0000029d8ee29840, 0, 1;
L_0000029d8ee08ed0 .part L_0000029d8ee096f0, 0, 1;
LS_0000029d8ee096f0_0_0 .concat8 [ 1 1 1 1], L_0000029d8ee29920, L_0000029d8ee2a640, L_0000029d8ee29a70, L_0000029d8ee294c0;
LS_0000029d8ee096f0_0_4 .concat8 [ 1 0 0 0], L_0000029d8ee2a800;
L_0000029d8ee096f0 .concat8 [ 4 1 0 0], LS_0000029d8ee096f0_0_0, LS_0000029d8ee096f0_0_4;
L_0000029d8ee09f10 .part L_0000029d8ee28e30, 3, 1;
L_0000029d8ee0a730 .part L_0000029d8ee29840, 3, 1;
L_0000029d8ee0a7d0 .part L_0000029d8ee28e30, 2, 1;
L_0000029d8ee0a910 .part L_0000029d8ee29840, 3, 1;
L_0000029d8ee09150 .part L_0000029d8ee29840, 2, 1;
L_0000029d8ee089d0 .part L_0000029d8ee28e30, 1, 1;
L_0000029d8ee08930 .part L_0000029d8ee29840, 3, 1;
L_0000029d8ee09290 .part L_0000029d8ee29840, 2, 1;
L_0000029d8ee09790 .part L_0000029d8ee29840, 1, 1;
L_0000029d8ee098d0 .part L_0000029d8ee28e30, 0, 1;
L_0000029d8ee09510 .part L_0000029d8ee29840, 3, 1;
L_0000029d8ee08b10 .part L_0000029d8ee29840, 2, 1;
L_0000029d8ee091f0 .part L_0000029d8ee29840, 1, 1;
L_0000029d8ee086b0 .part L_0000029d8ee29840, 0, 1;
L_0000029d8ee0a550 .part L_0000029d8ee096f0, 0, 1;
L_0000029d8ee0a230 .part L_0000029d8ee29840, 3, 1;
L_0000029d8ee08750 .part L_0000029d8ee29840, 2, 1;
L_0000029d8ee0a690 .part L_0000029d8ee29840, 1, 1;
L_0000029d8ee09970 .part L_0000029d8ee29840, 0, 1;
L_0000029d8ee0a370 .part L_0000029d8ee28e30, 3, 1;
L_0000029d8ee08250 .part L_0000029d8ee29840, 3, 1;
L_0000029d8ee08430 .part L_0000029d8ee28e30, 2, 1;
L_0000029d8ee095b0 .part L_0000029d8ee29840, 3, 1;
L_0000029d8ee08bb0 .part L_0000029d8ee29840, 2, 1;
L_0000029d8ee09330 .part L_0000029d8ee28e30, 1, 1;
L_0000029d8ee0a2d0 .part L_0000029d8ee29840, 3, 1;
L_0000029d8ee0a5f0 .part L_0000029d8ee29840, 2, 1;
L_0000029d8ee0a870 .part L_0000029d8ee29840, 1, 1;
L_0000029d8ee08890 .part L_0000029d8ee28e30, 0, 1;
L_0000029d8ee08a70 .part L_0000029d8ee096f0, 0, 4;
L_0000029d8ee08e30 .part L_0000029d8ee096f0, 4, 1;
S_0000029d8ed93cc0 .scope generate, "cla4_blocks[3]" "cla4_blocks[3]" 5 32, 5 32 0, S_0000029d8ed82120;
 .timescale -9 -12;
P_0000029d8ece3210 .param/l "i" 0 5 32, +C4<011>;
S_0000029d8ed94170 .scope module, "block" "cla_4bit" 5 33, 6 3 0, S_0000029d8ed93cc0;
 .timescale -9 -12;
    .port_info 0 /INPUT 4 "a";
    .port_info 1 /INPUT 4 "b";
    .port_info 2 /INPUT 1 "cin";
    .port_info 3 /OUTPUT 4 "sum";
    .port_info 4 /OUTPUT 1 "group_G";
    .port_info 5 /OUTPUT 1 "group_P";
    .port_info 6 /OUTPUT 1 "cout";
L_0000029d8ee29760 .functor AND 4, L_0000029d8ee0c2b0, L_0000029d8ee0c670, C4<1111>, C4<1111>;
L_0000029d8ee29d10 .functor XOR 4, L_0000029d8ee0c2b0, L_0000029d8ee0c670, C4<0000>, C4<0000>;
L_0000029d8ee298b0 .functor BUFZ 1, L_0000029d8ee0cb70, C4<0>, C4<0>, C4<0>;
L_0000029d8ee29a00 .functor AND 1, L_0000029d8ee0a190, L_0000029d8ee08c50, C4<1>, C4<1>;
L_0000029d8ee29290 .functor OR 1, L_0000029d8ee093d0, L_0000029d8ee29a00, C4<0>, C4<0>;
L_0000029d8ee29530 .functor AND 1, L_0000029d8ee08cf0, L_0000029d8ee08570, C4<1>, C4<1>;
L_0000029d8ee29370 .functor OR 1, L_0000029d8ee08390, L_0000029d8ee29530, C4<0>, C4<0>;
L_0000029d8ee29c30 .functor AND 1, L_0000029d8ee08610, L_0000029d8ee08d90, C4<1>, C4<1>;
L_0000029d8ee295a0 .functor AND 1, L_0000029d8ee29c30, L_0000029d8ee0a4b0, C4<1>, C4<1>;
L_0000029d8ee29680 .functor OR 1, L_0000029d8ee29370, L_0000029d8ee295a0, C4<0>, C4<0>;
L_0000029d8ee2a090 .functor AND 1, L_0000029d8ee09010, L_0000029d8ee090b0, C4<1>, C4<1>;
L_0000029d8ee296f0 .functor OR 1, L_0000029d8ee08f70, L_0000029d8ee2a090, C4<0>, C4<0>;
L_0000029d8ee2b440 .functor AND 1, L_0000029d8ee09470, L_0000029d8ee09650, C4<1>, C4<1>;
L_0000029d8ee29610 .functor AND 1, L_0000029d8ee2b440, L_0000029d8ee09830, C4<1>, C4<1>;
L_0000029d8ee2af00 .functor OR 1, L_0000029d8ee296f0, L_0000029d8ee29610, C4<0>, C4<0>;
L_0000029d8ee2b4b0 .functor AND 1, L_0000029d8ee09a10, L_0000029d8ee09ab0, C4<1>, C4<1>;
L_0000029d8ee2b360 .functor AND 1, L_0000029d8ee2b4b0, L_0000029d8ee09c90, C4<1>, C4<1>;
L_0000029d8ee2afe0 .functor AND 1, L_0000029d8ee2b360, L_0000029d8ee09bf0, C4<1>, C4<1>;
L_0000029d8ee2aaa0 .functor OR 1, L_0000029d8ee2af00, L_0000029d8ee2afe0, C4<0>, C4<0>;
L_0000029d8ee2ab10 .functor AND 1, L_0000029d8ee09b50, L_0000029d8ee09d30, C4<1>, C4<1>;
L_0000029d8ee2ab80 .functor OR 1, L_0000029d8ee0a0f0, L_0000029d8ee2ab10, C4<0>, C4<0>;
L_0000029d8ee2b050 .functor AND 1, L_0000029d8ee09dd0, L_0000029d8ee09e70, C4<1>, C4<1>;
L_0000029d8ee2abf0 .functor AND 1, L_0000029d8ee2b050, L_0000029d8ee0a050, C4<1>, C4<1>;
L_0000029d8ee2ac60 .functor OR 1, L_0000029d8ee2ab80, L_0000029d8ee2abf0, C4<0>, C4<0>;
L_0000029d8ee2b1a0 .functor AND 1, L_0000029d8ee0ba90, L_0000029d8ee0b310, C4<1>, C4<1>;
L_0000029d8ee2acd0 .functor AND 1, L_0000029d8ee2b1a0, L_0000029d8ee0b130, C4<1>, C4<1>;
L_0000029d8ee2b750 .functor AND 1, L_0000029d8ee2acd0, L_0000029d8ee0b450, C4<1>, C4<1>;
L_0000029d8ee2b590 .functor OR 1, L_0000029d8ee2ac60, L_0000029d8ee2b750, C4<0>, C4<0>;
L_0000029d8ee2ad40 .functor AND 1, L_0000029d8ee0aa50, L_0000029d8ee0b810, C4<1>, C4<1>;
L_0000029d8ee2b3d0 .functor AND 1, L_0000029d8ee2ad40, L_0000029d8ee0a9b0, C4<1>, C4<1>;
L_0000029d8ee2adb0 .functor AND 1, L_0000029d8ee2b3d0, L_0000029d8ee0b770, C4<1>, C4<1>;
L_0000029d8ee2ae20 .functor AND 1, L_0000029d8ee2adb0, L_0000029d8ee0b6d0, C4<1>, C4<1>;
L_0000029d8ee2a9c0 .functor OR 1, L_0000029d8ee2b590, L_0000029d8ee2ae20, C4<0>, C4<0>;
L_0000029d8ee2aa30 .functor AND 1, L_0000029d8ee0c7b0, L_0000029d8ee0bdb0, C4<1>, C4<1>;
L_0000029d8ee2b520 .functor AND 1, L_0000029d8ee2aa30, L_0000029d8ee0bc70, C4<1>, C4<1>;
L_0000029d8ee2b7c0 .functor AND 1, L_0000029d8ee2b520, L_0000029d8ee0c490, C4<1>, C4<1>;
L_0000029d8ee2b670 .functor AND 1, L_0000029d8ee0be50, L_0000029d8ee0cdf0, C4<1>, C4<1>;
L_0000029d8ee2ae90 .functor OR 1, L_0000029d8ee0c850, L_0000029d8ee2b670, C4<0>, C4<0>;
L_0000029d8ee2af70 .functor AND 1, L_0000029d8ee0cad0, L_0000029d8ee0b8b0, C4<1>, C4<1>;
L_0000029d8ee2b0c0 .functor AND 1, L_0000029d8ee2af70, L_0000029d8ee0c5d0, C4<1>, C4<1>;
L_0000029d8ee2b130 .functor OR 1, L_0000029d8ee2ae90, L_0000029d8ee2b0c0, C4<0>, C4<0>;
L_0000029d8ee2a950 .functor AND 1, L_0000029d8ee0b1d0, L_0000029d8ee0ab90, C4<1>, C4<1>;
L_0000029d8ee2b210 .functor AND 1, L_0000029d8ee2a950, L_0000029d8ee0b4f0, C4<1>, C4<1>;
L_0000029d8ee2b280 .functor AND 1, L_0000029d8ee2b210, L_0000029d8ee0ce90, C4<1>, C4<1>;
L_0000029d8ee2b2f0 .functor OR 1, L_0000029d8ee2b130, L_0000029d8ee2b280, C4<0>, C4<0>;
L_0000029d8ee2b830 .functor XOR 4, L_0000029d8ee29d10, L_0000029d8ee0cf30, C4<0000>, C4<0000>;
v0000029d8ed91270_0 .net *"_ivl_100", 0 0, L_0000029d8ee09e70;  1 drivers
v0000029d8ed914f0_0 .net *"_ivl_101", 0 0, L_0000029d8ee2b050;  1 drivers
v0000029d8ed91630_0 .net *"_ivl_104", 0 0, L_0000029d8ee0a050;  1 drivers
v0000029d8ed91770_0 .net *"_ivl_105", 0 0, L_0000029d8ee2abf0;  1 drivers
v0000029d8ed8f470_0 .net *"_ivl_107", 0 0, L_0000029d8ee2ac60;  1 drivers
v0000029d8ed918b0_0 .net *"_ivl_11", 0 0, L_0000029d8ee093d0;  1 drivers
v0000029d8ed92210_0 .net *"_ivl_110", 0 0, L_0000029d8ee0ba90;  1 drivers
v0000029d8ed91f90_0 .net *"_ivl_112", 0 0, L_0000029d8ee0b310;  1 drivers
v0000029d8ed923f0_0 .net *"_ivl_113", 0 0, L_0000029d8ee2b1a0;  1 drivers
v0000029d8ed92170_0 .net *"_ivl_116", 0 0, L_0000029d8ee0b130;  1 drivers
v0000029d8ed92710_0 .net *"_ivl_117", 0 0, L_0000029d8ee2acd0;  1 drivers
v0000029d8ed925d0_0 .net *"_ivl_120", 0 0, L_0000029d8ee0b450;  1 drivers
v0000029d8ed92030_0 .net *"_ivl_121", 0 0, L_0000029d8ee2b750;  1 drivers
v0000029d8ed91c70_0 .net *"_ivl_123", 0 0, L_0000029d8ee2b590;  1 drivers
v0000029d8ed92670_0 .net *"_ivl_126", 0 0, L_0000029d8ee0aa50;  1 drivers
v0000029d8ed91e50_0 .net *"_ivl_128", 0 0, L_0000029d8ee0b810;  1 drivers
v0000029d8ed927b0_0 .net *"_ivl_129", 0 0, L_0000029d8ee2ad40;  1 drivers
v0000029d8ed922b0_0 .net *"_ivl_13", 0 0, L_0000029d8ee0a190;  1 drivers
v0000029d8ed91db0_0 .net *"_ivl_132", 0 0, L_0000029d8ee0a9b0;  1 drivers
v0000029d8ed91ef0_0 .net *"_ivl_133", 0 0, L_0000029d8ee2b3d0;  1 drivers
v0000029d8ed92850_0 .net *"_ivl_136", 0 0, L_0000029d8ee0b770;  1 drivers
v0000029d8ed928f0_0 .net *"_ivl_137", 0 0, L_0000029d8ee2adb0;  1 drivers
v0000029d8ed92a30_0 .net *"_ivl_140", 0 0, L_0000029d8ee0b6d0;  1 drivers
v0000029d8ed920d0_0 .net *"_ivl_141", 0 0, L_0000029d8ee2ae20;  1 drivers
v0000029d8ed92350_0 .net *"_ivl_143", 0 0, L_0000029d8ee2a9c0;  1 drivers
v0000029d8ed92490_0 .net *"_ivl_146", 0 0, L_0000029d8ee0c7b0;  1 drivers
v0000029d8ed92990_0 .net *"_ivl_148", 0 0, L_0000029d8ee0bdb0;  1 drivers
v0000029d8ed92530_0 .net *"_ivl_149", 0 0, L_0000029d8ee2aa30;  1 drivers
v0000029d8ed91bd0_0 .net *"_ivl_15", 0 0, L_0000029d8ee08c50;  1 drivers
v0000029d8ed91d10_0 .net *"_ivl_152", 0 0, L_0000029d8ee0bc70;  1 drivers
v0000029d8ed83030_0 .net *"_ivl_153", 0 0, L_0000029d8ee2b520;  1 drivers
v0000029d8ed85330_0 .net *"_ivl_156", 0 0, L_0000029d8ee0c490;  1 drivers
v0000029d8ed847f0_0 .net *"_ivl_16", 0 0, L_0000029d8ee29a00;  1 drivers
v0000029d8ed83cb0_0 .net *"_ivl_160", 0 0, L_0000029d8ee0c850;  1 drivers
v0000029d8ed82db0_0 .net *"_ivl_162", 0 0, L_0000029d8ee0be50;  1 drivers
v0000029d8ed82d10_0 .net *"_ivl_164", 0 0, L_0000029d8ee0cdf0;  1 drivers
v0000029d8ed830d0_0 .net *"_ivl_165", 0 0, L_0000029d8ee2b670;  1 drivers
v0000029d8ed83210_0 .net *"_ivl_167", 0 0, L_0000029d8ee2ae90;  1 drivers
v0000029d8ed83d50_0 .net *"_ivl_170", 0 0, L_0000029d8ee0cad0;  1 drivers
v0000029d8ed846b0_0 .net *"_ivl_172", 0 0, L_0000029d8ee0b8b0;  1 drivers
v0000029d8ed84610_0 .net *"_ivl_173", 0 0, L_0000029d8ee2af70;  1 drivers
v0000029d8ed844d0_0 .net *"_ivl_176", 0 0, L_0000029d8ee0c5d0;  1 drivers
v0000029d8ed83fd0_0 .net *"_ivl_177", 0 0, L_0000029d8ee2b0c0;  1 drivers
v0000029d8ed832b0_0 .net *"_ivl_179", 0 0, L_0000029d8ee2b130;  1 drivers
v0000029d8ed83670_0 .net *"_ivl_18", 0 0, L_0000029d8ee29290;  1 drivers
v0000029d8ed842f0_0 .net *"_ivl_182", 0 0, L_0000029d8ee0b1d0;  1 drivers
v0000029d8ed83170_0 .net *"_ivl_184", 0 0, L_0000029d8ee0ab90;  1 drivers
v0000029d8ed83850_0 .net *"_ivl_185", 0 0, L_0000029d8ee2a950;  1 drivers
v0000029d8ed838f0_0 .net *"_ivl_188", 0 0, L_0000029d8ee0b4f0;  1 drivers
v0000029d8ed83df0_0 .net *"_ivl_189", 0 0, L_0000029d8ee2b210;  1 drivers
v0000029d8ed833f0_0 .net *"_ivl_192", 0 0, L_0000029d8ee0ce90;  1 drivers
v0000029d8ed84b10_0 .net *"_ivl_193", 0 0, L_0000029d8ee2b280;  1 drivers
v0000029d8ed835d0_0 .net *"_ivl_198", 3 0, L_0000029d8ee0cf30;  1 drivers
v0000029d8ed83e90_0 .net *"_ivl_23", 0 0, L_0000029d8ee08390;  1 drivers
v0000029d8ed82e50_0 .net *"_ivl_25", 0 0, L_0000029d8ee08cf0;  1 drivers
v0000029d8ed84d90_0 .net *"_ivl_27", 0 0, L_0000029d8ee08570;  1 drivers
v0000029d8ed85150_0 .net *"_ivl_28", 0 0, L_0000029d8ee29530;  1 drivers
v0000029d8ed83710_0 .net *"_ivl_30", 0 0, L_0000029d8ee29370;  1 drivers
v0000029d8ed83990_0 .net *"_ivl_33", 0 0, L_0000029d8ee08610;  1 drivers
v0000029d8ed85010_0 .net *"_ivl_35", 0 0, L_0000029d8ee08d90;  1 drivers
v0000029d8ed84390_0 .net *"_ivl_36", 0 0, L_0000029d8ee29c30;  1 drivers
v0000029d8ed83350_0 .net *"_ivl_39", 0 0, L_0000029d8ee0a4b0;  1 drivers
v0000029d8ed84110_0 .net *"_ivl_40", 0 0, L_0000029d8ee295a0;  1 drivers
v0000029d8ed851f0_0 .net *"_ivl_42", 0 0, L_0000029d8ee29680;  1 drivers
v0000029d8ed82f90_0 .net *"_ivl_47", 0 0, L_0000029d8ee08f70;  1 drivers
v0000029d8ed83530_0 .net *"_ivl_49", 0 0, L_0000029d8ee09010;  1 drivers
v0000029d8ed84570_0 .net *"_ivl_51", 0 0, L_0000029d8ee090b0;  1 drivers
v0000029d8ed84890_0 .net *"_ivl_52", 0 0, L_0000029d8ee2a090;  1 drivers
v0000029d8ed84cf0_0 .net *"_ivl_54", 0 0, L_0000029d8ee296f0;  1 drivers
v0000029d8ed84750_0 .net *"_ivl_57", 0 0, L_0000029d8ee09470;  1 drivers
v0000029d8ed84bb0_0 .net *"_ivl_59", 0 0, L_0000029d8ee09650;  1 drivers
v0000029d8ed84ed0_0 .net *"_ivl_60", 0 0, L_0000029d8ee2b440;  1 drivers
v0000029d8ed84f70_0 .net *"_ivl_63", 0 0, L_0000029d8ee09830;  1 drivers
v0000029d8ed84430_0 .net *"_ivl_64", 0 0, L_0000029d8ee29610;  1 drivers
v0000029d8ed82ef0_0 .net *"_ivl_66", 0 0, L_0000029d8ee2af00;  1 drivers
v0000029d8ed84070_0 .net *"_ivl_69", 0 0, L_0000029d8ee09a10;  1 drivers
v0000029d8ed84c50_0 .net *"_ivl_7", 0 0, L_0000029d8ee298b0;  1 drivers
v0000029d8ed83b70_0 .net *"_ivl_71", 0 0, L_0000029d8ee09ab0;  1 drivers
v0000029d8ed83490_0 .net *"_ivl_72", 0 0, L_0000029d8ee2b4b0;  1 drivers
v0000029d8ed850b0_0 .net *"_ivl_75", 0 0, L_0000029d8ee09c90;  1 drivers
v0000029d8ed837b0_0 .net *"_ivl_76", 0 0, L_0000029d8ee2b360;  1 drivers
v0000029d8ed85290_0 .net *"_ivl_79", 0 0, L_0000029d8ee09bf0;  1 drivers
v0000029d8ed84e30_0 .net *"_ivl_80", 0 0, L_0000029d8ee2afe0;  1 drivers
v0000029d8ed83a30_0 .net *"_ivl_82", 0 0, L_0000029d8ee2aaa0;  1 drivers
v0000029d8ed841b0_0 .net *"_ivl_88", 0 0, L_0000029d8ee0a0f0;  1 drivers
v0000029d8ed83ad0_0 .net *"_ivl_90", 0 0, L_0000029d8ee09b50;  1 drivers
v0000029d8ed84930_0 .net *"_ivl_92", 0 0, L_0000029d8ee09d30;  1 drivers
v0000029d8ed849d0_0 .net *"_ivl_93", 0 0, L_0000029d8ee2ab10;  1 drivers
v0000029d8ed83c10_0 .net *"_ivl_95", 0 0, L_0000029d8ee2ab80;  1 drivers
v0000029d8ed82bd0_0 .net *"_ivl_98", 0 0, L_0000029d8ee09dd0;  1 drivers
v0000029d8ed83f30_0 .net "a", 3 0, L_0000029d8ee0c2b0;  1 drivers
v0000029d8ed82c70_0 .net "b", 3 0, L_0000029d8ee0c670;  1 drivers
v0000029d8ed84a70_0 .net "c", 4 0, L_0000029d8ee09fb0;  1 drivers
v0000029d8ed84250_0 .net "cin", 0 0, L_0000029d8ee0cb70;  1 drivers
v0000029d8ed9a9c0_0 .net "cout", 0 0, L_0000029d8ee0b270;  1 drivers
v0000029d8ed9ac40_0 .net "g", 3 0, L_0000029d8ee29760;  1 drivers
v0000029d8ed9cc20_0 .net "group_G", 0 0, L_0000029d8ee2b2f0;  1 drivers
v0000029d8ed9c4a0_0 .net "group_P", 0 0, L_0000029d8ee2b7c0;  1 drivers
v0000029d8ed9ae20_0 .net "p", 3 0, L_0000029d8ee29d10;  1 drivers
v0000029d8ed9c220_0 .net "sum", 3 0, L_0000029d8ee2b830;  1 drivers
L_0000029d8ee093d0 .part L_0000029d8ee29760, 0, 1;
L_0000029d8ee0a190 .part L_0000029d8ee29d10, 0, 1;
L_0000029d8ee08c50 .part L_0000029d8ee09fb0, 0, 1;
L_0000029d8ee08390 .part L_0000029d8ee29760, 1, 1;
L_0000029d8ee08cf0 .part L_0000029d8ee29d10, 1, 1;
L_0000029d8ee08570 .part L_0000029d8ee29760, 0, 1;
L_0000029d8ee08610 .part L_0000029d8ee29d10, 1, 1;
L_0000029d8ee08d90 .part L_0000029d8ee29d10, 0, 1;
L_0000029d8ee0a4b0 .part L_0000029d8ee09fb0, 0, 1;
L_0000029d8ee08f70 .part L_0000029d8ee29760, 2, 1;
L_0000029d8ee09010 .part L_0000029d8ee29d10, 2, 1;
L_0000029d8ee090b0 .part L_0000029d8ee29760, 1, 1;
L_0000029d8ee09470 .part L_0000029d8ee29d10, 2, 1;
L_0000029d8ee09650 .part L_0000029d8ee29d10, 1, 1;
L_0000029d8ee09830 .part L_0000029d8ee29760, 0, 1;
L_0000029d8ee09a10 .part L_0000029d8ee29d10, 2, 1;
L_0000029d8ee09ab0 .part L_0000029d8ee29d10, 1, 1;
L_0000029d8ee09c90 .part L_0000029d8ee29d10, 0, 1;
L_0000029d8ee09bf0 .part L_0000029d8ee09fb0, 0, 1;
LS_0000029d8ee09fb0_0_0 .concat8 [ 1 1 1 1], L_0000029d8ee298b0, L_0000029d8ee29290, L_0000029d8ee29680, L_0000029d8ee2aaa0;
LS_0000029d8ee09fb0_0_4 .concat8 [ 1 0 0 0], L_0000029d8ee2a9c0;
L_0000029d8ee09fb0 .concat8 [ 4 1 0 0], LS_0000029d8ee09fb0_0_0, LS_0000029d8ee09fb0_0_4;
L_0000029d8ee0a0f0 .part L_0000029d8ee29760, 3, 1;
L_0000029d8ee09b50 .part L_0000029d8ee29d10, 3, 1;
L_0000029d8ee09d30 .part L_0000029d8ee29760, 2, 1;
L_0000029d8ee09dd0 .part L_0000029d8ee29d10, 3, 1;
L_0000029d8ee09e70 .part L_0000029d8ee29d10, 2, 1;
L_0000029d8ee0a050 .part L_0000029d8ee29760, 1, 1;
L_0000029d8ee0ba90 .part L_0000029d8ee29d10, 3, 1;
L_0000029d8ee0b310 .part L_0000029d8ee29d10, 2, 1;
L_0000029d8ee0b130 .part L_0000029d8ee29d10, 1, 1;
L_0000029d8ee0b450 .part L_0000029d8ee29760, 0, 1;
L_0000029d8ee0aa50 .part L_0000029d8ee29d10, 3, 1;
L_0000029d8ee0b810 .part L_0000029d8ee29d10, 2, 1;
L_0000029d8ee0a9b0 .part L_0000029d8ee29d10, 1, 1;
L_0000029d8ee0b770 .part L_0000029d8ee29d10, 0, 1;
L_0000029d8ee0b6d0 .part L_0000029d8ee09fb0, 0, 1;
L_0000029d8ee0c7b0 .part L_0000029d8ee29d10, 3, 1;
L_0000029d8ee0bdb0 .part L_0000029d8ee29d10, 2, 1;
L_0000029d8ee0bc70 .part L_0000029d8ee29d10, 1, 1;
L_0000029d8ee0c490 .part L_0000029d8ee29d10, 0, 1;
L_0000029d8ee0c850 .part L_0000029d8ee29760, 3, 1;
L_0000029d8ee0be50 .part L_0000029d8ee29d10, 3, 1;
L_0000029d8ee0cdf0 .part L_0000029d8ee29760, 2, 1;
L_0000029d8ee0cad0 .part L_0000029d8ee29d10, 3, 1;
L_0000029d8ee0b8b0 .part L_0000029d8ee29d10, 2, 1;
L_0000029d8ee0c5d0 .part L_0000029d8ee29760, 1, 1;
L_0000029d8ee0b1d0 .part L_0000029d8ee29d10, 3, 1;
L_0000029d8ee0ab90 .part L_0000029d8ee29d10, 2, 1;
L_0000029d8ee0b4f0 .part L_0000029d8ee29d10, 1, 1;
L_0000029d8ee0ce90 .part L_0000029d8ee29760, 0, 1;
L_0000029d8ee0cf30 .part L_0000029d8ee09fb0, 0, 4;
L_0000029d8ee0b270 .part L_0000029d8ee09fb0, 4, 1;
S_0000029d8ed93e50 .scope module, "bitwise" "bitwise_unit" 3 65, 7 3 0, S_0000029d8e9c3230;
 .timescale -9 -12;
    .port_info 0 /INPUT 32 "a";
    .port_info 1 /INPUT 32 "b";
    .port_info 2 /INPUT 3 "op";
    .port_info 3 /OUTPUT 32 "result";
P_0000029d8ed939a0 .param/l "OP_AND" 1 7 11, C4<000>;
P_0000029d8ed939d8 .param/l "OP_NAND" 1 7 16, C4<101>;
P_0000029d8ed93a10 .param/l "OP_NOR" 1 7 15, C4<100>;
P_0000029d8ed93a48 .param/l "OP_NOT" 1 7 14, C4<011>;
P_0000029d8ed93a80 .param/l "OP_OR" 1 7 12, C4<001>;
P_0000029d8ed93ab8 .param/l "OP_XNOR" 1 7 17, C4<110>;
P_0000029d8ed93af0 .param/l "OP_XOR" 1 7 13, C4<010>;
v0000029d8ed9d9e0_0 .net "a", 31 0, v0000029d8edbb570_0;  alias, 1 drivers
v0000029d8eda1680_0 .net "b", 31 0, v0000029d8edbbc50_0;  alias, 1 drivers
v0000029d8eda06e0_0 .net "op", 2 0, v0000029d8edbb9d0_0;  1 drivers
v0000029d8ed9f740_0 .var "result", 31 0;
E_0000029d8ece0bd0 .event anyedge, v0000029d8eda06e0_0, v0000029d8ed9f420_0, v0000029d8ed9f4c0_0;
S_0000029d8ed94300 .scope module, "cmp_s" "comparator_unit" 3 94, 8 3 0, S_0000029d8e9c3230;
 .timescale -9 -12;
    .port_info 0 /INPUT 32 "a";
    .port_info 1 /INPUT 32 "b";
    .port_info 2 /INPUT 1 "signed_mode";
    .port_info 3 /OUTPUT 1 "eq";
    .port_info 4 /OUTPUT 1 "lt";
    .port_info 5 /OUTPUT 1 "gt";
v0000029d8eda1220_0 .net "a", 31 0, v0000029d8edbb570_0;  alias, 1 drivers
v0000029d8ed9fd80_0 .net "b", 31 0, v0000029d8edbbc50_0;  alias, 1 drivers
v0000029d8eda14a0_0 .var "eq", 0 0;
v0000029d8eda01e0_0 .var "gt", 0 0;
v0000029d8eda1720_0 .var "lt", 0 0;
L_0000029d8ee3ea78 .functor BUFT 1, C4<1>, C4<0>, C4<0>, C4<0>;
v0000029d8eda12c0_0 .net "signed_mode", 0 0, L_0000029d8ee3ea78;  1 drivers
E_0000029d8ece3050 .event anyedge, v0000029d8ed9f420_0, v0000029d8ed9f4c0_0, v0000029d8eda12c0_0;
S_0000029d8ed934f0 .scope module, "cmp_u" "comparator_unit" 3 103, 8 3 0, S_0000029d8e9c3230;
 .timescale -9 -12;
    .port_info 0 /INPUT 32 "a";
    .port_info 1 /INPUT 32 "b";
    .port_info 2 /INPUT 1 "signed_mode";
    .port_info 3 /OUTPUT 1 "eq";
    .port_info 4 /OUTPUT 1 "lt";
    .port_info 5 /OUTPUT 1 "gt";
v0000029d8eda0500_0 .net "a", 31 0, v0000029d8edbb570_0;  alias, 1 drivers
v0000029d8eda1540_0 .net "b", 31 0, v0000029d8edbbc50_0;  alias, 1 drivers
v0000029d8eda0fa0_0 .var "eq", 0 0;
v0000029d8eda0280_0 .var "gt", 0 0;
v0000029d8ed9ff60_0 .var "lt", 0 0;
L_0000029d8ee3eac0 .functor BUFT 1, C4<0>, C4<0>, C4<0>, C4<0>;
v0000029d8ed9fc40_0 .net "signed_mode", 0 0, L_0000029d8ee3eac0;  1 drivers
E_0000029d8ece3750 .event anyedge, v0000029d8ed9f420_0, v0000029d8ed9f4c0_0, v0000029d8ed9fc40_0;
S_0000029d8edafab0 .scope module, "shifter" "barrel_shifter" 3 86, 9 3 0, S_0000029d8e9c3230;
 .timescale -9 -12;
    .port_info 0 /INPUT 32 "a";
    .port_info 1 /INPUT 5 "shamt";
    .port_info 2 /INPUT 2 "shift_type";
    .port_info 3 /OUTPUT 32 "result";
    .port_info 4 /OUTPUT 1 "carry_out";
v0000029d8ed9fba0_0 .net "a", 31 0, v0000029d8edbb570_0;  alias, 1 drivers
v0000029d8eda1360_0 .var "carry_out", 0 0;
v0000029d8eda1cc0_0 .var "result", 31 0;
v0000029d8ed9f9c0_0 .net "shamt", 4 0, L_0000029d8ee9a680;  1 drivers
v0000029d8eda0140_0 .net "shift_type", 1 0, v0000029d8edbab70_0;  1 drivers
E_0000029d8ece2ad0 .event anyedge, v0000029d8ed9f9c0_0, v0000029d8ed9f420_0, v0000029d8eda0140_0;
S_0000029d8edb0be0 .scope module, "subtractor" "sub_32bit" 3 45, 10 3 0, S_0000029d8e9c3230;
 .timescale -9 -12;
    .port_info 0 /INPUT 32 "a";
    .port_info 1 /INPUT 32 "b";
    .port_info 2 /OUTPUT 32 "diff";
    .port_info 3 /OUTPUT 1 "borrow";
    .port_info 4 /OUTPUT 1 "overflow";
L_0000029d8ee249f0 .functor NOT 32, v0000029d8edbbc50_0, C4<00000000000000000000000000000000>, C4<00000000000000000000000000000000>, C4<00000000000000000000000000000000>;
L_0000029d8eecd1a0 .functor NOT 1, L_0000029d8ee25240, C4<0>, C4<0>, C4<0>;
v0000029d8edba0d0_0 .net "a", 31 0, v0000029d8edbb570_0;  alias, 1 drivers
v0000029d8edbb250_0 .net "b", 31 0, v0000029d8edbbc50_0;  alias, 1 drivers
v0000029d8edbadf0_0 .net "borrow", 0 0, L_0000029d8eecd1a0;  alias, 1 drivers
v0000029d8edbafd0_0 .net "cout_internal", 0 0, L_0000029d8ee25240;  1 drivers
v0000029d8edbb2f0_0 .net "diff", 31 0, L_0000029d8ee99e60;  alias, 1 drivers
v0000029d8edbb7f0_0 .net "not_b", 31 0, L_0000029d8ee249f0;  1 drivers
v0000029d8edb9d10_0 .net "overflow", 0 0, L_0000029d8eeccfe0;  alias, 1 drivers
S_0000029d8edb1220 .scope module, "adder_inst" "cla_32bit" 10 19, 4 3 0, S_0000029d8edb0be0;
 .timescale -9 -12;
    .port_info 0 /INPUT 32 "a";
    .port_info 1 /INPUT 32 "b";
    .port_info 2 /INPUT 1 "cin";
    .port_info 3 /OUTPUT 32 "sum";
    .port_info 4 /OUTPUT 1 "cout";
    .port_info 5 /OUTPUT 1 "overflow";
L_0000029d8ee3ea30 .functor BUFT 1, C4<1>, C4<0>, C4<0>, C4<0>;
L_0000029d8ee25160 .functor AND 1, L_0000029d8ee0ef10, L_0000029d8ee3ea30, C4<1>, C4<1>;
L_0000029d8ee24910 .functor OR 1, L_0000029d8ee0ea10, L_0000029d8ee25160, C4<0>, C4<0>;
L_0000029d8ee23b10 .functor AND 1, L_0000029d8ee0f2d0, L_0000029d8ee24910, C4<1>, C4<1>;
L_0000029d8ee25240 .functor OR 1, L_0000029d8ee0f870, L_0000029d8ee23b10, C4<0>, C4<0>;
L_0000029d8eecc5d0 .functor XNOR 1, L_0000029d8ee9a220, L_0000029d8ee9b440, C4<0>, C4<0>;
L_0000029d8eecd0c0 .functor XOR 1, L_0000029d8ee9afe0, L_0000029d8ee9bda0, C4<0>, C4<0>;
L_0000029d8eeccfe0 .functor AND 1, L_0000029d8eecc5d0, L_0000029d8eecd0c0, C4<1>, C4<1>;
v0000029d8edd8210_0 .net "G_16", 1 0, L_0000029d8ee99d20;  1 drivers
v0000029d8edd9430_0 .net "P_16", 1 0, L_0000029d8ee9bee0;  1 drivers
v0000029d8edd8350_0 .net *"_ivl_1", 0 0, L_0000029d8ee0ea10;  1 drivers
v0000029d8edd83f0_0 .net *"_ivl_11", 0 0, L_0000029d8ee0f2d0;  1 drivers
v0000029d8edd8a30_0 .net *"_ivl_12", 0 0, L_0000029d8ee23b10;  1 drivers
v0000029d8edd8ad0_0 .net *"_ivl_3", 0 0, L_0000029d8ee0ef10;  1 drivers
v0000029d8edd94d0_0 .net *"_ivl_4", 0 0, L_0000029d8ee25160;  1 drivers
v0000029d8edd8530_0 .net *"_ivl_40", 0 0, L_0000029d8ee9a220;  1 drivers
v0000029d8edd8670_0 .net *"_ivl_42", 0 0, L_0000029d8ee9b440;  1 drivers
v0000029d8edd87b0_0 .net *"_ivl_43", 0 0, L_0000029d8eecc5d0;  1 drivers
v0000029d8edd8850_0 .net *"_ivl_46", 0 0, L_0000029d8ee9afe0;  1 drivers
v0000029d8edd88f0_0 .net *"_ivl_48", 0 0, L_0000029d8ee9bda0;  1 drivers
v0000029d8edd8b70_0 .net *"_ivl_49", 0 0, L_0000029d8eecd0c0;  1 drivers
v0000029d8edd8c10_0 .net *"_ivl_9", 0 0, L_0000029d8ee0f870;  1 drivers
v0000029d8edbb750_0 .net "a", 31 0, v0000029d8edbb570_0;  alias, 1 drivers
v0000029d8edbc010_0 .net "b", 31 0, L_0000029d8ee249f0;  alias, 1 drivers
v0000029d8edbaad0_0 .net "c16", 0 0, L_0000029d8ee24910;  1 drivers
v0000029d8edbac10_0 .net "cin", 0 0, L_0000029d8ee3ea30;  1 drivers
v0000029d8edbbed0_0 .net "cout", 0 0, L_0000029d8ee25240;  alias, 1 drivers
v0000029d8edbaa30_0 .net "overflow", 0 0, L_0000029d8eeccfe0;  alias, 1 drivers
v0000029d8edba170_0 .net "sum", 31 0, L_0000029d8ee99e60;  alias, 1 drivers
L_0000029d8ee0ea10 .part L_0000029d8ee99d20, 0, 1;
L_0000029d8ee0ef10 .part L_0000029d8ee9bee0, 0, 1;
L_0000029d8ee0f870 .part L_0000029d8ee99d20, 1, 1;
L_0000029d8ee0f2d0 .part L_0000029d8ee9bee0, 1, 1;
L_0000029d8ee18330 .part v0000029d8edbb570_0, 0, 16;
L_0000029d8ee18790 .part L_0000029d8ee249f0, 0, 16;
L_0000029d8ee9b9e0 .part v0000029d8edbb570_0, 16, 16;
L_0000029d8ee99f00 .part L_0000029d8ee249f0, 16, 16;
L_0000029d8ee99e60 .concat8 [ 16 16 0 0], L_0000029d8ee16a30, L_0000029d8ee981a0;
L_0000029d8ee99d20 .concat8 [ 1 1 0 0], L_0000029d8ee8a8b0, L_0000029d8eecd750;
L_0000029d8ee9bee0 .concat8 [ 1 1 0 0], L_0000029d8ee172f0, L_0000029d8ee99140;
L_0000029d8ee9a220 .part v0000029d8edbb570_0, 31, 1;
L_0000029d8ee9b440 .part L_0000029d8ee249f0, 31, 1;
L_0000029d8ee9afe0 .part L_0000029d8ee99e60, 31, 1;
L_0000029d8ee9bda0 .part v0000029d8edbb570_0, 31, 1;
S_0000029d8edaf470 .scope module, "cla_lower" "cla_16bit" 4 28, 5 3 0, S_0000029d8edb1220;
 .timescale -9 -12;
    .port_info 0 /INPUT 16 "a";
    .port_info 1 /INPUT 16 "b";
    .port_info 2 /INPUT 1 "cin";
    .port_info 3 /OUTPUT 16 "sum";
    .port_info 4 /OUTPUT 1 "group_G";
    .port_info 5 /OUTPUT 1 "group_P";
    .port_info 6 /OUTPUT 1 "cout";
    .port_info 7 /OUTPUT 1 "overflow";
L_0000029d8ee87dd0 .functor BUFZ 1, L_0000029d8ee3ea30, C4<0>, C4<0>, C4<0>;
L_0000029d8ee887e0 .functor AND 1, L_0000029d8ee16c10, L_0000029d8ee15770, C4<1>, C4<1>;
L_0000029d8ee88000 .functor OR 1, L_0000029d8ee15590, L_0000029d8ee887e0, C4<0>, C4<0>;
L_0000029d8ee88e00 .functor AND 1, L_0000029d8ee16fd0, L_0000029d8ee17070, C4<1>, C4<1>;
L_0000029d8ee87ba0 .functor OR 1, L_0000029d8ee15a90, L_0000029d8ee88e00, C4<0>, C4<0>;
L_0000029d8ee88ee0 .functor AND 1, L_0000029d8ee18ab0, L_0000029d8ee176b0, C4<1>, C4<1>;
L_0000029d8ee888c0 .functor AND 1, L_0000029d8ee88ee0, L_0000029d8ee18b50, C4<1>, C4<1>;
L_0000029d8ee87820 .functor OR 1, L_0000029d8ee87ba0, L_0000029d8ee888c0, C4<0>, C4<0>;
L_0000029d8ee879e0 .functor AND 1, L_0000029d8ee183d0, L_0000029d8ee18650, C4<1>, C4<1>;
L_0000029d8ee87b30 .functor OR 1, L_0000029d8ee17610, L_0000029d8ee879e0, C4<0>, C4<0>;
L_0000029d8ee88a10 .functor AND 1, L_0000029d8ee17930, L_0000029d8ee19050, C4<1>, C4<1>;
L_0000029d8ee87f90 .functor AND 1, L_0000029d8ee88a10, L_0000029d8ee18d30, C4<1>, C4<1>;
L_0000029d8ee88850 .functor OR 1, L_0000029d8ee87b30, L_0000029d8ee87f90, C4<0>, C4<0>;
L_0000029d8ee88a80 .functor AND 1, L_0000029d8ee18f10, L_0000029d8ee17a70, C4<1>, C4<1>;
L_0000029d8ee87c10 .functor AND 1, L_0000029d8ee88a80, L_0000029d8ee18150, C4<1>, C4<1>;
L_0000029d8ee87c80 .functor AND 1, L_0000029d8ee87c10, L_0000029d8ee171b0, C4<1>, C4<1>;
L_0000029d8ee88070 .functor OR 1, L_0000029d8ee88850, L_0000029d8ee87c80, C4<0>, C4<0>;
L_0000029d8ee87cf0 .functor AND 1, L_0000029d8ee18010, L_0000029d8ee177f0, C4<1>, C4<1>;
L_0000029d8ee87e40 .functor OR 1, L_0000029d8ee17b10, L_0000029d8ee87cf0, C4<0>, C4<0>;
L_0000029d8ee88af0 .functor AND 1, L_0000029d8ee18fb0, L_0000029d8ee18e70, C4<1>, C4<1>;
L_0000029d8ee88b60 .functor AND 1, L_0000029d8ee88af0, L_0000029d8ee18dd0, C4<1>, C4<1>;
L_0000029d8ee88cb0 .functor OR 1, L_0000029d8ee87e40, L_0000029d8ee88b60, C4<0>, C4<0>;
L_0000029d8ee88d20 .functor AND 1, L_0000029d8ee181f0, L_0000029d8ee18bf0, C4<1>, C4<1>;
L_0000029d8ee88d90 .functor AND 1, L_0000029d8ee88d20, L_0000029d8ee185b0, C4<1>, C4<1>;
L_0000029d8ee89110 .functor AND 1, L_0000029d8ee88d90, L_0000029d8ee17750, C4<1>, C4<1>;
L_0000029d8ee8a530 .functor OR 1, L_0000029d8ee88cb0, L_0000029d8ee89110, C4<0>, C4<0>;
L_0000029d8ee89c70 .functor AND 1, L_0000029d8ee17bb0, L_0000029d8ee17250, C4<1>, C4<1>;
L_0000029d8ee89490 .functor AND 1, L_0000029d8ee89c70, L_0000029d8ee18a10, C4<1>, C4<1>;
L_0000029d8ee8a450 .functor AND 1, L_0000029d8ee89490, L_0000029d8ee17c50, C4<1>, C4<1>;
L_0000029d8ee89c00 .functor AND 1, L_0000029d8ee8a450, L_0000029d8ee18290, C4<1>, C4<1>;
L_0000029d8ee89ce0 .functor OR 1, L_0000029d8ee8a530, L_0000029d8ee89c00, C4<0>, C4<0>;
L_0000029d8ee89d50 .functor AND 1, L_0000029d8ee17d90, L_0000029d8ee17390, C4<1>, C4<1>;
L_0000029d8ee8ac30 .functor OR 1, L_0000029d8ee17570, L_0000029d8ee89d50, C4<0>, C4<0>;
L_0000029d8ee89570 .functor AND 1, L_0000029d8ee17430, L_0000029d8ee17cf0, C4<1>, C4<1>;
L_0000029d8ee89810 .functor AND 1, L_0000029d8ee89570, L_0000029d8ee17890, C4<1>, C4<1>;
L_0000029d8ee8a4c0 .functor OR 1, L_0000029d8ee8ac30, L_0000029d8ee89810, C4<0>, C4<0>;
L_0000029d8ee89b20 .functor AND 1, L_0000029d8ee18510, L_0000029d8ee174d0, C4<1>, C4<1>;
L_0000029d8ee89180 .functor AND 1, L_0000029d8ee89b20, L_0000029d8ee18c90, C4<1>, C4<1>;
L_0000029d8ee89ab0 .functor AND 1, L_0000029d8ee89180, L_0000029d8ee179d0, C4<1>, C4<1>;
L_0000029d8ee8a8b0 .functor OR 1, L_0000029d8ee8a4c0, L_0000029d8ee89ab0, C4<0>, C4<0>;
L_0000029d8ee8a060 .functor XNOR 1, L_0000029d8ee17e30, L_0000029d8ee180b0, C4<0>, C4<0>;
L_0000029d8ee89dc0 .functor XOR 1, L_0000029d8ee17f70, L_0000029d8ee18470, C4<0>, C4<0>;
L_0000029d8ee8a5a0 .functor AND 1, L_0000029d8ee8a060, L_0000029d8ee89dc0, C4<1>, C4<1>;
v0000029d8edc2ff0_0 .net *"_ivl_101", 0 0, L_0000029d8ee88850;  1 drivers
v0000029d8edc2af0_0 .net *"_ivl_104", 0 0, L_0000029d8ee18f10;  1 drivers
v0000029d8edc2b90_0 .net *"_ivl_106", 0 0, L_0000029d8ee17a70;  1 drivers
v0000029d8edc1790_0 .net *"_ivl_107", 0 0, L_0000029d8ee88a80;  1 drivers
v0000029d8edc2190_0 .net *"_ivl_110", 0 0, L_0000029d8ee18150;  1 drivers
v0000029d8edc16f0_0 .net *"_ivl_111", 0 0, L_0000029d8ee87c10;  1 drivers
v0000029d8edc31d0_0 .net *"_ivl_114", 0 0, L_0000029d8ee171b0;  1 drivers
v0000029d8edc3590_0 .net *"_ivl_115", 0 0, L_0000029d8ee87c80;  1 drivers
v0000029d8edc1970_0 .net *"_ivl_117", 0 0, L_0000029d8ee88070;  1 drivers
v0000029d8edc3270_0 .net *"_ivl_123", 0 0, L_0000029d8ee17b10;  1 drivers
v0000029d8edc2410_0 .net *"_ivl_125", 0 0, L_0000029d8ee18010;  1 drivers
v0000029d8edc3090_0 .net *"_ivl_127", 0 0, L_0000029d8ee177f0;  1 drivers
v0000029d8edc2f50_0 .net *"_ivl_128", 0 0, L_0000029d8ee87cf0;  1 drivers
v0000029d8edc3b30_0 .net *"_ivl_130", 0 0, L_0000029d8ee87e40;  1 drivers
v0000029d8edc33b0_0 .net *"_ivl_133", 0 0, L_0000029d8ee18fb0;  1 drivers
v0000029d8edc1bf0_0 .net *"_ivl_135", 0 0, L_0000029d8ee18e70;  1 drivers
v0000029d8edc1fb0_0 .net *"_ivl_136", 0 0, L_0000029d8ee88af0;  1 drivers
v0000029d8edc3450_0 .net *"_ivl_139", 0 0, L_0000029d8ee18dd0;  1 drivers
v0000029d8edc3950_0 .net *"_ivl_140", 0 0, L_0000029d8ee88b60;  1 drivers
v0000029d8edc2c30_0 .net *"_ivl_142", 0 0, L_0000029d8ee88cb0;  1 drivers
v0000029d8edc1c90_0 .net *"_ivl_145", 0 0, L_0000029d8ee181f0;  1 drivers
v0000029d8edc2cd0_0 .net *"_ivl_147", 0 0, L_0000029d8ee18bf0;  1 drivers
v0000029d8edc3a90_0 .net *"_ivl_148", 0 0, L_0000029d8ee88d20;  1 drivers
v0000029d8edc1a10_0 .net *"_ivl_151", 0 0, L_0000029d8ee185b0;  1 drivers
v0000029d8edc1e70_0 .net *"_ivl_152", 0 0, L_0000029d8ee88d90;  1 drivers
v0000029d8edc2e10_0 .net *"_ivl_155", 0 0, L_0000029d8ee17750;  1 drivers
v0000029d8edc3630_0 .net *"_ivl_156", 0 0, L_0000029d8ee89110;  1 drivers
v0000029d8edc3770_0 .net *"_ivl_158", 0 0, L_0000029d8ee8a530;  1 drivers
v0000029d8edc2eb0_0 .net *"_ivl_161", 0 0, L_0000029d8ee17bb0;  1 drivers
v0000029d8edc3810_0 .net *"_ivl_163", 0 0, L_0000029d8ee17250;  1 drivers
v0000029d8edc38b0_0 .net *"_ivl_164", 0 0, L_0000029d8ee89c70;  1 drivers
v0000029d8edc3bd0_0 .net *"_ivl_167", 0 0, L_0000029d8ee18a10;  1 drivers
v0000029d8edc2d70_0 .net *"_ivl_168", 0 0, L_0000029d8ee89490;  1 drivers
v0000029d8edc1ab0_0 .net *"_ivl_171", 0 0, L_0000029d8ee17c50;  1 drivers
v0000029d8edc2910_0 .net *"_ivl_172", 0 0, L_0000029d8ee8a450;  1 drivers
v0000029d8edc3c70_0 .net *"_ivl_175", 0 0, L_0000029d8ee18290;  1 drivers
v0000029d8edc2550_0 .net *"_ivl_176", 0 0, L_0000029d8ee89c00;  1 drivers
v0000029d8edc1b50_0 .net *"_ivl_178", 0 0, L_0000029d8ee89ce0;  1 drivers
v0000029d8edc1510_0 .net *"_ivl_183", 0 0, L_0000029d8ee17570;  1 drivers
v0000029d8edc1d30_0 .net *"_ivl_185", 0 0, L_0000029d8ee17d90;  1 drivers
v0000029d8edc15b0_0 .net *"_ivl_187", 0 0, L_0000029d8ee17390;  1 drivers
v0000029d8edc1650_0 .net *"_ivl_188", 0 0, L_0000029d8ee89d50;  1 drivers
v0000029d8edc2230_0 .net *"_ivl_190", 0 0, L_0000029d8ee8ac30;  1 drivers
v0000029d8edc1dd0_0 .net *"_ivl_193", 0 0, L_0000029d8ee17430;  1 drivers
v0000029d8edc1f10_0 .net *"_ivl_195", 0 0, L_0000029d8ee17cf0;  1 drivers
v0000029d8edc2050_0 .net *"_ivl_196", 0 0, L_0000029d8ee89570;  1 drivers
v0000029d8edc22d0_0 .net *"_ivl_199", 0 0, L_0000029d8ee17890;  1 drivers
v0000029d8edc2370_0 .net *"_ivl_200", 0 0, L_0000029d8ee89810;  1 drivers
v0000029d8edc2690_0 .net *"_ivl_202", 0 0, L_0000029d8ee8a4c0;  1 drivers
v0000029d8edc27d0_0 .net *"_ivl_205", 0 0, L_0000029d8ee18510;  1 drivers
v0000029d8edc2870_0 .net *"_ivl_207", 0 0, L_0000029d8ee174d0;  1 drivers
v0000029d8edc29b0_0 .net *"_ivl_208", 0 0, L_0000029d8ee89b20;  1 drivers
v0000029d8edc4a30_0 .net *"_ivl_211", 0 0, L_0000029d8ee18c90;  1 drivers
v0000029d8edc4170_0 .net *"_ivl_212", 0 0, L_0000029d8ee89180;  1 drivers
v0000029d8edc6290_0 .net *"_ivl_215", 0 0, L_0000029d8ee179d0;  1 drivers
v0000029d8edc56b0_0 .net *"_ivl_216", 0 0, L_0000029d8ee89ab0;  1 drivers
v0000029d8edc5070_0 .net *"_ivl_223", 0 0, L_0000029d8ee17e30;  1 drivers
v0000029d8edc4670_0 .net *"_ivl_225", 0 0, L_0000029d8ee180b0;  1 drivers
v0000029d8edc5890_0 .net *"_ivl_226", 0 0, L_0000029d8ee8a060;  1 drivers
v0000029d8edc6470_0 .net *"_ivl_229", 0 0, L_0000029d8ee17f70;  1 drivers
v0000029d8edc4350_0 .net *"_ivl_231", 0 0, L_0000029d8ee18470;  1 drivers
v0000029d8edc61f0_0 .net *"_ivl_232", 0 0, L_0000029d8ee89dc0;  1 drivers
v0000029d8edc3e50_0 .net *"_ivl_42", 0 0, L_0000029d8ee87dd0;  1 drivers
v0000029d8edc6330_0 .net *"_ivl_46", 0 0, L_0000029d8ee15590;  1 drivers
v0000029d8edc4530_0 .net *"_ivl_48", 0 0, L_0000029d8ee16c10;  1 drivers
v0000029d8edc59d0_0 .net *"_ivl_50", 0 0, L_0000029d8ee15770;  1 drivers
v0000029d8edc5c50_0 .net *"_ivl_51", 0 0, L_0000029d8ee887e0;  1 drivers
v0000029d8edc63d0_0 .net *"_ivl_53", 0 0, L_0000029d8ee88000;  1 drivers
v0000029d8edc3db0_0 .net *"_ivl_58", 0 0, L_0000029d8ee15a90;  1 drivers
v0000029d8edc3d10_0 .net *"_ivl_60", 0 0, L_0000029d8ee16fd0;  1 drivers
v0000029d8edc43f0_0 .net *"_ivl_62", 0 0, L_0000029d8ee17070;  1 drivers
v0000029d8edc3ef0_0 .net *"_ivl_63", 0 0, L_0000029d8ee88e00;  1 drivers
v0000029d8edc47b0_0 .net *"_ivl_65", 0 0, L_0000029d8ee87ba0;  1 drivers
v0000029d8edc5e30_0 .net *"_ivl_68", 0 0, L_0000029d8ee18ab0;  1 drivers
v0000029d8edc3f90_0 .net *"_ivl_70", 0 0, L_0000029d8ee176b0;  1 drivers
v0000029d8edc4030_0 .net *"_ivl_71", 0 0, L_0000029d8ee88ee0;  1 drivers
v0000029d8edc5f70_0 .net *"_ivl_74", 0 0, L_0000029d8ee18b50;  1 drivers
v0000029d8edc4b70_0 .net *"_ivl_75", 0 0, L_0000029d8ee888c0;  1 drivers
v0000029d8edc4490_0 .net *"_ivl_77", 0 0, L_0000029d8ee87820;  1 drivers
v0000029d8edc5430_0 .net *"_ivl_82", 0 0, L_0000029d8ee17610;  1 drivers
v0000029d8edc5750_0 .net *"_ivl_84", 0 0, L_0000029d8ee183d0;  1 drivers
v0000029d8edc40d0_0 .net *"_ivl_86", 0 0, L_0000029d8ee18650;  1 drivers
v0000029d8edc42b0_0 .net *"_ivl_87", 0 0, L_0000029d8ee879e0;  1 drivers
v0000029d8edc4210_0 .net *"_ivl_89", 0 0, L_0000029d8ee87b30;  1 drivers
v0000029d8edc4ad0_0 .net *"_ivl_92", 0 0, L_0000029d8ee17930;  1 drivers
v0000029d8edc4710_0 .net *"_ivl_94", 0 0, L_0000029d8ee19050;  1 drivers
v0000029d8edc45d0_0 .net *"_ivl_95", 0 0, L_0000029d8ee88a10;  1 drivers
v0000029d8edc4850_0 .net *"_ivl_98", 0 0, L_0000029d8ee18d30;  1 drivers
v0000029d8edc48f0_0 .net *"_ivl_99", 0 0, L_0000029d8ee87f90;  1 drivers
v0000029d8edc5250_0 .net "a", 15 0, L_0000029d8ee18330;  1 drivers
v0000029d8edc4990_0 .net "b", 15 0, L_0000029d8ee18790;  1 drivers
v0000029d8edc4c10_0 .net "c", 4 0, L_0000029d8ee17ed0;  1 drivers
v0000029d8edc5a70_0 .net "cin", 0 0, L_0000029d8ee3ea30;  alias, 1 drivers
v0000029d8edc4e90_0 .net "cout", 0 0, L_0000029d8ee186f0;  1 drivers
v0000029d8edc4cb0_0 .net "gg", 3 0, L_0000029d8ee16ad0;  1 drivers
v0000029d8edc4d50_0 .net "gp", 3 0, L_0000029d8ee16b70;  1 drivers
v0000029d8edc5b10_0 .net "group_G", 0 0, L_0000029d8ee8a8b0;  1 drivers
v0000029d8edc5bb0_0 .net "group_P", 0 0, L_0000029d8ee172f0;  1 drivers
v0000029d8edc5110_0 .net "overflow", 0 0, L_0000029d8ee8a5a0;  1 drivers
v0000029d8edc6150_0 .net "sum", 15 0, L_0000029d8ee16a30;  1 drivers
L_0000029d8ee0fb90 .part L_0000029d8ee18330, 0, 4;
L_0000029d8ee11f30 .part L_0000029d8ee18790, 0, 4;
L_0000029d8ee0fc30 .part L_0000029d8ee17ed0, 0, 1;
L_0000029d8ee121b0 .part L_0000029d8ee18330, 4, 4;
L_0000029d8ee12f70 .part L_0000029d8ee18790, 4, 4;
L_0000029d8ee13e70 .part L_0000029d8ee17ed0, 1, 1;
L_0000029d8ee147d0 .part L_0000029d8ee18330, 8, 4;
L_0000029d8ee124d0 .part L_0000029d8ee18790, 8, 4;
L_0000029d8ee162b0 .part L_0000029d8ee17ed0, 2, 1;
L_0000029d8ee15810 .part L_0000029d8ee18330, 12, 4;
L_0000029d8ee168f0 .part L_0000029d8ee18790, 12, 4;
L_0000029d8ee16210 .part L_0000029d8ee17ed0, 3, 1;
L_0000029d8ee16a30 .concat8 [ 4 4 4 4], L_0000029d8ee26a50, L_0000029d8ee27f50, L_0000029d8ee27620, L_0000029d8ee877b0;
L_0000029d8ee16ad0 .concat8 [ 1 1 1 1], L_0000029d8ee25d30, L_0000029d8ee286c0, L_0000029d8ee28ce0, L_0000029d8ee88930;
L_0000029d8ee16b70 .concat8 [ 1 1 1 1], L_0000029d8ee26820, L_0000029d8ee28730, L_0000029d8ee275b0, L_0000029d8ee87a50;
L_0000029d8ee15590 .part L_0000029d8ee16ad0, 0, 1;
L_0000029d8ee16c10 .part L_0000029d8ee16b70, 0, 1;
L_0000029d8ee15770 .part L_0000029d8ee17ed0, 0, 1;
L_0000029d8ee15a90 .part L_0000029d8ee16ad0, 1, 1;
L_0000029d8ee16fd0 .part L_0000029d8ee16b70, 1, 1;
L_0000029d8ee17070 .part L_0000029d8ee16ad0, 0, 1;
L_0000029d8ee18ab0 .part L_0000029d8ee16b70, 1, 1;
L_0000029d8ee176b0 .part L_0000029d8ee16b70, 0, 1;
L_0000029d8ee18b50 .part L_0000029d8ee17ed0, 0, 1;
L_0000029d8ee17610 .part L_0000029d8ee16ad0, 2, 1;
L_0000029d8ee183d0 .part L_0000029d8ee16b70, 2, 1;
L_0000029d8ee18650 .part L_0000029d8ee16ad0, 1, 1;
L_0000029d8ee17930 .part L_0000029d8ee16b70, 2, 1;
L_0000029d8ee19050 .part L_0000029d8ee16b70, 1, 1;
L_0000029d8ee18d30 .part L_0000029d8ee16ad0, 0, 1;
L_0000029d8ee18f10 .part L_0000029d8ee16b70, 2, 1;
L_0000029d8ee17a70 .part L_0000029d8ee16b70, 1, 1;
L_0000029d8ee18150 .part L_0000029d8ee16b70, 0, 1;
L_0000029d8ee171b0 .part L_0000029d8ee17ed0, 0, 1;
LS_0000029d8ee17ed0_0_0 .concat8 [ 1 1 1 1], L_0000029d8ee87dd0, L_0000029d8ee88000, L_0000029d8ee87820, L_0000029d8ee88070;
LS_0000029d8ee17ed0_0_4 .concat8 [ 1 0 0 0], L_0000029d8ee89ce0;
L_0000029d8ee17ed0 .concat8 [ 4 1 0 0], LS_0000029d8ee17ed0_0_0, LS_0000029d8ee17ed0_0_4;
L_0000029d8ee17b10 .part L_0000029d8ee16ad0, 3, 1;
L_0000029d8ee18010 .part L_0000029d8ee16b70, 3, 1;
L_0000029d8ee177f0 .part L_0000029d8ee16ad0, 2, 1;
L_0000029d8ee18fb0 .part L_0000029d8ee16b70, 3, 1;
L_0000029d8ee18e70 .part L_0000029d8ee16b70, 2, 1;
L_0000029d8ee18dd0 .part L_0000029d8ee16ad0, 1, 1;
L_0000029d8ee181f0 .part L_0000029d8ee16b70, 3, 1;
L_0000029d8ee18bf0 .part L_0000029d8ee16b70, 2, 1;
L_0000029d8ee185b0 .part L_0000029d8ee16b70, 1, 1;
L_0000029d8ee17750 .part L_0000029d8ee16ad0, 0, 1;
L_0000029d8ee17bb0 .part L_0000029d8ee16b70, 3, 1;
L_0000029d8ee17250 .part L_0000029d8ee16b70, 2, 1;
L_0000029d8ee18a10 .part L_0000029d8ee16b70, 1, 1;
L_0000029d8ee17c50 .part L_0000029d8ee16b70, 0, 1;
L_0000029d8ee18290 .part L_0000029d8ee17ed0, 0, 1;
L_0000029d8ee172f0 .reduce/and L_0000029d8ee16b70;
L_0000029d8ee17570 .part L_0000029d8ee16ad0, 3, 1;
L_0000029d8ee17d90 .part L_0000029d8ee16b70, 3, 1;
L_0000029d8ee17390 .part L_0000029d8ee16ad0, 2, 1;
L_0000029d8ee17430 .part L_0000029d8ee16b70, 3, 1;
L_0000029d8ee17cf0 .part L_0000029d8ee16b70, 2, 1;
L_0000029d8ee17890 .part L_0000029d8ee16ad0, 1, 1;
L_0000029d8ee18510 .part L_0000029d8ee16b70, 3, 1;
L_0000029d8ee174d0 .part L_0000029d8ee16b70, 2, 1;
L_0000029d8ee18c90 .part L_0000029d8ee16b70, 1, 1;
L_0000029d8ee179d0 .part L_0000029d8ee16ad0, 0, 1;
L_0000029d8ee186f0 .part L_0000029d8ee17ed0, 4, 1;
L_0000029d8ee17e30 .part L_0000029d8ee18330, 15, 1;
L_0000029d8ee180b0 .part L_0000029d8ee18790, 15, 1;
L_0000029d8ee17f70 .part L_0000029d8ee16a30, 15, 1;
L_0000029d8ee18470 .part L_0000029d8ee18330, 15, 1;
S_0000029d8edafc40 .scope generate, "cla4_blocks[0]" "cla4_blocks[0]" 5 32, 5 32 0, S_0000029d8edaf470;
 .timescale -9 -12;
P_0000029d8ece3250 .param/l "i" 0 5 32, +C4<00>;
S_0000029d8edaf600 .scope module, "block" "cla_4bit" 5 33, 6 3 0, S_0000029d8edafc40;
 .timescale -9 -12;
    .port_info 0 /INPUT 4 "a";
    .port_info 1 /INPUT 4 "b";
    .port_info 2 /INPUT 1 "cin";
    .port_info 3 /OUTPUT 4 "sum";
    .port_info 4 /OUTPUT 1 "group_G";
    .port_info 5 /OUTPUT 1 "group_P";
    .port_info 6 /OUTPUT 1 "cout";
L_0000029d8ee24a60 .functor AND 4, L_0000029d8ee0fb90, L_0000029d8ee11f30, C4<1111>, C4<1111>;
L_0000029d8ee24750 .functor XOR 4, L_0000029d8ee0fb90, L_0000029d8ee11f30, C4<0000>, C4<0000>;
L_0000029d8ee24440 .functor BUFZ 1, L_0000029d8ee0fc30, C4<0>, C4<0>, C4<0>;
L_0000029d8ee24280 .functor AND 1, L_0000029d8ee0d390, L_0000029d8ee0d430, C4<1>, C4<1>;
L_0000029d8ee24ec0 .functor OR 1, L_0000029d8ee0eab0, L_0000029d8ee24280, C4<0>, C4<0>;
L_0000029d8ee24590 .functor AND 1, L_0000029d8ee0ed30, L_0000029d8ee0eb50, C4<1>, C4<1>;
L_0000029d8ee246e0 .functor OR 1, L_0000029d8ee0d250, L_0000029d8ee24590, C4<0>, C4<0>;
L_0000029d8ee25400 .functor AND 1, L_0000029d8ee0ebf0, L_0000029d8ee0ec90, C4<1>, C4<1>;
L_0000029d8ee23b80 .functor AND 1, L_0000029d8ee25400, L_0000029d8ee0d4d0, C4<1>, C4<1>;
L_0000029d8ee242f0 .functor OR 1, L_0000029d8ee246e0, L_0000029d8ee23b80, C4<0>, C4<0>;
L_0000029d8ee24ad0 .functor AND 1, L_0000029d8ee0d610, L_0000029d8ee0d6b0, C4<1>, C4<1>;
L_0000029d8ee24c20 .functor OR 1, L_0000029d8ee0d570, L_0000029d8ee24ad0, C4<0>, C4<0>;
L_0000029d8ee24830 .functor AND 1, L_0000029d8ee0f370, L_0000029d8ee0da70, C4<1>, C4<1>;
L_0000029d8ee24b40 .functor AND 1, L_0000029d8ee24830, L_0000029d8ee0ded0, C4<1>, C4<1>;
L_0000029d8ee24c90 .functor OR 1, L_0000029d8ee24c20, L_0000029d8ee24b40, C4<0>, C4<0>;
L_0000029d8ee26f20 .functor AND 1, L_0000029d8ee0d750, L_0000029d8ee0d890, C4<1>, C4<1>;
L_0000029d8ee26900 .functor AND 1, L_0000029d8ee26f20, L_0000029d8ee0f410, C4<1>, C4<1>;
L_0000029d8ee25f60 .functor AND 1, L_0000029d8ee26900, L_0000029d8ee0de30, C4<1>, C4<1>;
L_0000029d8ee26580 .functor OR 1, L_0000029d8ee24c90, L_0000029d8ee25f60, C4<0>, C4<0>;
L_0000029d8ee25a20 .functor AND 1, L_0000029d8ee0f190, L_0000029d8ee0e010, C4<1>, C4<1>;
L_0000029d8ee25fd0 .functor OR 1, L_0000029d8ee0df70, L_0000029d8ee25a20, C4<0>, C4<0>;
L_0000029d8ee26f90 .functor AND 1, L_0000029d8ee0e510, L_0000029d8ee0e150, C4<1>, C4<1>;
L_0000029d8ee26430 .functor AND 1, L_0000029d8ee26f90, L_0000029d8ee0f0f0, C4<1>, C4<1>;
L_0000029d8ee265f0 .functor OR 1, L_0000029d8ee25fd0, L_0000029d8ee26430, C4<0>, C4<0>;
L_0000029d8ee25ef0 .functor AND 1, L_0000029d8ee0e1f0, L_0000029d8ee0f550, C4<1>, C4<1>;
L_0000029d8ee25b00 .functor AND 1, L_0000029d8ee25ef0, L_0000029d8ee0ee70, C4<1>, C4<1>;
L_0000029d8ee267b0 .functor AND 1, L_0000029d8ee25b00, L_0000029d8ee0f5f0, C4<1>, C4<1>;
L_0000029d8ee26120 .functor OR 1, L_0000029d8ee265f0, L_0000029d8ee267b0, C4<0>, C4<0>;
L_0000029d8ee25780 .functor AND 1, L_0000029d8ee0f690, L_0000029d8ee0f730, C4<1>, C4<1>;
L_0000029d8ee26660 .functor AND 1, L_0000029d8ee25780, L_0000029d8ee0f7d0, C4<1>, C4<1>;
L_0000029d8ee26890 .functor AND 1, L_0000029d8ee26660, L_0000029d8ee11cb0, C4<1>, C4<1>;
L_0000029d8ee264a0 .functor AND 1, L_0000029d8ee26890, L_0000029d8ee0fd70, C4<1>, C4<1>;
L_0000029d8ee266d0 .functor OR 1, L_0000029d8ee26120, L_0000029d8ee264a0, C4<0>, C4<0>;
L_0000029d8ee256a0 .functor AND 1, L_0000029d8ee11ad0, L_0000029d8ee10e50, C4<1>, C4<1>;
L_0000029d8ee26040 .functor AND 1, L_0000029d8ee256a0, L_0000029d8ee11d50, C4<1>, C4<1>;
L_0000029d8ee26820 .functor AND 1, L_0000029d8ee26040, L_0000029d8ee118f0, C4<1>, C4<1>;
L_0000029d8ee27000 .functor AND 1, L_0000029d8ee0feb0, L_0000029d8ee10a90, C4<1>, C4<1>;
L_0000029d8ee26200 .functor OR 1, L_0000029d8ee103b0, L_0000029d8ee27000, C4<0>, C4<0>;
L_0000029d8ee26740 .functor AND 1, L_0000029d8ee11170, L_0000029d8ee11c10, C4<1>, C4<1>;
L_0000029d8ee26970 .functor AND 1, L_0000029d8ee26740, L_0000029d8ee11df0, C4<1>, C4<1>;
L_0000029d8ee257f0 .functor OR 1, L_0000029d8ee26200, L_0000029d8ee26970, C4<0>, C4<0>;
L_0000029d8ee269e0 .functor AND 1, L_0000029d8ee11350, L_0000029d8ee11210, C4<1>, C4<1>;
L_0000029d8ee25710 .functor AND 1, L_0000029d8ee269e0, L_0000029d8ee10ef0, C4<1>, C4<1>;
L_0000029d8ee260b0 .functor AND 1, L_0000029d8ee25710, L_0000029d8ee11e90, C4<1>, C4<1>;
L_0000029d8ee25d30 .functor OR 1, L_0000029d8ee257f0, L_0000029d8ee260b0, C4<0>, C4<0>;
L_0000029d8ee26a50 .functor XOR 4, L_0000029d8ee24750, L_0000029d8ee10db0, C4<0000>, C4<0000>;
v0000029d8eda0c80_0 .net *"_ivl_100", 0 0, L_0000029d8ee0e150;  1 drivers
v0000029d8eda1400_0 .net *"_ivl_101", 0 0, L_0000029d8ee26f90;  1 drivers
v0000029d8eda15e0_0 .net *"_ivl_104", 0 0, L_0000029d8ee0f0f0;  1 drivers
v0000029d8ed9f920_0 .net *"_ivl_105", 0 0, L_0000029d8ee26430;  1 drivers
v0000029d8ed9fec0_0 .net *"_ivl_107", 0 0, L_0000029d8ee265f0;  1 drivers
v0000029d8eda0dc0_0 .net *"_ivl_11", 0 0, L_0000029d8ee0eab0;  1 drivers
v0000029d8eda05a0_0 .net *"_ivl_110", 0 0, L_0000029d8ee0e1f0;  1 drivers
v0000029d8ed9fa60_0 .net *"_ivl_112", 0 0, L_0000029d8ee0f550;  1 drivers
v0000029d8ed9f7e0_0 .net *"_ivl_113", 0 0, L_0000029d8ee25ef0;  1 drivers
v0000029d8eda0a00_0 .net *"_ivl_116", 0 0, L_0000029d8ee0ee70;  1 drivers
v0000029d8eda03c0_0 .net *"_ivl_117", 0 0, L_0000029d8ee25b00;  1 drivers
v0000029d8eda0780_0 .net *"_ivl_120", 0 0, L_0000029d8ee0f5f0;  1 drivers
v0000029d8ed9fb00_0 .net *"_ivl_121", 0 0, L_0000029d8ee267b0;  1 drivers
v0000029d8eda17c0_0 .net *"_ivl_123", 0 0, L_0000029d8ee26120;  1 drivers
v0000029d8eda0d20_0 .net *"_ivl_126", 0 0, L_0000029d8ee0f690;  1 drivers
v0000029d8ed9fce0_0 .net *"_ivl_128", 0 0, L_0000029d8ee0f730;  1 drivers
v0000029d8eda1860_0 .net *"_ivl_129", 0 0, L_0000029d8ee25780;  1 drivers
v0000029d8eda1a40_0 .net *"_ivl_13", 0 0, L_0000029d8ee0d390;  1 drivers
v0000029d8ed9f880_0 .net *"_ivl_132", 0 0, L_0000029d8ee0f7d0;  1 drivers
v0000029d8eda1900_0 .net *"_ivl_133", 0 0, L_0000029d8ee26660;  1 drivers
v0000029d8eda19a0_0 .net *"_ivl_136", 0 0, L_0000029d8ee11cb0;  1 drivers
v0000029d8eda0320_0 .net *"_ivl_137", 0 0, L_0000029d8ee26890;  1 drivers
v0000029d8eda0aa0_0 .net *"_ivl_140", 0 0, L_0000029d8ee0fd70;  1 drivers
v0000029d8ed9fe20_0 .net *"_ivl_141", 0 0, L_0000029d8ee264a0;  1 drivers
v0000029d8eda10e0_0 .net *"_ivl_143", 0 0, L_0000029d8ee266d0;  1 drivers
v0000029d8eda1040_0 .net *"_ivl_146", 0 0, L_0000029d8ee11ad0;  1 drivers
v0000029d8eda0000_0 .net *"_ivl_148", 0 0, L_0000029d8ee10e50;  1 drivers
v0000029d8eda1ae0_0 .net *"_ivl_149", 0 0, L_0000029d8ee256a0;  1 drivers
v0000029d8eda0640_0 .net *"_ivl_15", 0 0, L_0000029d8ee0d430;  1 drivers
v0000029d8eda1b80_0 .net *"_ivl_152", 0 0, L_0000029d8ee11d50;  1 drivers
v0000029d8eda1180_0 .net *"_ivl_153", 0 0, L_0000029d8ee26040;  1 drivers
v0000029d8eda0460_0 .net *"_ivl_156", 0 0, L_0000029d8ee118f0;  1 drivers
v0000029d8eda00a0_0 .net *"_ivl_16", 0 0, L_0000029d8ee24280;  1 drivers
v0000029d8eda1c20_0 .net *"_ivl_160", 0 0, L_0000029d8ee103b0;  1 drivers
v0000029d8eda0f00_0 .net *"_ivl_162", 0 0, L_0000029d8ee0feb0;  1 drivers
v0000029d8eda08c0_0 .net *"_ivl_164", 0 0, L_0000029d8ee10a90;  1 drivers
v0000029d8eda0820_0 .net *"_ivl_165", 0 0, L_0000029d8ee27000;  1 drivers
v0000029d8ed9f560_0 .net *"_ivl_167", 0 0, L_0000029d8ee26200;  1 drivers
v0000029d8eda0960_0 .net *"_ivl_170", 0 0, L_0000029d8ee11170;  1 drivers
v0000029d8ed9f600_0 .net *"_ivl_172", 0 0, L_0000029d8ee11c10;  1 drivers
v0000029d8eda0e60_0 .net *"_ivl_173", 0 0, L_0000029d8ee26740;  1 drivers
v0000029d8ed9f6a0_0 .net *"_ivl_176", 0 0, L_0000029d8ee11df0;  1 drivers
v0000029d8eda0b40_0 .net *"_ivl_177", 0 0, L_0000029d8ee26970;  1 drivers
v0000029d8eda0be0_0 .net *"_ivl_179", 0 0, L_0000029d8ee257f0;  1 drivers
v0000029d8eda3ca0_0 .net *"_ivl_18", 0 0, L_0000029d8ee24ec0;  1 drivers
v0000029d8eda4420_0 .net *"_ivl_182", 0 0, L_0000029d8ee11350;  1 drivers
v0000029d8eda28a0_0 .net *"_ivl_184", 0 0, L_0000029d8ee11210;  1 drivers
v0000029d8eda32a0_0 .net *"_ivl_185", 0 0, L_0000029d8ee269e0;  1 drivers
v0000029d8eda2f80_0 .net *"_ivl_188", 0 0, L_0000029d8ee10ef0;  1 drivers
v0000029d8eda4060_0 .net *"_ivl_189", 0 0, L_0000029d8ee25710;  1 drivers
v0000029d8eda2b20_0 .net *"_ivl_192", 0 0, L_0000029d8ee11e90;  1 drivers
v0000029d8eda2c60_0 .net *"_ivl_193", 0 0, L_0000029d8ee260b0;  1 drivers
v0000029d8eda1d60_0 .net *"_ivl_198", 3 0, L_0000029d8ee10db0;  1 drivers
v0000029d8eda21c0_0 .net *"_ivl_23", 0 0, L_0000029d8ee0d250;  1 drivers
v0000029d8eda44c0_0 .net *"_ivl_25", 0 0, L_0000029d8ee0ed30;  1 drivers
v0000029d8eda3980_0 .net *"_ivl_27", 0 0, L_0000029d8ee0eb50;  1 drivers
v0000029d8eda2e40_0 .net *"_ivl_28", 0 0, L_0000029d8ee24590;  1 drivers
v0000029d8eda1f40_0 .net *"_ivl_30", 0 0, L_0000029d8ee246e0;  1 drivers
v0000029d8eda1ea0_0 .net *"_ivl_33", 0 0, L_0000029d8ee0ebf0;  1 drivers
v0000029d8eda2260_0 .net *"_ivl_35", 0 0, L_0000029d8ee0ec90;  1 drivers
v0000029d8eda23a0_0 .net *"_ivl_36", 0 0, L_0000029d8ee25400;  1 drivers
v0000029d8eda2ee0_0 .net *"_ivl_39", 0 0, L_0000029d8ee0d4d0;  1 drivers
v0000029d8eda3840_0 .net *"_ivl_40", 0 0, L_0000029d8ee23b80;  1 drivers
v0000029d8eda37a0_0 .net *"_ivl_42", 0 0, L_0000029d8ee242f0;  1 drivers
v0000029d8eda3660_0 .net *"_ivl_47", 0 0, L_0000029d8ee0d570;  1 drivers
v0000029d8eda3160_0 .net *"_ivl_49", 0 0, L_0000029d8ee0d610;  1 drivers
v0000029d8eda2440_0 .net *"_ivl_51", 0 0, L_0000029d8ee0d6b0;  1 drivers
v0000029d8eda3020_0 .net *"_ivl_52", 0 0, L_0000029d8ee24ad0;  1 drivers
v0000029d8eda1fe0_0 .net *"_ivl_54", 0 0, L_0000029d8ee24c20;  1 drivers
v0000029d8eda2080_0 .net *"_ivl_57", 0 0, L_0000029d8ee0f370;  1 drivers
v0000029d8eda2300_0 .net *"_ivl_59", 0 0, L_0000029d8ee0da70;  1 drivers
v0000029d8eda24e0_0 .net *"_ivl_60", 0 0, L_0000029d8ee24830;  1 drivers
v0000029d8eda30c0_0 .net *"_ivl_63", 0 0, L_0000029d8ee0ded0;  1 drivers
v0000029d8eda38e0_0 .net *"_ivl_64", 0 0, L_0000029d8ee24b40;  1 drivers
v0000029d8eda3a20_0 .net *"_ivl_66", 0 0, L_0000029d8ee24c90;  1 drivers
v0000029d8eda3700_0 .net *"_ivl_69", 0 0, L_0000029d8ee0d750;  1 drivers
v0000029d8eda3200_0 .net *"_ivl_7", 0 0, L_0000029d8ee24440;  1 drivers
v0000029d8eda2580_0 .net *"_ivl_71", 0 0, L_0000029d8ee0d890;  1 drivers
v0000029d8eda2800_0 .net *"_ivl_72", 0 0, L_0000029d8ee26f20;  1 drivers
v0000029d8eda3480_0 .net *"_ivl_75", 0 0, L_0000029d8ee0f410;  1 drivers
v0000029d8eda2620_0 .net *"_ivl_76", 0 0, L_0000029d8ee26900;  1 drivers
v0000029d8eda29e0_0 .net *"_ivl_79", 0 0, L_0000029d8ee0de30;  1 drivers
v0000029d8eda2a80_0 .net *"_ivl_80", 0 0, L_0000029d8ee25f60;  1 drivers
v0000029d8eda3340_0 .net *"_ivl_82", 0 0, L_0000029d8ee26580;  1 drivers
v0000029d8eda26c0_0 .net *"_ivl_88", 0 0, L_0000029d8ee0df70;  1 drivers
v0000029d8eda3d40_0 .net *"_ivl_90", 0 0, L_0000029d8ee0f190;  1 drivers
v0000029d8eda2760_0 .net *"_ivl_92", 0 0, L_0000029d8ee0e010;  1 drivers
v0000029d8eda33e0_0 .net *"_ivl_93", 0 0, L_0000029d8ee25a20;  1 drivers
v0000029d8eda2120_0 .net *"_ivl_95", 0 0, L_0000029d8ee25fd0;  1 drivers
v0000029d8eda3f20_0 .net *"_ivl_98", 0 0, L_0000029d8ee0e510;  1 drivers
v0000029d8eda42e0_0 .net "a", 3 0, L_0000029d8ee0fb90;  1 drivers
v0000029d8eda3520_0 .net "b", 3 0, L_0000029d8ee11f30;  1 drivers
v0000029d8eda3ac0_0 .net "c", 4 0, L_0000029d8ee0dd90;  1 drivers
v0000029d8eda41a0_0 .net "cin", 0 0, L_0000029d8ee0fc30;  1 drivers
v0000029d8eda3b60_0 .net "cout", 0 0, L_0000029d8ee0f9b0;  1 drivers
v0000029d8eda3c00_0 .net "g", 3 0, L_0000029d8ee24a60;  1 drivers
v0000029d8eda3de0_0 .net "group_G", 0 0, L_0000029d8ee25d30;  1 drivers
v0000029d8eda35c0_0 .net "group_P", 0 0, L_0000029d8ee26820;  1 drivers
v0000029d8eda3e80_0 .net "p", 3 0, L_0000029d8ee24750;  1 drivers
v0000029d8eda2940_0 .net "sum", 3 0, L_0000029d8ee26a50;  1 drivers
L_0000029d8ee0eab0 .part L_0000029d8ee24a60, 0, 1;
L_0000029d8ee0d390 .part L_0000029d8ee24750, 0, 1;
L_0000029d8ee0d430 .part L_0000029d8ee0dd90, 0, 1;
L_0000029d8ee0d250 .part L_0000029d8ee24a60, 1, 1;
L_0000029d8ee0ed30 .part L_0000029d8ee24750, 1, 1;
L_0000029d8ee0eb50 .part L_0000029d8ee24a60, 0, 1;
L_0000029d8ee0ebf0 .part L_0000029d8ee24750, 1, 1;
L_0000029d8ee0ec90 .part L_0000029d8ee24750, 0, 1;
L_0000029d8ee0d4d0 .part L_0000029d8ee0dd90, 0, 1;
L_0000029d8ee0d570 .part L_0000029d8ee24a60, 2, 1;
L_0000029d8ee0d610 .part L_0000029d8ee24750, 2, 1;
L_0000029d8ee0d6b0 .part L_0000029d8ee24a60, 1, 1;
L_0000029d8ee0f370 .part L_0000029d8ee24750, 2, 1;
L_0000029d8ee0da70 .part L_0000029d8ee24750, 1, 1;
L_0000029d8ee0ded0 .part L_0000029d8ee24a60, 0, 1;
L_0000029d8ee0d750 .part L_0000029d8ee24750, 2, 1;
L_0000029d8ee0d890 .part L_0000029d8ee24750, 1, 1;
L_0000029d8ee0f410 .part L_0000029d8ee24750, 0, 1;
L_0000029d8ee0de30 .part L_0000029d8ee0dd90, 0, 1;
LS_0000029d8ee0dd90_0_0 .concat8 [ 1 1 1 1], L_0000029d8ee24440, L_0000029d8ee24ec0, L_0000029d8ee242f0, L_0000029d8ee26580;
LS_0000029d8ee0dd90_0_4 .concat8 [ 1 0 0 0], L_0000029d8ee266d0;
L_0000029d8ee0dd90 .concat8 [ 4 1 0 0], LS_0000029d8ee0dd90_0_0, LS_0000029d8ee0dd90_0_4;
L_0000029d8ee0df70 .part L_0000029d8ee24a60, 3, 1;
L_0000029d8ee0f190 .part L_0000029d8ee24750, 3, 1;
L_0000029d8ee0e010 .part L_0000029d8ee24a60, 2, 1;
L_0000029d8ee0e510 .part L_0000029d8ee24750, 3, 1;
L_0000029d8ee0e150 .part L_0000029d8ee24750, 2, 1;
L_0000029d8ee0f0f0 .part L_0000029d8ee24a60, 1, 1;
L_0000029d8ee0e1f0 .part L_0000029d8ee24750, 3, 1;
L_0000029d8ee0f550 .part L_0000029d8ee24750, 2, 1;
L_0000029d8ee0ee70 .part L_0000029d8ee24750, 1, 1;
L_0000029d8ee0f5f0 .part L_0000029d8ee24a60, 0, 1;
L_0000029d8ee0f690 .part L_0000029d8ee24750, 3, 1;
L_0000029d8ee0f730 .part L_0000029d8ee24750, 2, 1;
L_0000029d8ee0f7d0 .part L_0000029d8ee24750, 1, 1;
L_0000029d8ee11cb0 .part L_0000029d8ee24750, 0, 1;
L_0000029d8ee0fd70 .part L_0000029d8ee0dd90, 0, 1;
L_0000029d8ee11ad0 .part L_0000029d8ee24750, 3, 1;
L_0000029d8ee10e50 .part L_0000029d8ee24750, 2, 1;
L_0000029d8ee11d50 .part L_0000029d8ee24750, 1, 1;
L_0000029d8ee118f0 .part L_0000029d8ee24750, 0, 1;
L_0000029d8ee103b0 .part L_0000029d8ee24a60, 3, 1;
L_0000029d8ee0feb0 .part L_0000029d8ee24750, 3, 1;
L_0000029d8ee10a90 .part L_0000029d8ee24a60, 2, 1;
L_0000029d8ee11170 .part L_0000029d8ee24750, 3, 1;
L_0000029d8ee11c10 .part L_0000029d8ee24750, 2, 1;
L_0000029d8ee11df0 .part L_0000029d8ee24a60, 1, 1;
L_0000029d8ee11350 .part L_0000029d8ee24750, 3, 1;
L_0000029d8ee11210 .part L_0000029d8ee24750, 2, 1;
L_0000029d8ee10ef0 .part L_0000029d8ee24750, 1, 1;
L_0000029d8ee11e90 .part L_0000029d8ee24a60, 0, 1;
L_0000029d8ee10db0 .part L_0000029d8ee0dd90, 0, 4;
L_0000029d8ee0f9b0 .part L_0000029d8ee0dd90, 4, 1;
S_0000029d8edb0410 .scope generate, "cla4_blocks[1]" "cla4_blocks[1]" 5 32, 5 32 0, S_0000029d8edaf470;
 .timescale -9 -12;
P_0000029d8ece3310 .param/l "i" 0 5 32, +C4<01>;
S_0000029d8edb1090 .scope module, "block" "cla_4bit" 5 33, 6 3 0, S_0000029d8edb0410;
 .timescale -9 -12;
    .port_info 0 /INPUT 4 "a";
    .port_info 1 /INPUT 4 "b";
    .port_info 2 /INPUT 1 "cin";
    .port_info 3 /OUTPUT 4 "sum";
    .port_info 4 /OUTPUT 1 "group_G";
    .port_info 5 /OUTPUT 1 "group_P";
    .port_info 6 /OUTPUT 1 "cout";
L_0000029d8ee25860 .functor AND 4, L_0000029d8ee121b0, L_0000029d8ee12f70, C4<1111>, C4<1111>;
L_0000029d8ee258d0 .functor XOR 4, L_0000029d8ee121b0, L_0000029d8ee12f70, C4<0000>, C4<0000>;
L_0000029d8ee25940 .functor BUFZ 1, L_0000029d8ee13e70, C4<0>, C4<0>, C4<0>;
L_0000029d8ee26510 .functor AND 1, L_0000029d8ee113f0, L_0000029d8ee0fa50, C4<1>, C4<1>;
L_0000029d8ee26ba0 .functor OR 1, L_0000029d8ee104f0, L_0000029d8ee26510, C4<0>, C4<0>;
L_0000029d8ee26190 .functor AND 1, L_0000029d8ee10b30, L_0000029d8ee10770, C4<1>, C4<1>;
L_0000029d8ee26270 .functor OR 1, L_0000029d8ee11490, L_0000029d8ee26190, C4<0>, C4<0>;
L_0000029d8ee26ac0 .functor AND 1, L_0000029d8ee0faf0, L_0000029d8ee11b70, C4<1>, C4<1>;
L_0000029d8ee26b30 .functor AND 1, L_0000029d8ee26ac0, L_0000029d8ee0fcd0, C4<1>, C4<1>;
L_0000029d8ee25550 .functor OR 1, L_0000029d8ee26270, L_0000029d8ee26b30, C4<0>, C4<0>;
L_0000029d8ee262e0 .functor AND 1, L_0000029d8ee10590, L_0000029d8ee11fd0, C4<1>, C4<1>;
L_0000029d8ee25630 .functor OR 1, L_0000029d8ee117b0, L_0000029d8ee262e0, C4<0>, C4<0>;
L_0000029d8ee259b0 .functor AND 1, L_0000029d8ee11850, L_0000029d8ee108b0, C4<1>, C4<1>;
L_0000029d8ee26c10 .functor AND 1, L_0000029d8ee259b0, L_0000029d8ee10bd0, C4<1>, C4<1>;
L_0000029d8ee26c80 .functor OR 1, L_0000029d8ee25630, L_0000029d8ee26c10, C4<0>, C4<0>;
L_0000029d8ee25e10 .functor AND 1, L_0000029d8ee0fe10, L_0000029d8ee10630, C4<1>, C4<1>;
L_0000029d8ee25b70 .functor AND 1, L_0000029d8ee25e10, L_0000029d8ee10c70, C4<1>, C4<1>;
L_0000029d8ee26cf0 .functor AND 1, L_0000029d8ee25b70, L_0000029d8ee12070, C4<1>, C4<1>;
L_0000029d8ee27070 .functor OR 1, L_0000029d8ee26c80, L_0000029d8ee26cf0, C4<0>, C4<0>;
L_0000029d8ee26d60 .functor AND 1, L_0000029d8ee11990, L_0000029d8ee0ff50, C4<1>, C4<1>;
L_0000029d8ee26350 .functor OR 1, L_0000029d8ee109f0, L_0000029d8ee26d60, C4<0>, C4<0>;
L_0000029d8ee26dd0 .functor AND 1, L_0000029d8ee11530, L_0000029d8ee10130, C4<1>, C4<1>;
L_0000029d8ee26e40 .functor AND 1, L_0000029d8ee26dd0, L_0000029d8ee10450, C4<1>, C4<1>;
L_0000029d8ee263c0 .functor OR 1, L_0000029d8ee26350, L_0000029d8ee26e40, C4<0>, C4<0>;
L_0000029d8ee26eb0 .functor AND 1, L_0000029d8ee112b0, L_0000029d8ee115d0, C4<1>, C4<1>;
L_0000029d8ee270e0 .functor AND 1, L_0000029d8ee26eb0, L_0000029d8ee0fff0, C4<1>, C4<1>;
L_0000029d8ee255c0 .functor AND 1, L_0000029d8ee270e0, L_0000029d8ee10090, C4<1>, C4<1>;
L_0000029d8ee25a90 .functor OR 1, L_0000029d8ee263c0, L_0000029d8ee255c0, C4<0>, C4<0>;
L_0000029d8ee25be0 .functor AND 1, L_0000029d8ee11a30, L_0000029d8ee12110, C4<1>, C4<1>;
L_0000029d8ee25c50 .functor AND 1, L_0000029d8ee25be0, L_0000029d8ee101d0, C4<1>, C4<1>;
L_0000029d8ee25da0 .functor AND 1, L_0000029d8ee25c50, L_0000029d8ee10270, C4<1>, C4<1>;
L_0000029d8ee25cc0 .functor AND 1, L_0000029d8ee25da0, L_0000029d8ee11670, C4<1>, C4<1>;
L_0000029d8ee25e80 .functor OR 1, L_0000029d8ee25a90, L_0000029d8ee25cc0, C4<0>, C4<0>;
L_0000029d8ee27850 .functor AND 1, L_0000029d8ee106d0, L_0000029d8ee10950, C4<1>, C4<1>;
L_0000029d8ee27700 .functor AND 1, L_0000029d8ee27850, L_0000029d8ee10310, C4<1>, C4<1>;
L_0000029d8ee28730 .functor AND 1, L_0000029d8ee27700, L_0000029d8ee10810, C4<1>, C4<1>;
L_0000029d8ee27d20 .functor AND 1, L_0000029d8ee10d10, L_0000029d8ee10f90, C4<1>, C4<1>;
L_0000029d8ee27150 .functor OR 1, L_0000029d8ee11710, L_0000029d8ee27d20, C4<0>, C4<0>;
L_0000029d8ee28960 .functor AND 1, L_0000029d8ee11030, L_0000029d8ee13970, C4<1>, C4<1>;
L_0000029d8ee289d0 .functor AND 1, L_0000029d8ee28960, L_0000029d8ee12930, C4<1>, C4<1>;
L_0000029d8ee288f0 .functor OR 1, L_0000029d8ee27150, L_0000029d8ee289d0, C4<0>, C4<0>;
L_0000029d8ee28260 .functor AND 1, L_0000029d8ee12b10, L_0000029d8ee13b50, C4<1>, C4<1>;
L_0000029d8ee27fc0 .functor AND 1, L_0000029d8ee28260, L_0000029d8ee142d0, C4<1>, C4<1>;
L_0000029d8ee28a40 .functor AND 1, L_0000029d8ee27fc0, L_0000029d8ee13fb0, C4<1>, C4<1>;
L_0000029d8ee286c0 .functor OR 1, L_0000029d8ee288f0, L_0000029d8ee28a40, C4<0>, C4<0>;
L_0000029d8ee27f50 .functor XOR 4, L_0000029d8ee258d0, L_0000029d8ee14550, C4<0000>, C4<0000>;
v0000029d8eda2bc0_0 .net *"_ivl_100", 0 0, L_0000029d8ee10130;  1 drivers
v0000029d8eda3fc0_0 .net *"_ivl_101", 0 0, L_0000029d8ee26dd0;  1 drivers
v0000029d8eda4100_0 .net *"_ivl_104", 0 0, L_0000029d8ee10450;  1 drivers
v0000029d8eda4240_0 .net *"_ivl_105", 0 0, L_0000029d8ee26e40;  1 drivers
v0000029d8eda2d00_0 .net *"_ivl_107", 0 0, L_0000029d8ee263c0;  1 drivers
v0000029d8eda2da0_0 .net *"_ivl_11", 0 0, L_0000029d8ee104f0;  1 drivers
v0000029d8eda4380_0 .net *"_ivl_110", 0 0, L_0000029d8ee112b0;  1 drivers
v0000029d8eda1e00_0 .net *"_ivl_112", 0 0, L_0000029d8ee115d0;  1 drivers
v0000029d8eda5280_0 .net *"_ivl_113", 0 0, L_0000029d8ee26eb0;  1 drivers
v0000029d8eda4ba0_0 .net *"_ivl_116", 0 0, L_0000029d8ee0fff0;  1 drivers
v0000029d8eda46a0_0 .net *"_ivl_117", 0 0, L_0000029d8ee270e0;  1 drivers
v0000029d8eda53c0_0 .net *"_ivl_120", 0 0, L_0000029d8ee10090;  1 drivers
v0000029d8eda4740_0 .net *"_ivl_121", 0 0, L_0000029d8ee255c0;  1 drivers
v0000029d8eda4b00_0 .net *"_ivl_123", 0 0, L_0000029d8ee25a90;  1 drivers
v0000029d8eda4c40_0 .net *"_ivl_126", 0 0, L_0000029d8ee11a30;  1 drivers
v0000029d8eda4ec0_0 .net *"_ivl_128", 0 0, L_0000029d8ee12110;  1 drivers
v0000029d8eda4ce0_0 .net *"_ivl_129", 0 0, L_0000029d8ee25be0;  1 drivers
v0000029d8eda5140_0 .net *"_ivl_13", 0 0, L_0000029d8ee113f0;  1 drivers
v0000029d8eda5320_0 .net *"_ivl_132", 0 0, L_0000029d8ee101d0;  1 drivers
v0000029d8eda4a60_0 .net *"_ivl_133", 0 0, L_0000029d8ee25c50;  1 drivers
v0000029d8eda4920_0 .net *"_ivl_136", 0 0, L_0000029d8ee10270;  1 drivers
v0000029d8eda47e0_0 .net *"_ivl_137", 0 0, L_0000029d8ee25da0;  1 drivers
v0000029d8eda4560_0 .net *"_ivl_140", 0 0, L_0000029d8ee11670;  1 drivers
v0000029d8eda4f60_0 .net *"_ivl_141", 0 0, L_0000029d8ee25cc0;  1 drivers
v0000029d8eda5000_0 .net *"_ivl_143", 0 0, L_0000029d8ee25e80;  1 drivers
v0000029d8eda4600_0 .net *"_ivl_146", 0 0, L_0000029d8ee106d0;  1 drivers
v0000029d8eda4880_0 .net *"_ivl_148", 0 0, L_0000029d8ee10950;  1 drivers
v0000029d8eda4d80_0 .net *"_ivl_149", 0 0, L_0000029d8ee27850;  1 drivers
v0000029d8eda49c0_0 .net *"_ivl_15", 0 0, L_0000029d8ee0fa50;  1 drivers
v0000029d8eda51e0_0 .net *"_ivl_152", 0 0, L_0000029d8ee10310;  1 drivers
v0000029d8eda4e20_0 .net *"_ivl_153", 0 0, L_0000029d8ee27700;  1 drivers
v0000029d8eda50a0_0 .net *"_ivl_156", 0 0, L_0000029d8ee10810;  1 drivers
v0000029d8ed97a40_0 .net *"_ivl_16", 0 0, L_0000029d8ee26510;  1 drivers
v0000029d8ed977c0_0 .net *"_ivl_160", 0 0, L_0000029d8ee11710;  1 drivers
v0000029d8ed963c0_0 .net *"_ivl_162", 0 0, L_0000029d8ee10d10;  1 drivers
v0000029d8ed95ba0_0 .net *"_ivl_164", 0 0, L_0000029d8ee10f90;  1 drivers
v0000029d8ed96c80_0 .net *"_ivl_165", 0 0, L_0000029d8ee27d20;  1 drivers
v0000029d8ed96fa0_0 .net *"_ivl_167", 0 0, L_0000029d8ee27150;  1 drivers
v0000029d8ed95560_0 .net *"_ivl_170", 0 0, L_0000029d8ee11030;  1 drivers
v0000029d8ed95b00_0 .net *"_ivl_172", 0 0, L_0000029d8ee13970;  1 drivers
v0000029d8ed95740_0 .net *"_ivl_173", 0 0, L_0000029d8ee28960;  1 drivers
v0000029d8ed96280_0 .net *"_ivl_176", 0 0, L_0000029d8ee12930;  1 drivers
v0000029d8ed95ec0_0 .net *"_ivl_177", 0 0, L_0000029d8ee289d0;  1 drivers
v0000029d8ed95920_0 .net *"_ivl_179", 0 0, L_0000029d8ee288f0;  1 drivers
v0000029d8ed96aa0_0 .net *"_ivl_18", 0 0, L_0000029d8ee26ba0;  1 drivers
v0000029d8ed957e0_0 .net *"_ivl_182", 0 0, L_0000029d8ee12b10;  1 drivers
v0000029d8ed970e0_0 .net *"_ivl_184", 0 0, L_0000029d8ee13b50;  1 drivers
v0000029d8ed97040_0 .net *"_ivl_185", 0 0, L_0000029d8ee28260;  1 drivers
v0000029d8ed95ce0_0 .net *"_ivl_188", 0 0, L_0000029d8ee142d0;  1 drivers
v0000029d8ed974a0_0 .net *"_ivl_189", 0 0, L_0000029d8ee27fc0;  1 drivers
v0000029d8ed96500_0 .net *"_ivl_192", 0 0, L_0000029d8ee13fb0;  1 drivers
v0000029d8ed97540_0 .net *"_ivl_193", 0 0, L_0000029d8ee28a40;  1 drivers
v0000029d8ed97180_0 .net *"_ivl_198", 3 0, L_0000029d8ee14550;  1 drivers
v0000029d8ed96320_0 .net *"_ivl_23", 0 0, L_0000029d8ee11490;  1 drivers
v0000029d8ed959c0_0 .net *"_ivl_25", 0 0, L_0000029d8ee10b30;  1 drivers
v0000029d8ed97ae0_0 .net *"_ivl_27", 0 0, L_0000029d8ee10770;  1 drivers
v0000029d8ed96f00_0 .net *"_ivl_28", 0 0, L_0000029d8ee26190;  1 drivers
v0000029d8ed968c0_0 .net *"_ivl_30", 0 0, L_0000029d8ee26270;  1 drivers
v0000029d8ed95f60_0 .net *"_ivl_33", 0 0, L_0000029d8ee0faf0;  1 drivers
v0000029d8ed97220_0 .net *"_ivl_35", 0 0, L_0000029d8ee11b70;  1 drivers
v0000029d8ed95d80_0 .net *"_ivl_36", 0 0, L_0000029d8ee26ac0;  1 drivers
v0000029d8ed972c0_0 .net *"_ivl_39", 0 0, L_0000029d8ee0fcd0;  1 drivers
v0000029d8ed95e20_0 .net *"_ivl_40", 0 0, L_0000029d8ee26b30;  1 drivers
v0000029d8ed96000_0 .net *"_ivl_42", 0 0, L_0000029d8ee25550;  1 drivers
v0000029d8ed975e0_0 .net *"_ivl_47", 0 0, L_0000029d8ee117b0;  1 drivers
v0000029d8ed96e60_0 .net *"_ivl_49", 0 0, L_0000029d8ee10590;  1 drivers
v0000029d8ed95600_0 .net *"_ivl_51", 0 0, L_0000029d8ee11fd0;  1 drivers
v0000029d8ed956a0_0 .net *"_ivl_52", 0 0, L_0000029d8ee262e0;  1 drivers
v0000029d8ed97360_0 .net *"_ivl_54", 0 0, L_0000029d8ee25630;  1 drivers
v0000029d8ed96d20_0 .net *"_ivl_57", 0 0, L_0000029d8ee11850;  1 drivers
v0000029d8ed95880_0 .net *"_ivl_59", 0 0, L_0000029d8ee108b0;  1 drivers
v0000029d8ed95a60_0 .net *"_ivl_60", 0 0, L_0000029d8ee259b0;  1 drivers
v0000029d8ed97400_0 .net *"_ivl_63", 0 0, L_0000029d8ee10bd0;  1 drivers
v0000029d8ed96140_0 .net *"_ivl_64", 0 0, L_0000029d8ee26c10;  1 drivers
v0000029d8ed97720_0 .net *"_ivl_66", 0 0, L_0000029d8ee26c80;  1 drivers
v0000029d8ed96780_0 .net *"_ivl_69", 0 0, L_0000029d8ee0fe10;  1 drivers
v0000029d8ed97680_0 .net *"_ivl_7", 0 0, L_0000029d8ee25940;  1 drivers
v0000029d8ed95c40_0 .net *"_ivl_71", 0 0, L_0000029d8ee10630;  1 drivers
v0000029d8ed96b40_0 .net *"_ivl_72", 0 0, L_0000029d8ee25e10;  1 drivers
v0000029d8ed965a0_0 .net *"_ivl_75", 0 0, L_0000029d8ee10c70;  1 drivers
v0000029d8ed96be0_0 .net *"_ivl_76", 0 0, L_0000029d8ee25b70;  1 drivers
v0000029d8ed96640_0 .net *"_ivl_79", 0 0, L_0000029d8ee12070;  1 drivers
v0000029d8ed96820_0 .net *"_ivl_80", 0 0, L_0000029d8ee26cf0;  1 drivers
v0000029d8ed96460_0 .net *"_ivl_82", 0 0, L_0000029d8ee27070;  1 drivers
v0000029d8ed97b80_0 .net *"_ivl_88", 0 0, L_0000029d8ee109f0;  1 drivers
v0000029d8ed97c20_0 .net *"_ivl_90", 0 0, L_0000029d8ee11990;  1 drivers
v0000029d8ed97860_0 .net *"_ivl_92", 0 0, L_0000029d8ee0ff50;  1 drivers
v0000029d8ed96dc0_0 .net *"_ivl_93", 0 0, L_0000029d8ee26d60;  1 drivers
v0000029d8ed979a0_0 .net *"_ivl_95", 0 0, L_0000029d8ee26350;  1 drivers
v0000029d8ed97cc0_0 .net *"_ivl_98", 0 0, L_0000029d8ee11530;  1 drivers
v0000029d8ed960a0_0 .net "a", 3 0, L_0000029d8ee121b0;  1 drivers
v0000029d8ed961e0_0 .net "b", 3 0, L_0000029d8ee12f70;  1 drivers
v0000029d8ed966e0_0 .net "c", 4 0, L_0000029d8ee110d0;  1 drivers
v0000029d8ed96960_0 .net "cin", 0 0, L_0000029d8ee13e70;  1 drivers
v0000029d8ed96a00_0 .net "cout", 0 0, L_0000029d8ee126b0;  1 drivers
v0000029d8ed97900_0 .net "g", 3 0, L_0000029d8ee25860;  1 drivers
v0000029d8ed98580_0 .net "group_G", 0 0, L_0000029d8ee286c0;  1 drivers
v0000029d8ed98c60_0 .net "group_P", 0 0, L_0000029d8ee28730;  1 drivers
v0000029d8ed98300_0 .net "p", 3 0, L_0000029d8ee258d0;  1 drivers
v0000029d8ed9a420_0 .net "sum", 3 0, L_0000029d8ee27f50;  1 drivers
L_0000029d8ee104f0 .part L_0000029d8ee25860, 0, 1;
L_0000029d8ee113f0 .part L_0000029d8ee258d0, 0, 1;
L_0000029d8ee0fa50 .part L_0000029d8ee110d0, 0, 1;
L_0000029d8ee11490 .part L_0000029d8ee25860, 1, 1;
L_0000029d8ee10b30 .part L_0000029d8ee258d0, 1, 1;
L_0000029d8ee10770 .part L_0000029d8ee25860, 0, 1;
L_0000029d8ee0faf0 .part L_0000029d8ee258d0, 1, 1;
L_0000029d8ee11b70 .part L_0000029d8ee258d0, 0, 1;
L_0000029d8ee0fcd0 .part L_0000029d8ee110d0, 0, 1;
L_0000029d8ee117b0 .part L_0000029d8ee25860, 2, 1;
L_0000029d8ee10590 .part L_0000029d8ee258d0, 2, 1;
L_0000029d8ee11fd0 .part L_0000029d8ee25860, 1, 1;
L_0000029d8ee11850 .part L_0000029d8ee258d0, 2, 1;
L_0000029d8ee108b0 .part L_0000029d8ee258d0, 1, 1;
L_0000029d8ee10bd0 .part L_0000029d8ee25860, 0, 1;
L_0000029d8ee0fe10 .part L_0000029d8ee258d0, 2, 1;
L_0000029d8ee10630 .part L_0000029d8ee258d0, 1, 1;
L_0000029d8ee10c70 .part L_0000029d8ee258d0, 0, 1;
L_0000029d8ee12070 .part L_0000029d8ee110d0, 0, 1;
LS_0000029d8ee110d0_0_0 .concat8 [ 1 1 1 1], L_0000029d8ee25940, L_0000029d8ee26ba0, L_0000029d8ee25550, L_0000029d8ee27070;
LS_0000029d8ee110d0_0_4 .concat8 [ 1 0 0 0], L_0000029d8ee25e80;
L_0000029d8ee110d0 .concat8 [ 4 1 0 0], LS_0000029d8ee110d0_0_0, LS_0000029d8ee110d0_0_4;
L_0000029d8ee109f0 .part L_0000029d8ee25860, 3, 1;
L_0000029d8ee11990 .part L_0000029d8ee258d0, 3, 1;
L_0000029d8ee0ff50 .part L_0000029d8ee25860, 2, 1;
L_0000029d8ee11530 .part L_0000029d8ee258d0, 3, 1;
L_0000029d8ee10130 .part L_0000029d8ee258d0, 2, 1;
L_0000029d8ee10450 .part L_0000029d8ee25860, 1, 1;
L_0000029d8ee112b0 .part L_0000029d8ee258d0, 3, 1;
L_0000029d8ee115d0 .part L_0000029d8ee258d0, 2, 1;
L_0000029d8ee0fff0 .part L_0000029d8ee258d0, 1, 1;
L_0000029d8ee10090 .part L_0000029d8ee25860, 0, 1;
L_0000029d8ee11a30 .part L_0000029d8ee258d0, 3, 1;
L_0000029d8ee12110 .part L_0000029d8ee258d0, 2, 1;
L_0000029d8ee101d0 .part L_0000029d8ee258d0, 1, 1;
L_0000029d8ee10270 .part L_0000029d8ee258d0, 0, 1;
L_0000029d8ee11670 .part L_0000029d8ee110d0, 0, 1;
L_0000029d8ee106d0 .part L_0000029d8ee258d0, 3, 1;
L_0000029d8ee10950 .part L_0000029d8ee258d0, 2, 1;
L_0000029d8ee10310 .part L_0000029d8ee258d0, 1, 1;
L_0000029d8ee10810 .part L_0000029d8ee258d0, 0, 1;
L_0000029d8ee11710 .part L_0000029d8ee25860, 3, 1;
L_0000029d8ee10d10 .part L_0000029d8ee258d0, 3, 1;
L_0000029d8ee10f90 .part L_0000029d8ee25860, 2, 1;
L_0000029d8ee11030 .part L_0000029d8ee258d0, 3, 1;
L_0000029d8ee13970 .part L_0000029d8ee258d0, 2, 1;
L_0000029d8ee12930 .part L_0000029d8ee25860, 1, 1;
L_0000029d8ee12b10 .part L_0000029d8ee258d0, 3, 1;
L_0000029d8ee13b50 .part L_0000029d8ee258d0, 2, 1;
L_0000029d8ee142d0 .part L_0000029d8ee258d0, 1, 1;
L_0000029d8ee13fb0 .part L_0000029d8ee25860, 0, 1;
L_0000029d8ee14550 .part L_0000029d8ee110d0, 0, 4;
L_0000029d8ee126b0 .part L_0000029d8ee110d0, 4, 1;
S_0000029d8edaf790 .scope generate, "cla4_blocks[2]" "cla4_blocks[2]" 5 32, 5 32 0, S_0000029d8edaf470;
 .timescale -9 -12;
P_0000029d8ece33d0 .param/l "i" 0 5 32, +C4<010>;
S_0000029d8edb0a50 .scope module, "block" "cla_4bit" 5 33, 6 3 0, S_0000029d8edaf790;
 .timescale -9 -12;
    .port_info 0 /INPUT 4 "a";
    .port_info 1 /INPUT 4 "b";
    .port_info 2 /INPUT 1 "cin";
    .port_info 3 /OUTPUT 4 "sum";
    .port_info 4 /OUTPUT 1 "group_G";
    .port_info 5 /OUTPUT 1 "group_P";
    .port_info 6 /OUTPUT 1 "cout";
L_0000029d8ee27770 .functor AND 4, L_0000029d8ee147d0, L_0000029d8ee124d0, C4<1111>, C4<1111>;
L_0000029d8ee27a80 .functor XOR 4, L_0000029d8ee147d0, L_0000029d8ee124d0, C4<0000>, C4<0000>;
L_0000029d8ee27c40 .functor BUFZ 1, L_0000029d8ee162b0, C4<0>, C4<0>, C4<0>;
L_0000029d8ee271c0 .functor AND 1, L_0000029d8ee13f10, L_0000029d8ee13010, C4<1>, C4<1>;
L_0000029d8ee27e70 .functor OR 1, L_0000029d8ee12570, L_0000029d8ee271c0, C4<0>, C4<0>;
L_0000029d8ee27af0 .functor AND 1, L_0000029d8ee127f0, L_0000029d8ee14870, C4<1>, C4<1>;
L_0000029d8ee280a0 .functor OR 1, L_0000029d8ee129d0, L_0000029d8ee27af0, C4<0>, C4<0>;
L_0000029d8ee28500 .functor AND 1, L_0000029d8ee12610, L_0000029d8ee12a70, C4<1>, C4<1>;
L_0000029d8ee272a0 .functor AND 1, L_0000029d8ee28500, L_0000029d8ee12bb0, C4<1>, C4<1>;
L_0000029d8ee28030 .functor OR 1, L_0000029d8ee280a0, L_0000029d8ee272a0, C4<0>, C4<0>;
L_0000029d8ee28ab0 .functor AND 1, L_0000029d8ee136f0, L_0000029d8ee133d0, C4<1>, C4<1>;
L_0000029d8ee27bd0 .functor OR 1, L_0000029d8ee12cf0, L_0000029d8ee28ab0, C4<0>, C4<0>;
L_0000029d8ee28110 .functor AND 1, L_0000029d8ee12750, L_0000029d8ee14910, C4<1>, C4<1>;
L_0000029d8ee28b90 .functor AND 1, L_0000029d8ee28110, L_0000029d8ee135b0, C4<1>, C4<1>;
L_0000029d8ee285e0 .functor OR 1, L_0000029d8ee27bd0, L_0000029d8ee28b90, C4<0>, C4<0>;
L_0000029d8ee28650 .functor AND 1, L_0000029d8ee12d90, L_0000029d8ee13790, C4<1>, C4<1>;
L_0000029d8ee281f0 .functor AND 1, L_0000029d8ee28650, L_0000029d8ee144b0, C4<1>, C4<1>;
L_0000029d8ee27b60 .functor AND 1, L_0000029d8ee281f0, L_0000029d8ee12c50, C4<1>, C4<1>;
L_0000029d8ee27cb0 .functor OR 1, L_0000029d8ee285e0, L_0000029d8ee27b60, C4<0>, C4<0>;
L_0000029d8ee27380 .functor AND 1, L_0000029d8ee13290, L_0000029d8ee12e30, C4<1>, C4<1>;
L_0000029d8ee287a0 .functor OR 1, L_0000029d8ee12390, L_0000029d8ee27380, C4<0>, C4<0>;
L_0000029d8ee27540 .functor AND 1, L_0000029d8ee145f0, L_0000029d8ee140f0, C4<1>, C4<1>;
L_0000029d8ee28c70 .functor AND 1, L_0000029d8ee27540, L_0000029d8ee13bf0, C4<1>, C4<1>;
L_0000029d8ee28180 .functor OR 1, L_0000029d8ee287a0, L_0000029d8ee28c70, C4<0>, C4<0>;
L_0000029d8ee27d90 .functor AND 1, L_0000029d8ee13650, L_0000029d8ee130b0, C4<1>, C4<1>;
L_0000029d8ee282d0 .functor AND 1, L_0000029d8ee27d90, L_0000029d8ee14690, C4<1>, C4<1>;
L_0000029d8ee28810 .functor AND 1, L_0000029d8ee282d0, L_0000029d8ee13150, C4<1>, C4<1>;
L_0000029d8ee27ee0 .functor OR 1, L_0000029d8ee28180, L_0000029d8ee28810, C4<0>, C4<0>;
L_0000029d8ee27690 .functor AND 1, L_0000029d8ee12ed0, L_0000029d8ee13c90, C4<1>, C4<1>;
L_0000029d8ee27310 .functor AND 1, L_0000029d8ee27690, L_0000029d8ee14370, C4<1>, C4<1>;
L_0000029d8ee27230 .functor AND 1, L_0000029d8ee27310, L_0000029d8ee131f0, C4<1>, C4<1>;
L_0000029d8ee28340 .functor AND 1, L_0000029d8ee27230, L_0000029d8ee13330, C4<1>, C4<1>;
L_0000029d8ee283b0 .functor OR 1, L_0000029d8ee27ee0, L_0000029d8ee28340, C4<0>, C4<0>;
L_0000029d8ee273f0 .functor AND 1, L_0000029d8ee13470, L_0000029d8ee13510, C4<1>, C4<1>;
L_0000029d8ee28880 .functor AND 1, L_0000029d8ee273f0, L_0000029d8ee13830, C4<1>, C4<1>;
L_0000029d8ee275b0 .functor AND 1, L_0000029d8ee28880, L_0000029d8ee138d0, C4<1>, C4<1>;
L_0000029d8ee28420 .functor AND 1, L_0000029d8ee14730, L_0000029d8ee13ab0, C4<1>, C4<1>;
L_0000029d8ee28b20 .functor OR 1, L_0000029d8ee13a10, L_0000029d8ee28420, C4<0>, C4<0>;
L_0000029d8ee28c00 .functor AND 1, L_0000029d8ee13d30, L_0000029d8ee14050, C4<1>, C4<1>;
L_0000029d8ee28490 .functor AND 1, L_0000029d8ee28c00, L_0000029d8ee12430, C4<1>, C4<1>;
L_0000029d8ee27460 .functor OR 1, L_0000029d8ee28b20, L_0000029d8ee28490, C4<0>, C4<0>;
L_0000029d8ee274d0 .functor AND 1, L_0000029d8ee13dd0, L_0000029d8ee14190, C4<1>, C4<1>;
L_0000029d8ee27e00 .functor AND 1, L_0000029d8ee274d0, L_0000029d8ee14230, C4<1>, C4<1>;
L_0000029d8ee28570 .functor AND 1, L_0000029d8ee27e00, L_0000029d8ee12250, C4<1>, C4<1>;
L_0000029d8ee28ce0 .functor OR 1, L_0000029d8ee27460, L_0000029d8ee28570, C4<0>, C4<0>;
L_0000029d8ee27620 .functor XOR 4, L_0000029d8ee27a80, L_0000029d8ee122f0, C4<0000>, C4<0000>;
v0000029d8ed99700_0 .net *"_ivl_100", 0 0, L_0000029d8ee140f0;  1 drivers
v0000029d8ed9a060_0 .net *"_ivl_101", 0 0, L_0000029d8ee27540;  1 drivers
v0000029d8ed9a2e0_0 .net *"_ivl_104", 0 0, L_0000029d8ee13bf0;  1 drivers
v0000029d8ed990c0_0 .net *"_ivl_105", 0 0, L_0000029d8ee28c70;  1 drivers
v0000029d8ed984e0_0 .net *"_ivl_107", 0 0, L_0000029d8ee28180;  1 drivers
v0000029d8ed9a4c0_0 .net *"_ivl_11", 0 0, L_0000029d8ee12570;  1 drivers
v0000029d8ed99660_0 .net *"_ivl_110", 0 0, L_0000029d8ee13650;  1 drivers
v0000029d8ed99200_0 .net *"_ivl_112", 0 0, L_0000029d8ee130b0;  1 drivers
v0000029d8ed98260_0 .net *"_ivl_113", 0 0, L_0000029d8ee27d90;  1 drivers
v0000029d8ed9a100_0 .net *"_ivl_116", 0 0, L_0000029d8ee14690;  1 drivers
v0000029d8ed9a1a0_0 .net *"_ivl_117", 0 0, L_0000029d8ee282d0;  1 drivers
v0000029d8ed99480_0 .net *"_ivl_120", 0 0, L_0000029d8ee13150;  1 drivers
v0000029d8ed97f40_0 .net *"_ivl_121", 0 0, L_0000029d8ee28810;  1 drivers
v0000029d8ed99160_0 .net *"_ivl_123", 0 0, L_0000029d8ee27ee0;  1 drivers
v0000029d8ed99de0_0 .net *"_ivl_126", 0 0, L_0000029d8ee12ed0;  1 drivers
v0000029d8ed98d00_0 .net *"_ivl_128", 0 0, L_0000029d8ee13c90;  1 drivers
v0000029d8ed97fe0_0 .net *"_ivl_129", 0 0, L_0000029d8ee27690;  1 drivers
v0000029d8ed99a20_0 .net *"_ivl_13", 0 0, L_0000029d8ee13f10;  1 drivers
v0000029d8ed99c00_0 .net *"_ivl_132", 0 0, L_0000029d8ee14370;  1 drivers
v0000029d8ed99520_0 .net *"_ivl_133", 0 0, L_0000029d8ee27310;  1 drivers
v0000029d8ed98ee0_0 .net *"_ivl_136", 0 0, L_0000029d8ee131f0;  1 drivers
v0000029d8ed98120_0 .net *"_ivl_137", 0 0, L_0000029d8ee27230;  1 drivers
v0000029d8ed997a0_0 .net *"_ivl_140", 0 0, L_0000029d8ee13330;  1 drivers
v0000029d8ed99b60_0 .net *"_ivl_141", 0 0, L_0000029d8ee28340;  1 drivers
v0000029d8ed98620_0 .net *"_ivl_143", 0 0, L_0000029d8ee283b0;  1 drivers
v0000029d8ed97d60_0 .net *"_ivl_146", 0 0, L_0000029d8ee13470;  1 drivers
v0000029d8ed98a80_0 .net *"_ivl_148", 0 0, L_0000029d8ee13510;  1 drivers
v0000029d8ed998e0_0 .net *"_ivl_149", 0 0, L_0000029d8ee273f0;  1 drivers
v0000029d8ed986c0_0 .net *"_ivl_15", 0 0, L_0000029d8ee13010;  1 drivers
v0000029d8ed99e80_0 .net *"_ivl_152", 0 0, L_0000029d8ee13830;  1 drivers
v0000029d8ed99d40_0 .net *"_ivl_153", 0 0, L_0000029d8ee28880;  1 drivers
v0000029d8ed98bc0_0 .net *"_ivl_156", 0 0, L_0000029d8ee138d0;  1 drivers
v0000029d8ed99840_0 .net *"_ivl_16", 0 0, L_0000029d8ee271c0;  1 drivers
v0000029d8ed97ea0_0 .net *"_ivl_160", 0 0, L_0000029d8ee13a10;  1 drivers
v0000029d8ed9a380_0 .net *"_ivl_162", 0 0, L_0000029d8ee14730;  1 drivers
v0000029d8ed98760_0 .net *"_ivl_164", 0 0, L_0000029d8ee13ab0;  1 drivers
v0000029d8ed99ac0_0 .net *"_ivl_165", 0 0, L_0000029d8ee28420;  1 drivers
v0000029d8ed99ca0_0 .net *"_ivl_167", 0 0, L_0000029d8ee28b20;  1 drivers
v0000029d8ed97e00_0 .net *"_ivl_170", 0 0, L_0000029d8ee13d30;  1 drivers
v0000029d8ed988a0_0 .net *"_ivl_172", 0 0, L_0000029d8ee14050;  1 drivers
v0000029d8ed992a0_0 .net *"_ivl_173", 0 0, L_0000029d8ee28c00;  1 drivers
v0000029d8ed98f80_0 .net *"_ivl_176", 0 0, L_0000029d8ee12430;  1 drivers
v0000029d8ed9a240_0 .net *"_ivl_177", 0 0, L_0000029d8ee28490;  1 drivers
v0000029d8ed98b20_0 .net *"_ivl_179", 0 0, L_0000029d8ee27460;  1 drivers
v0000029d8ed98da0_0 .net *"_ivl_18", 0 0, L_0000029d8ee27e70;  1 drivers
v0000029d8ed98080_0 .net *"_ivl_182", 0 0, L_0000029d8ee13dd0;  1 drivers
v0000029d8ed981c0_0 .net *"_ivl_184", 0 0, L_0000029d8ee14190;  1 drivers
v0000029d8ed983a0_0 .net *"_ivl_185", 0 0, L_0000029d8ee274d0;  1 drivers
v0000029d8ed99980_0 .net *"_ivl_188", 0 0, L_0000029d8ee14230;  1 drivers
v0000029d8ed98e40_0 .net *"_ivl_189", 0 0, L_0000029d8ee27e00;  1 drivers
v0000029d8ed98440_0 .net *"_ivl_192", 0 0, L_0000029d8ee12250;  1 drivers
v0000029d8ed98800_0 .net *"_ivl_193", 0 0, L_0000029d8ee28570;  1 drivers
v0000029d8ed98940_0 .net *"_ivl_198", 3 0, L_0000029d8ee122f0;  1 drivers
v0000029d8ed989e0_0 .net *"_ivl_23", 0 0, L_0000029d8ee129d0;  1 drivers
v0000029d8ed99020_0 .net *"_ivl_25", 0 0, L_0000029d8ee127f0;  1 drivers
v0000029d8ed99f20_0 .net *"_ivl_27", 0 0, L_0000029d8ee14870;  1 drivers
v0000029d8ed99fc0_0 .net *"_ivl_28", 0 0, L_0000029d8ee27af0;  1 drivers
v0000029d8ed99340_0 .net *"_ivl_30", 0 0, L_0000029d8ee280a0;  1 drivers
v0000029d8ed993e0_0 .net *"_ivl_33", 0 0, L_0000029d8ee12610;  1 drivers
v0000029d8ed995c0_0 .net *"_ivl_35", 0 0, L_0000029d8ee12a70;  1 drivers
v0000029d8edbdcd0_0 .net *"_ivl_36", 0 0, L_0000029d8ee28500;  1 drivers
v0000029d8edbc6f0_0 .net *"_ivl_39", 0 0, L_0000029d8ee12bb0;  1 drivers
v0000029d8edbe1d0_0 .net *"_ivl_40", 0 0, L_0000029d8ee272a0;  1 drivers
v0000029d8edbe590_0 .net *"_ivl_42", 0 0, L_0000029d8ee28030;  1 drivers
v0000029d8edbc970_0 .net *"_ivl_47", 0 0, L_0000029d8ee12cf0;  1 drivers
v0000029d8edbd550_0 .net *"_ivl_49", 0 0, L_0000029d8ee136f0;  1 drivers
v0000029d8edbcfb0_0 .net *"_ivl_51", 0 0, L_0000029d8ee133d0;  1 drivers
v0000029d8edbcab0_0 .net *"_ivl_52", 0 0, L_0000029d8ee28ab0;  1 drivers
v0000029d8edbebd0_0 .net *"_ivl_54", 0 0, L_0000029d8ee27bd0;  1 drivers
v0000029d8edbcf10_0 .net *"_ivl_57", 0 0, L_0000029d8ee12750;  1 drivers
v0000029d8edbdf50_0 .net *"_ivl_59", 0 0, L_0000029d8ee14910;  1 drivers
v0000029d8edbdff0_0 .net *"_ivl_60", 0 0, L_0000029d8ee28110;  1 drivers
v0000029d8edbc510_0 .net *"_ivl_63", 0 0, L_0000029d8ee135b0;  1 drivers
v0000029d8edbda50_0 .net *"_ivl_64", 0 0, L_0000029d8ee28b90;  1 drivers
v0000029d8edbea90_0 .net *"_ivl_66", 0 0, L_0000029d8ee285e0;  1 drivers
v0000029d8edbe770_0 .net *"_ivl_69", 0 0, L_0000029d8ee12d90;  1 drivers
v0000029d8edbdeb0_0 .net *"_ivl_7", 0 0, L_0000029d8ee27c40;  1 drivers
v0000029d8edbe270_0 .net *"_ivl_71", 0 0, L_0000029d8ee13790;  1 drivers
v0000029d8edbe090_0 .net *"_ivl_72", 0 0, L_0000029d8ee28650;  1 drivers
v0000029d8edbe6d0_0 .net *"_ivl_75", 0 0, L_0000029d8ee144b0;  1 drivers
v0000029d8edbd870_0 .net *"_ivl_76", 0 0, L_0000029d8ee281f0;  1 drivers
v0000029d8edbcc90_0 .net *"_ivl_79", 0 0, L_0000029d8ee12c50;  1 drivers
v0000029d8edbdd70_0 .net *"_ivl_80", 0 0, L_0000029d8ee27b60;  1 drivers
v0000029d8edbd4b0_0 .net *"_ivl_82", 0 0, L_0000029d8ee27cb0;  1 drivers
v0000029d8edbc8d0_0 .net *"_ivl_88", 0 0, L_0000029d8ee12390;  1 drivers
v0000029d8edbc790_0 .net *"_ivl_90", 0 0, L_0000029d8ee13290;  1 drivers
v0000029d8edbe310_0 .net *"_ivl_92", 0 0, L_0000029d8ee12e30;  1 drivers
v0000029d8edbe630_0 .net *"_ivl_93", 0 0, L_0000029d8ee27380;  1 drivers
v0000029d8edbc5b0_0 .net *"_ivl_95", 0 0, L_0000029d8ee287a0;  1 drivers
v0000029d8edbd2d0_0 .net *"_ivl_98", 0 0, L_0000029d8ee145f0;  1 drivers
v0000029d8edbd7d0_0 .net "a", 3 0, L_0000029d8ee147d0;  1 drivers
v0000029d8edbd910_0 .net "b", 3 0, L_0000029d8ee124d0;  1 drivers
v0000029d8edbd730_0 .net "c", 4 0, L_0000029d8ee12890;  1 drivers
v0000029d8edbc650_0 .net "cin", 0 0, L_0000029d8ee162b0;  1 drivers
v0000029d8edbc830_0 .net "cout", 0 0, L_0000029d8ee14410;  1 drivers
v0000029d8edbdaf0_0 .net "g", 3 0, L_0000029d8ee27770;  1 drivers
v0000029d8edbd9b0_0 .net "group_G", 0 0, L_0000029d8ee28ce0;  1 drivers
v0000029d8edbe3b0_0 .net "group_P", 0 0, L_0000029d8ee275b0;  1 drivers
v0000029d8edbe810_0 .net "p", 3 0, L_0000029d8ee27a80;  1 drivers
v0000029d8edbe450_0 .net "sum", 3 0, L_0000029d8ee27620;  1 drivers
L_0000029d8ee12570 .part L_0000029d8ee27770, 0, 1;
L_0000029d8ee13f10 .part L_0000029d8ee27a80, 0, 1;
L_0000029d8ee13010 .part L_0000029d8ee12890, 0, 1;
L_0000029d8ee129d0 .part L_0000029d8ee27770, 1, 1;
L_0000029d8ee127f0 .part L_0000029d8ee27a80, 1, 1;
L_0000029d8ee14870 .part L_0000029d8ee27770, 0, 1;
L_0000029d8ee12610 .part L_0000029d8ee27a80, 1, 1;
L_0000029d8ee12a70 .part L_0000029d8ee27a80, 0, 1;
L_0000029d8ee12bb0 .part L_0000029d8ee12890, 0, 1;
L_0000029d8ee12cf0 .part L_0000029d8ee27770, 2, 1;
L_0000029d8ee136f0 .part L_0000029d8ee27a80, 2, 1;
L_0000029d8ee133d0 .part L_0000029d8ee27770, 1, 1;
L_0000029d8ee12750 .part L_0000029d8ee27a80, 2, 1;
L_0000029d8ee14910 .part L_0000029d8ee27a80, 1, 1;
L_0000029d8ee135b0 .part L_0000029d8ee27770, 0, 1;
L_0000029d8ee12d90 .part L_0000029d8ee27a80, 2, 1;
L_0000029d8ee13790 .part L_0000029d8ee27a80, 1, 1;
L_0000029d8ee144b0 .part L_0000029d8ee27a80, 0, 1;
L_0000029d8ee12c50 .part L_0000029d8ee12890, 0, 1;
LS_0000029d8ee12890_0_0 .concat8 [ 1 1 1 1], L_0000029d8ee27c40, L_0000029d8ee27e70, L_0000029d8ee28030, L_0000029d8ee27cb0;
LS_0000029d8ee12890_0_4 .concat8 [ 1 0 0 0], L_0000029d8ee283b0;
L_0000029d8ee12890 .concat8 [ 4 1 0 0], LS_0000029d8ee12890_0_0, LS_0000029d8ee12890_0_4;
L_0000029d8ee12390 .part L_0000029d8ee27770, 3, 1;
L_0000029d8ee13290 .part L_0000029d8ee27a80, 3, 1;
L_0000029d8ee12e30 .part L_0000029d8ee27770, 2, 1;
L_0000029d8ee145f0 .part L_0000029d8ee27a80, 3, 1;
L_0000029d8ee140f0 .part L_0000029d8ee27a80, 2, 1;
L_0000029d8ee13bf0 .part L_0000029d8ee27770, 1, 1;
L_0000029d8ee13650 .part L_0000029d8ee27a80, 3, 1;
L_0000029d8ee130b0 .part L_0000029d8ee27a80, 2, 1;
L_0000029d8ee14690 .part L_0000029d8ee27a80, 1, 1;
L_0000029d8ee13150 .part L_0000029d8ee27770, 0, 1;
L_0000029d8ee12ed0 .part L_0000029d8ee27a80, 3, 1;
L_0000029d8ee13c90 .part L_0000029d8ee27a80, 2, 1;
L_0000029d8ee14370 .part L_0000029d8ee27a80, 1, 1;
L_0000029d8ee131f0 .part L_0000029d8ee27a80, 0, 1;
L_0000029d8ee13330 .part L_0000029d8ee12890, 0, 1;
L_0000029d8ee13470 .part L_0000029d8ee27a80, 3, 1;
L_0000029d8ee13510 .part L_0000029d8ee27a80, 2, 1;
L_0000029d8ee13830 .part L_0000029d8ee27a80, 1, 1;
L_0000029d8ee138d0 .part L_0000029d8ee27a80, 0, 1;
L_0000029d8ee13a10 .part L_0000029d8ee27770, 3, 1;
L_0000029d8ee14730 .part L_0000029d8ee27a80, 3, 1;
L_0000029d8ee13ab0 .part L_0000029d8ee27770, 2, 1;
L_0000029d8ee13d30 .part L_0000029d8ee27a80, 3, 1;
L_0000029d8ee14050 .part L_0000029d8ee27a80, 2, 1;
L_0000029d8ee12430 .part L_0000029d8ee27770, 1, 1;
L_0000029d8ee13dd0 .part L_0000029d8ee27a80, 3, 1;
L_0000029d8ee14190 .part L_0000029d8ee27a80, 2, 1;
L_0000029d8ee14230 .part L_0000029d8ee27a80, 1, 1;
L_0000029d8ee12250 .part L_0000029d8ee27770, 0, 1;
L_0000029d8ee122f0 .part L_0000029d8ee12890, 0, 4;
L_0000029d8ee14410 .part L_0000029d8ee12890, 4, 1;
S_0000029d8edb05a0 .scope generate, "cla4_blocks[3]" "cla4_blocks[3]" 5 32, 5 32 0, S_0000029d8edaf470;
 .timescale -9 -12;
P_0000029d8ece3490 .param/l "i" 0 5 32, +C4<011>;
S_0000029d8edafdd0 .scope module, "block" "cla_4bit" 5 33, 6 3 0, S_0000029d8edb05a0;
 .timescale -9 -12;
    .port_info 0 /INPUT 4 "a";
    .port_info 1 /INPUT 4 "b";
    .port_info 2 /INPUT 1 "cin";
    .port_info 3 /OUTPUT 4 "sum";
    .port_info 4 /OUTPUT 1 "group_G";
    .port_info 5 /OUTPUT 1 "group_P";
    .port_info 6 /OUTPUT 1 "cout";
L_0000029d8ee277e0 .functor AND 4, L_0000029d8ee15810, L_0000029d8ee168f0, C4<1111>, C4<1111>;
L_0000029d8ee278c0 .functor XOR 4, L_0000029d8ee15810, L_0000029d8ee168f0, C4<0000>, C4<0000>;
L_0000029d8ee27930 .functor BUFZ 1, L_0000029d8ee16210, C4<0>, C4<0>, C4<0>;
L_0000029d8ee279a0 .functor AND 1, L_0000029d8ee15e50, L_0000029d8ee16990, C4<1>, C4<1>;
L_0000029d8ee27a10 .functor OR 1, L_0000029d8ee15950, L_0000029d8ee279a0, C4<0>, C4<0>;
L_0000029d8ee29bc0 .functor AND 1, L_0000029d8ee15bd0, L_0000029d8ee149b0, C4<1>, C4<1>;
L_0000029d8ee875f0 .functor OR 1, L_0000029d8ee15d10, L_0000029d8ee29bc0, C4<0>, C4<0>;
L_0000029d8ee87890 .functor AND 1, L_0000029d8ee15630, L_0000029d8ee17110, C4<1>, C4<1>;
L_0000029d8ee88540 .functor AND 1, L_0000029d8ee87890, L_0000029d8ee14a50, C4<1>, C4<1>;
L_0000029d8ee88bd0 .functor OR 1, L_0000029d8ee875f0, L_0000029d8ee88540, C4<0>, C4<0>;
L_0000029d8ee88150 .functor AND 1, L_0000029d8ee158b0, L_0000029d8ee156d0, C4<1>, C4<1>;
L_0000029d8ee89030 .functor OR 1, L_0000029d8ee14af0, L_0000029d8ee88150, C4<0>, C4<0>;
L_0000029d8ee87f20 .functor AND 1, L_0000029d8ee14b90, L_0000029d8ee16cb0, C4<1>, C4<1>;
L_0000029d8ee882a0 .functor AND 1, L_0000029d8ee87f20, L_0000029d8ee16d50, C4<1>, C4<1>;
L_0000029d8ee87510 .functor OR 1, L_0000029d8ee89030, L_0000029d8ee882a0, C4<0>, C4<0>;
L_0000029d8ee87d60 .functor AND 1, L_0000029d8ee16670, L_0000029d8ee16530, C4<1>, C4<1>;
L_0000029d8ee890a0 .functor AND 1, L_0000029d8ee87d60, L_0000029d8ee14d70, C4<1>, C4<1>;
L_0000029d8ee87580 .functor AND 1, L_0000029d8ee890a0, L_0000029d8ee15f90, C4<1>, C4<1>;
L_0000029d8ee88230 .functor OR 1, L_0000029d8ee87510, L_0000029d8ee87580, C4<0>, C4<0>;
L_0000029d8ee87660 .functor AND 1, L_0000029d8ee15b30, L_0000029d8ee16030, C4<1>, C4<1>;
L_0000029d8ee876d0 .functor OR 1, L_0000029d8ee14eb0, L_0000029d8ee87660, C4<0>, C4<0>;
L_0000029d8ee88c40 .functor AND 1, L_0000029d8ee16e90, L_0000029d8ee15450, C4<1>, C4<1>;
L_0000029d8ee87740 .functor AND 1, L_0000029d8ee88c40, L_0000029d8ee15310, C4<1>, C4<1>;
L_0000029d8ee87970 .functor OR 1, L_0000029d8ee876d0, L_0000029d8ee87740, C4<0>, C4<0>;
L_0000029d8ee87eb0 .functor AND 1, L_0000029d8ee163f0, L_0000029d8ee14c30, C4<1>, C4<1>;
L_0000029d8ee881c0 .functor AND 1, L_0000029d8ee87eb0, L_0000029d8ee14cd0, C4<1>, C4<1>;
L_0000029d8ee88460 .functor AND 1, L_0000029d8ee881c0, L_0000029d8ee14e10, C4<1>, C4<1>;
L_0000029d8ee88310 .functor OR 1, L_0000029d8ee87970, L_0000029d8ee88460, C4<0>, C4<0>;
L_0000029d8ee889a0 .functor AND 1, L_0000029d8ee14f50, L_0000029d8ee15c70, C4<1>, C4<1>;
L_0000029d8ee88fc0 .functor AND 1, L_0000029d8ee889a0, L_0000029d8ee16490, C4<1>, C4<1>;
L_0000029d8ee88380 .functor AND 1, L_0000029d8ee88fc0, L_0000029d8ee167b0, C4<1>, C4<1>;
L_0000029d8ee885b0 .functor AND 1, L_0000029d8ee88380, L_0000029d8ee160d0, C4<1>, C4<1>;
L_0000029d8ee883f0 .functor OR 1, L_0000029d8ee88310, L_0000029d8ee885b0, C4<0>, C4<0>;
L_0000029d8ee880e0 .functor AND 1, L_0000029d8ee15130, L_0000029d8ee14ff0, C4<1>, C4<1>;
L_0000029d8ee87900 .functor AND 1, L_0000029d8ee880e0, L_0000029d8ee159f0, C4<1>, C4<1>;
L_0000029d8ee87a50 .functor AND 1, L_0000029d8ee87900, L_0000029d8ee15db0, C4<1>, C4<1>;
L_0000029d8ee884d0 .functor AND 1, L_0000029d8ee15090, L_0000029d8ee154f0, C4<1>, C4<1>;
L_0000029d8ee88e70 .functor OR 1, L_0000029d8ee16f30, L_0000029d8ee884d0, C4<0>, C4<0>;
L_0000029d8ee88620 .functor AND 1, L_0000029d8ee16350, L_0000029d8ee16710, C4<1>, C4<1>;
L_0000029d8ee88690 .functor AND 1, L_0000029d8ee88620, L_0000029d8ee15270, C4<1>, C4<1>;
L_0000029d8ee88700 .functor OR 1, L_0000029d8ee88e70, L_0000029d8ee88690, C4<0>, C4<0>;
L_0000029d8ee88770 .functor AND 1, L_0000029d8ee165d0, L_0000029d8ee153b0, C4<1>, C4<1>;
L_0000029d8ee88f50 .functor AND 1, L_0000029d8ee88770, L_0000029d8ee16850, C4<1>, C4<1>;
L_0000029d8ee87ac0 .functor AND 1, L_0000029d8ee88f50, L_0000029d8ee16170, C4<1>, C4<1>;
L_0000029d8ee88930 .functor OR 1, L_0000029d8ee88700, L_0000029d8ee87ac0, C4<0>, C4<0>;
L_0000029d8ee877b0 .functor XOR 4, L_0000029d8ee278c0, L_0000029d8ee15ef0, C4<0000>, C4<0000>;
v0000029d8edbca10_0 .net *"_ivl_100", 0 0, L_0000029d8ee15450;  1 drivers
v0000029d8edbdb90_0 .net *"_ivl_101", 0 0, L_0000029d8ee88c40;  1 drivers
v0000029d8edbcb50_0 .net *"_ivl_104", 0 0, L_0000029d8ee15310;  1 drivers
v0000029d8edbde10_0 .net *"_ivl_105", 0 0, L_0000029d8ee87740;  1 drivers
v0000029d8edbd690_0 .net *"_ivl_107", 0 0, L_0000029d8ee87970;  1 drivers
v0000029d8edbe8b0_0 .net *"_ivl_11", 0 0, L_0000029d8ee15950;  1 drivers
v0000029d8edbe4f0_0 .net *"_ivl_110", 0 0, L_0000029d8ee163f0;  1 drivers
v0000029d8edbd5f0_0 .net *"_ivl_112", 0 0, L_0000029d8ee14c30;  1 drivers
v0000029d8edbdc30_0 .net *"_ivl_113", 0 0, L_0000029d8ee87eb0;  1 drivers
v0000029d8edbcd30_0 .net *"_ivl_116", 0 0, L_0000029d8ee14cd0;  1 drivers
v0000029d8edbe950_0 .net *"_ivl_117", 0 0, L_0000029d8ee881c0;  1 drivers
v0000029d8edbe130_0 .net *"_ivl_120", 0 0, L_0000029d8ee14e10;  1 drivers
v0000029d8edbe9f0_0 .net *"_ivl_121", 0 0, L_0000029d8ee88460;  1 drivers
v0000029d8edbeb30_0 .net *"_ivl_123", 0 0, L_0000029d8ee88310;  1 drivers
v0000029d8edbd230_0 .net *"_ivl_126", 0 0, L_0000029d8ee14f50;  1 drivers
v0000029d8edbcbf0_0 .net *"_ivl_128", 0 0, L_0000029d8ee15c70;  1 drivers
v0000029d8edbec70_0 .net *"_ivl_129", 0 0, L_0000029d8ee889a0;  1 drivers
v0000029d8edbcdd0_0 .net *"_ivl_13", 0 0, L_0000029d8ee15e50;  1 drivers
v0000029d8edbce70_0 .net *"_ivl_132", 0 0, L_0000029d8ee16490;  1 drivers
v0000029d8edbd050_0 .net *"_ivl_133", 0 0, L_0000029d8ee88fc0;  1 drivers
v0000029d8edbd0f0_0 .net *"_ivl_136", 0 0, L_0000029d8ee167b0;  1 drivers
v0000029d8edbd370_0 .net *"_ivl_137", 0 0, L_0000029d8ee88380;  1 drivers
v0000029d8edbd190_0 .net *"_ivl_140", 0 0, L_0000029d8ee160d0;  1 drivers
v0000029d8edbd410_0 .net *"_ivl_141", 0 0, L_0000029d8ee885b0;  1 drivers
v0000029d8edc1290_0 .net *"_ivl_143", 0 0, L_0000029d8ee883f0;  1 drivers
v0000029d8edbf530_0 .net *"_ivl_146", 0 0, L_0000029d8ee15130;  1 drivers
v0000029d8edc09d0_0 .net *"_ivl_148", 0 0, L_0000029d8ee14ff0;  1 drivers
v0000029d8edc0c50_0 .net *"_ivl_149", 0 0, L_0000029d8ee880e0;  1 drivers
v0000029d8edc13d0_0 .net *"_ivl_15", 0 0, L_0000029d8ee16990;  1 drivers
v0000029d8edbf850_0 .net *"_ivl_152", 0 0, L_0000029d8ee159f0;  1 drivers
v0000029d8edc0250_0 .net *"_ivl_153", 0 0, L_0000029d8ee87900;  1 drivers
v0000029d8edbff30_0 .net *"_ivl_156", 0 0, L_0000029d8ee15db0;  1 drivers
v0000029d8edc1010_0 .net *"_ivl_16", 0 0, L_0000029d8ee279a0;  1 drivers
v0000029d8edbfad0_0 .net *"_ivl_160", 0 0, L_0000029d8ee16f30;  1 drivers
v0000029d8edbfc10_0 .net *"_ivl_162", 0 0, L_0000029d8ee15090;  1 drivers
v0000029d8edbed10_0 .net *"_ivl_164", 0 0, L_0000029d8ee154f0;  1 drivers
v0000029d8edbf170_0 .net *"_ivl_165", 0 0, L_0000029d8ee884d0;  1 drivers
v0000029d8edc1470_0 .net *"_ivl_167", 0 0, L_0000029d8ee88e70;  1 drivers
v0000029d8edc0930_0 .net *"_ivl_170", 0 0, L_0000029d8ee16350;  1 drivers
v0000029d8edbfdf0_0 .net *"_ivl_172", 0 0, L_0000029d8ee16710;  1 drivers
v0000029d8edbeef0_0 .net *"_ivl_173", 0 0, L_0000029d8ee88620;  1 drivers
v0000029d8edbee50_0 .net *"_ivl_176", 0 0, L_0000029d8ee15270;  1 drivers
v0000029d8edbf210_0 .net *"_ivl_177", 0 0, L_0000029d8ee88690;  1 drivers
v0000029d8edbf350_0 .net *"_ivl_179", 0 0, L_0000029d8ee88700;  1 drivers
v0000029d8edbfe90_0 .net *"_ivl_18", 0 0, L_0000029d8ee27a10;  1 drivers
v0000029d8edc07f0_0 .net *"_ivl_182", 0 0, L_0000029d8ee165d0;  1 drivers
v0000029d8edc0750_0 .net *"_ivl_184", 0 0, L_0000029d8ee153b0;  1 drivers
v0000029d8edc0610_0 .net *"_ivl_185", 0 0, L_0000029d8ee88770;  1 drivers
v0000029d8edc0110_0 .net *"_ivl_188", 0 0, L_0000029d8ee16850;  1 drivers
v0000029d8edbef90_0 .net *"_ivl_189", 0 0, L_0000029d8ee88f50;  1 drivers
v0000029d8edbf990_0 .net *"_ivl_192", 0 0, L_0000029d8ee16170;  1 drivers
v0000029d8edbfa30_0 .net *"_ivl_193", 0 0, L_0000029d8ee87ac0;  1 drivers
v0000029d8edbf2b0_0 .net *"_ivl_198", 3 0, L_0000029d8ee15ef0;  1 drivers
v0000029d8edbfb70_0 .net *"_ivl_23", 0 0, L_0000029d8ee15d10;  1 drivers
v0000029d8edbfcb0_0 .net *"_ivl_25", 0 0, L_0000029d8ee15bd0;  1 drivers
v0000029d8edbffd0_0 .net *"_ivl_27", 0 0, L_0000029d8ee149b0;  1 drivers
v0000029d8edbf5d0_0 .net *"_ivl_28", 0 0, L_0000029d8ee29bc0;  1 drivers
v0000029d8edc0cf0_0 .net *"_ivl_30", 0 0, L_0000029d8ee875f0;  1 drivers
v0000029d8edbf710_0 .net *"_ivl_33", 0 0, L_0000029d8ee15630;  1 drivers
v0000029d8edc0070_0 .net *"_ivl_35", 0 0, L_0000029d8ee17110;  1 drivers
v0000029d8edbf030_0 .net *"_ivl_36", 0 0, L_0000029d8ee87890;  1 drivers
v0000029d8edc0ed0_0 .net *"_ivl_39", 0 0, L_0000029d8ee14a50;  1 drivers
v0000029d8edc1330_0 .net *"_ivl_40", 0 0, L_0000029d8ee88540;  1 drivers
v0000029d8edc01b0_0 .net *"_ivl_42", 0 0, L_0000029d8ee88bd0;  1 drivers
v0000029d8edc0a70_0 .net *"_ivl_47", 0 0, L_0000029d8ee14af0;  1 drivers
v0000029d8edc1150_0 .net *"_ivl_49", 0 0, L_0000029d8ee158b0;  1 drivers
v0000029d8edc0430_0 .net *"_ivl_51", 0 0, L_0000029d8ee156d0;  1 drivers
v0000029d8edbf490_0 .net *"_ivl_52", 0 0, L_0000029d8ee88150;  1 drivers
v0000029d8edc02f0_0 .net *"_ivl_54", 0 0, L_0000029d8ee89030;  1 drivers
v0000029d8edbedb0_0 .net *"_ivl_57", 0 0, L_0000029d8ee14b90;  1 drivers
v0000029d8edbf0d0_0 .net *"_ivl_59", 0 0, L_0000029d8ee16cb0;  1 drivers
v0000029d8edbf670_0 .net *"_ivl_60", 0 0, L_0000029d8ee87f20;  1 drivers
v0000029d8edc06b0_0 .net *"_ivl_63", 0 0, L_0000029d8ee16d50;  1 drivers
v0000029d8edc0b10_0 .net *"_ivl_64", 0 0, L_0000029d8ee882a0;  1 drivers
v0000029d8edc0e30_0 .net *"_ivl_66", 0 0, L_0000029d8ee87510;  1 drivers
v0000029d8edc0890_0 .net *"_ivl_69", 0 0, L_0000029d8ee16670;  1 drivers
v0000029d8edc0d90_0 .net *"_ivl_7", 0 0, L_0000029d8ee27930;  1 drivers
v0000029d8edc10b0_0 .net *"_ivl_71", 0 0, L_0000029d8ee16530;  1 drivers
v0000029d8edc11f0_0 .net *"_ivl_72", 0 0, L_0000029d8ee87d60;  1 drivers
v0000029d8edc04d0_0 .net *"_ivl_75", 0 0, L_0000029d8ee14d70;  1 drivers
v0000029d8edbf3f0_0 .net *"_ivl_76", 0 0, L_0000029d8ee890a0;  1 drivers
v0000029d8edc0390_0 .net *"_ivl_79", 0 0, L_0000029d8ee15f90;  1 drivers
v0000029d8edc0f70_0 .net *"_ivl_80", 0 0, L_0000029d8ee87580;  1 drivers
v0000029d8edbfd50_0 .net *"_ivl_82", 0 0, L_0000029d8ee88230;  1 drivers
v0000029d8edbf7b0_0 .net *"_ivl_88", 0 0, L_0000029d8ee14eb0;  1 drivers
v0000029d8edc0bb0_0 .net *"_ivl_90", 0 0, L_0000029d8ee15b30;  1 drivers
v0000029d8edc0570_0 .net *"_ivl_92", 0 0, L_0000029d8ee16030;  1 drivers
v0000029d8edbf8f0_0 .net *"_ivl_93", 0 0, L_0000029d8ee87660;  1 drivers
v0000029d8edc1830_0 .net *"_ivl_95", 0 0, L_0000029d8ee876d0;  1 drivers
v0000029d8edc3310_0 .net *"_ivl_98", 0 0, L_0000029d8ee16e90;  1 drivers
v0000029d8edc20f0_0 .net "a", 3 0, L_0000029d8ee15810;  1 drivers
v0000029d8edc36d0_0 .net "b", 3 0, L_0000029d8ee168f0;  1 drivers
v0000029d8edc2730_0 .net "c", 4 0, L_0000029d8ee151d0;  1 drivers
v0000029d8edc34f0_0 .net "cin", 0 0, L_0000029d8ee16210;  1 drivers
v0000029d8edc18d0_0 .net "cout", 0 0, L_0000029d8ee16df0;  1 drivers
v0000029d8edc3130_0 .net "g", 3 0, L_0000029d8ee277e0;  1 drivers
v0000029d8edc25f0_0 .net "group_G", 0 0, L_0000029d8ee88930;  1 drivers
v0000029d8edc24b0_0 .net "group_P", 0 0, L_0000029d8ee87a50;  1 drivers
v0000029d8edc2a50_0 .net "p", 3 0, L_0000029d8ee278c0;  1 drivers
v0000029d8edc39f0_0 .net "sum", 3 0, L_0000029d8ee877b0;  1 drivers
L_0000029d8ee15950 .part L_0000029d8ee277e0, 0, 1;
L_0000029d8ee15e50 .part L_0000029d8ee278c0, 0, 1;
L_0000029d8ee16990 .part L_0000029d8ee151d0, 0, 1;
L_0000029d8ee15d10 .part L_0000029d8ee277e0, 1, 1;
L_0000029d8ee15bd0 .part L_0000029d8ee278c0, 1, 1;
L_0000029d8ee149b0 .part L_0000029d8ee277e0, 0, 1;
L_0000029d8ee15630 .part L_0000029d8ee278c0, 1, 1;
L_0000029d8ee17110 .part L_0000029d8ee278c0, 0, 1;
L_0000029d8ee14a50 .part L_0000029d8ee151d0, 0, 1;
L_0000029d8ee14af0 .part L_0000029d8ee277e0, 2, 1;
L_0000029d8ee158b0 .part L_0000029d8ee278c0, 2, 1;
L_0000029d8ee156d0 .part L_0000029d8ee277e0, 1, 1;
L_0000029d8ee14b90 .part L_0000029d8ee278c0, 2, 1;
L_0000029d8ee16cb0 .part L_0000029d8ee278c0, 1, 1;
L_0000029d8ee16d50 .part L_0000029d8ee277e0, 0, 1;
L_0000029d8ee16670 .part L_0000029d8ee278c0, 2, 1;
L_0000029d8ee16530 .part L_0000029d8ee278c0, 1, 1;
L_0000029d8ee14d70 .part L_0000029d8ee278c0, 0, 1;
L_0000029d8ee15f90 .part L_0000029d8ee151d0, 0, 1;
LS_0000029d8ee151d0_0_0 .concat8 [ 1 1 1 1], L_0000029d8ee27930, L_0000029d8ee27a10, L_0000029d8ee88bd0, L_0000029d8ee88230;
LS_0000029d8ee151d0_0_4 .concat8 [ 1 0 0 0], L_0000029d8ee883f0;
L_0000029d8ee151d0 .concat8 [ 4 1 0 0], LS_0000029d8ee151d0_0_0, LS_0000029d8ee151d0_0_4;
L_0000029d8ee14eb0 .part L_0000029d8ee277e0, 3, 1;
L_0000029d8ee15b30 .part L_0000029d8ee278c0, 3, 1;
L_0000029d8ee16030 .part L_0000029d8ee277e0, 2, 1;
L_0000029d8ee16e90 .part L_0000029d8ee278c0, 3, 1;
L_0000029d8ee15450 .part L_0000029d8ee278c0, 2, 1;
L_0000029d8ee15310 .part L_0000029d8ee277e0, 1, 1;
L_0000029d8ee163f0 .part L_0000029d8ee278c0, 3, 1;
L_0000029d8ee14c30 .part L_0000029d8ee278c0, 2, 1;
L_0000029d8ee14cd0 .part L_0000029d8ee278c0, 1, 1;
L_0000029d8ee14e10 .part L_0000029d8ee277e0, 0, 1;
L_0000029d8ee14f50 .part L_0000029d8ee278c0, 3, 1;
L_0000029d8ee15c70 .part L_0000029d8ee278c0, 2, 1;
L_0000029d8ee16490 .part L_0000029d8ee278c0, 1, 1;
L_0000029d8ee167b0 .part L_0000029d8ee278c0, 0, 1;
L_0000029d8ee160d0 .part L_0000029d8ee151d0, 0, 1;
L_0000029d8ee15130 .part L_0000029d8ee278c0, 3, 1;
L_0000029d8ee14ff0 .part L_0000029d8ee278c0, 2, 1;
L_0000029d8ee159f0 .part L_0000029d8ee278c0, 1, 1;
L_0000029d8ee15db0 .part L_0000029d8ee278c0, 0, 1;
L_0000029d8ee16f30 .part L_0000029d8ee277e0, 3, 1;
L_0000029d8ee15090 .part L_0000029d8ee278c0, 3, 1;
L_0000029d8ee154f0 .part L_0000029d8ee277e0, 2, 1;
L_0000029d8ee16350 .part L_0000029d8ee278c0, 3, 1;
L_0000029d8ee16710 .part L_0000029d8ee278c0, 2, 1;
L_0000029d8ee15270 .part L_0000029d8ee277e0, 1, 1;
L_0000029d8ee165d0 .part L_0000029d8ee278c0, 3, 1;
L_0000029d8ee153b0 .part L_0000029d8ee278c0, 2, 1;
L_0000029d8ee16850 .part L_0000029d8ee278c0, 1, 1;
L_0000029d8ee16170 .part L_0000029d8ee277e0, 0, 1;
L_0000029d8ee15ef0 .part L_0000029d8ee151d0, 0, 4;
L_0000029d8ee16df0 .part L_0000029d8ee151d0, 4, 1;
S_0000029d8edaff60 .scope module, "cla_upper" "cla_16bit" 4 38, 5 3 0, S_0000029d8edb1220;
 .timescale -9 -12;
    .port_info 0 /INPUT 16 "a";
    .port_info 1 /INPUT 16 "b";
    .port_info 2 /INPUT 1 "cin";
    .port_info 3 /OUTPUT 16 "sum";
    .port_info 4 /OUTPUT 1 "group_G";
    .port_info 5 /OUTPUT 1 "group_P";
    .port_info 6 /OUTPUT 1 "cout";
    .port_info 7 /OUTPUT 1 "overflow";
L_0000029d8ee8e6d0 .functor BUFZ 1, L_0000029d8ee24910, C4<0>, C4<0>, C4<0>;
L_0000029d8ee8f150 .functor AND 1, L_0000029d8ee99000, L_0000029d8ee97840, C4<1>, C4<1>;
L_0000029d8ee8e510 .functor OR 1, L_0000029d8ee98240, L_0000029d8ee8f150, C4<0>, C4<0>;
L_0000029d8ee8eeb0 .functor AND 1, L_0000029d8ee986a0, L_0000029d8ee98ba0, C4<1>, C4<1>;
L_0000029d8ee8e970 .functor OR 1, L_0000029d8ee982e0, L_0000029d8ee8eeb0, C4<0>, C4<0>;
L_0000029d8ee8e740 .functor AND 1, L_0000029d8ee97ca0, L_0000029d8ee99aa0, C4<1>, C4<1>;
L_0000029d8ee8e5f0 .functor AND 1, L_0000029d8ee8e740, L_0000029d8ee989c0, C4<1>, C4<1>;
L_0000029d8ee8ef20 .functor OR 1, L_0000029d8ee8e970, L_0000029d8ee8e5f0, C4<0>, C4<0>;
L_0000029d8ee8e660 .functor AND 1, L_0000029d8ee98380, L_0000029d8ee98420, C4<1>, C4<1>;
L_0000029d8ee8e7b0 .functor OR 1, L_0000029d8ee998c0, L_0000029d8ee8e660, C4<0>, C4<0>;
L_0000029d8ee8ef90 .functor AND 1, L_0000029d8ee97c00, L_0000029d8ee99460, C4<1>, C4<1>;
L_0000029d8ee8f310 .functor AND 1, L_0000029d8ee8ef90, L_0000029d8ee987e0, C4<1>, C4<1>;
L_0000029d8ee8eac0 .functor OR 1, L_0000029d8ee8e7b0, L_0000029d8ee8f310, C4<0>, C4<0>;
L_0000029d8ee8e820 .functor AND 1, L_0000029d8ee99500, L_0000029d8ee98920, C4<1>, C4<1>;
L_0000029d8ee8eb30 .functor AND 1, L_0000029d8ee8e820, L_0000029d8ee99c80, C4<1>, C4<1>;
L_0000029d8ee8f070 .functor AND 1, L_0000029d8ee8eb30, L_0000029d8ee984c0, C4<1>, C4<1>;
L_0000029d8ee8f0e0 .functor OR 1, L_0000029d8ee8eac0, L_0000029d8ee8f070, C4<0>, C4<0>;
L_0000029d8ee8f1c0 .functor AND 1, L_0000029d8ee99780, L_0000029d8ee97980, C4<1>, C4<1>;
L_0000029d8ee8e9e0 .functor OR 1, L_0000029d8ee99a00, L_0000029d8ee8f1c0, C4<0>, C4<0>;
L_0000029d8ee8ec10 .functor AND 1, L_0000029d8ee97d40, L_0000029d8ee99960, C4<1>, C4<1>;
L_0000029d8ee8f230 .functor AND 1, L_0000029d8ee8ec10, L_0000029d8ee98880, C4<1>, C4<1>;
L_0000029d8ee8ec80 .functor OR 1, L_0000029d8ee8e9e0, L_0000029d8ee8f230, C4<0>, C4<0>;
L_0000029d8ee8f2a0 .functor AND 1, L_0000029d8ee990a0, L_0000029d8ee97de0, C4<1>, C4<1>;
L_0000029d8ee8f380 .functor AND 1, L_0000029d8ee8f2a0, L_0000029d8ee99b40, C4<1>, C4<1>;
L_0000029d8eecd3d0 .functor AND 1, L_0000029d8ee8f380, L_0000029d8ee97e80, C4<1>, C4<1>;
L_0000029d8eeccf70 .functor OR 1, L_0000029d8ee8ec80, L_0000029d8eecd3d0, C4<0>, C4<0>;
L_0000029d8eeccb80 .functor AND 1, L_0000029d8ee97fc0, L_0000029d8ee98740, C4<1>, C4<1>;
L_0000029d8eecd440 .functor AND 1, L_0000029d8eeccb80, L_0000029d8ee98c40, C4<1>, C4<1>;
L_0000029d8eecdec0 .functor AND 1, L_0000029d8eecd440, L_0000029d8ee98ce0, C4<1>, C4<1>;
L_0000029d8eecce20 .functor AND 1, L_0000029d8eecdec0, L_0000029d8ee98d80, C4<1>, C4<1>;
L_0000029d8eecdc90 .functor OR 1, L_0000029d8eeccf70, L_0000029d8eecce20, C4<0>, C4<0>;
L_0000029d8eecdb40 .functor AND 1, L_0000029d8ee99280, L_0000029d8ee99640, C4<1>, C4<1>;
L_0000029d8eecd7c0 .functor OR 1, L_0000029d8ee991e0, L_0000029d8eecdb40, C4<0>, C4<0>;
L_0000029d8eecdd00 .functor AND 1, L_0000029d8ee99be0, L_0000029d8ee9b3a0, C4<1>, C4<1>;
L_0000029d8eecd9f0 .functor AND 1, L_0000029d8eecdd00, L_0000029d8ee9b260, C4<1>, C4<1>;
L_0000029d8eecda60 .functor OR 1, L_0000029d8eecd7c0, L_0000029d8eecd9f0, C4<0>, C4<0>;
L_0000029d8eecdbb0 .functor AND 1, L_0000029d8ee9ba80, L_0000029d8ee9b300, C4<1>, C4<1>;
L_0000029d8eeccbf0 .functor AND 1, L_0000029d8eecdbb0, L_0000029d8ee9b080, C4<1>, C4<1>;
L_0000029d8eecd050 .functor AND 1, L_0000029d8eeccbf0, L_0000029d8ee9c3e0, C4<1>, C4<1>;
L_0000029d8eecd750 .functor OR 1, L_0000029d8eecda60, L_0000029d8eecd050, C4<0>, C4<0>;
L_0000029d8eecdad0 .functor XNOR 1, L_0000029d8ee9be40, L_0000029d8ee9c0c0, C4<0>, C4<0>;
L_0000029d8eecc560 .functor XOR 1, L_0000029d8ee9c160, L_0000029d8ee9ae00, C4<0>, C4<0>;
L_0000029d8eecdc20 .functor AND 1, L_0000029d8eecdad0, L_0000029d8eecc560, C4<1>, C4<1>;
v0000029d8edd76d0_0 .net *"_ivl_101", 0 0, L_0000029d8ee8eac0;  1 drivers
v0000029d8edd6af0_0 .net *"_ivl_104", 0 0, L_0000029d8ee99500;  1 drivers
v0000029d8edd6e10_0 .net *"_ivl_106", 0 0, L_0000029d8ee98920;  1 drivers
v0000029d8edd64b0_0 .net *"_ivl_107", 0 0, L_0000029d8ee8e820;  1 drivers
v0000029d8edd58d0_0 .net *"_ivl_110", 0 0, L_0000029d8ee99c80;  1 drivers
v0000029d8edd5a10_0 .net *"_ivl_111", 0 0, L_0000029d8ee8eb30;  1 drivers
v0000029d8edd69b0_0 .net *"_ivl_114", 0 0, L_0000029d8ee984c0;  1 drivers
v0000029d8edd6370_0 .net *"_ivl_115", 0 0, L_0000029d8ee8f070;  1 drivers
v0000029d8edd73b0_0 .net *"_ivl_117", 0 0, L_0000029d8ee8f0e0;  1 drivers
v0000029d8edd6eb0_0 .net *"_ivl_123", 0 0, L_0000029d8ee99a00;  1 drivers
v0000029d8edd6910_0 .net *"_ivl_125", 0 0, L_0000029d8ee99780;  1 drivers
v0000029d8edd7590_0 .net *"_ivl_127", 0 0, L_0000029d8ee97980;  1 drivers
v0000029d8edd6550_0 .net *"_ivl_128", 0 0, L_0000029d8ee8f1c0;  1 drivers
v0000029d8edd56f0_0 .net *"_ivl_130", 0 0, L_0000029d8ee8e9e0;  1 drivers
v0000029d8edd79f0_0 .net *"_ivl_133", 0 0, L_0000029d8ee97d40;  1 drivers
v0000029d8edd5790_0 .net *"_ivl_135", 0 0, L_0000029d8ee99960;  1 drivers
v0000029d8edd7810_0 .net *"_ivl_136", 0 0, L_0000029d8ee8ec10;  1 drivers
v0000029d8edd6690_0 .net *"_ivl_139", 0 0, L_0000029d8ee98880;  1 drivers
v0000029d8edd5970_0 .net *"_ivl_140", 0 0, L_0000029d8ee8f230;  1 drivers
v0000029d8edd7c70_0 .net *"_ivl_142", 0 0, L_0000029d8ee8ec80;  1 drivers
v0000029d8edd5ab0_0 .net *"_ivl_145", 0 0, L_0000029d8ee990a0;  1 drivers
v0000029d8edd65f0_0 .net *"_ivl_147", 0 0, L_0000029d8ee97de0;  1 drivers
v0000029d8edd6410_0 .net *"_ivl_148", 0 0, L_0000029d8ee8f2a0;  1 drivers
v0000029d8edd6f50_0 .net *"_ivl_151", 0 0, L_0000029d8ee99b40;  1 drivers
v0000029d8edd67d0_0 .net *"_ivl_152", 0 0, L_0000029d8ee8f380;  1 drivers
v0000029d8edd7630_0 .net *"_ivl_155", 0 0, L_0000029d8ee97e80;  1 drivers
v0000029d8edd6ff0_0 .net *"_ivl_156", 0 0, L_0000029d8eecd3d0;  1 drivers
v0000029d8edd7310_0 .net *"_ivl_158", 0 0, L_0000029d8eeccf70;  1 drivers
v0000029d8edd5dd0_0 .net *"_ivl_161", 0 0, L_0000029d8ee97fc0;  1 drivers
v0000029d8edd5510_0 .net *"_ivl_163", 0 0, L_0000029d8ee98740;  1 drivers
v0000029d8edd6230_0 .net *"_ivl_164", 0 0, L_0000029d8eeccb80;  1 drivers
v0000029d8edd7090_0 .net *"_ivl_167", 0 0, L_0000029d8ee98c40;  1 drivers
v0000029d8edd5e70_0 .net *"_ivl_168", 0 0, L_0000029d8eecd440;  1 drivers
v0000029d8edd7770_0 .net *"_ivl_171", 0 0, L_0000029d8ee98ce0;  1 drivers
v0000029d8edd74f0_0 .net *"_ivl_172", 0 0, L_0000029d8eecdec0;  1 drivers
v0000029d8edd6730_0 .net *"_ivl_175", 0 0, L_0000029d8ee98d80;  1 drivers
v0000029d8edd7130_0 .net *"_ivl_176", 0 0, L_0000029d8eecce20;  1 drivers
v0000029d8edd5650_0 .net *"_ivl_178", 0 0, L_0000029d8eecdc90;  1 drivers
v0000029d8edd7a90_0 .net *"_ivl_183", 0 0, L_0000029d8ee991e0;  1 drivers
v0000029d8edd5d30_0 .net *"_ivl_185", 0 0, L_0000029d8ee99280;  1 drivers
v0000029d8edd71d0_0 .net *"_ivl_187", 0 0, L_0000029d8ee99640;  1 drivers
v0000029d8edd7450_0 .net *"_ivl_188", 0 0, L_0000029d8eecdb40;  1 drivers
v0000029d8edd7bd0_0 .net *"_ivl_190", 0 0, L_0000029d8eecd7c0;  1 drivers
v0000029d8edd7270_0 .net *"_ivl_193", 0 0, L_0000029d8ee99be0;  1 drivers
v0000029d8edd7950_0 .net *"_ivl_195", 0 0, L_0000029d8ee9b3a0;  1 drivers
v0000029d8edd6050_0 .net *"_ivl_196", 0 0, L_0000029d8eecdd00;  1 drivers
v0000029d8edd6a50_0 .net *"_ivl_199", 0 0, L_0000029d8ee9b260;  1 drivers
v0000029d8edd78b0_0 .net *"_ivl_200", 0 0, L_0000029d8eecd9f0;  1 drivers
v0000029d8edd5830_0 .net *"_ivl_202", 0 0, L_0000029d8eecda60;  1 drivers
v0000029d8edd7b30_0 .net *"_ivl_205", 0 0, L_0000029d8ee9ba80;  1 drivers
v0000029d8edd6cd0_0 .net *"_ivl_207", 0 0, L_0000029d8ee9b300;  1 drivers
v0000029d8edd5b50_0 .net *"_ivl_208", 0 0, L_0000029d8eecdbb0;  1 drivers
v0000029d8edd5f10_0 .net *"_ivl_211", 0 0, L_0000029d8ee9b080;  1 drivers
v0000029d8edd62d0_0 .net *"_ivl_212", 0 0, L_0000029d8eeccbf0;  1 drivers
v0000029d8edd5bf0_0 .net *"_ivl_215", 0 0, L_0000029d8ee9c3e0;  1 drivers
v0000029d8edd6870_0 .net *"_ivl_216", 0 0, L_0000029d8eecd050;  1 drivers
v0000029d8edd5fb0_0 .net *"_ivl_223", 0 0, L_0000029d8ee9be40;  1 drivers
v0000029d8edd5c90_0 .net *"_ivl_225", 0 0, L_0000029d8ee9c0c0;  1 drivers
v0000029d8edd55b0_0 .net *"_ivl_226", 0 0, L_0000029d8eecdad0;  1 drivers
v0000029d8edd6b90_0 .net *"_ivl_229", 0 0, L_0000029d8ee9c160;  1 drivers
v0000029d8edd60f0_0 .net *"_ivl_231", 0 0, L_0000029d8ee9ae00;  1 drivers
v0000029d8edd6190_0 .net *"_ivl_232", 0 0, L_0000029d8eecc560;  1 drivers
v0000029d8edd6c30_0 .net *"_ivl_42", 0 0, L_0000029d8ee8e6d0;  1 drivers
v0000029d8edd6d70_0 .net *"_ivl_46", 0 0, L_0000029d8ee98240;  1 drivers
v0000029d8edd7f90_0 .net *"_ivl_48", 0 0, L_0000029d8ee99000;  1 drivers
v0000029d8edd9930_0 .net *"_ivl_50", 0 0, L_0000029d8ee97840;  1 drivers
v0000029d8edd8f30_0 .net *"_ivl_51", 0 0, L_0000029d8ee8f150;  1 drivers
v0000029d8edd82b0_0 .net *"_ivl_53", 0 0, L_0000029d8ee8e510;  1 drivers
v0000029d8edd8d50_0 .net *"_ivl_58", 0 0, L_0000029d8ee982e0;  1 drivers
v0000029d8edd99d0_0 .net *"_ivl_60", 0 0, L_0000029d8ee986a0;  1 drivers
v0000029d8edd8030_0 .net *"_ivl_62", 0 0, L_0000029d8ee98ba0;  1 drivers
v0000029d8edd8490_0 .net *"_ivl_63", 0 0, L_0000029d8ee8eeb0;  1 drivers
v0000029d8edd9070_0 .net *"_ivl_65", 0 0, L_0000029d8ee8e970;  1 drivers
v0000029d8edd9390_0 .net *"_ivl_68", 0 0, L_0000029d8ee97ca0;  1 drivers
v0000029d8edd96b0_0 .net *"_ivl_70", 0 0, L_0000029d8ee99aa0;  1 drivers
v0000029d8edd9110_0 .net *"_ivl_71", 0 0, L_0000029d8ee8e740;  1 drivers
v0000029d8edd9610_0 .net *"_ivl_74", 0 0, L_0000029d8ee989c0;  1 drivers
v0000029d8edd97f0_0 .net *"_ivl_75", 0 0, L_0000029d8ee8e5f0;  1 drivers
v0000029d8edd9a70_0 .net *"_ivl_77", 0 0, L_0000029d8ee8ef20;  1 drivers
v0000029d8edd8e90_0 .net *"_ivl_82", 0 0, L_0000029d8ee998c0;  1 drivers
v0000029d8edd91b0_0 .net *"_ivl_84", 0 0, L_0000029d8ee98380;  1 drivers
v0000029d8edd8cb0_0 .net *"_ivl_86", 0 0, L_0000029d8ee98420;  1 drivers
v0000029d8edd9750_0 .net *"_ivl_87", 0 0, L_0000029d8ee8e660;  1 drivers
v0000029d8edd8990_0 .net *"_ivl_89", 0 0, L_0000029d8ee8e7b0;  1 drivers
v0000029d8edd7e50_0 .net *"_ivl_92", 0 0, L_0000029d8ee97c00;  1 drivers
v0000029d8edd9b10_0 .net *"_ivl_94", 0 0, L_0000029d8ee99460;  1 drivers
v0000029d8edd7ef0_0 .net *"_ivl_95", 0 0, L_0000029d8ee8ef90;  1 drivers
v0000029d8edd9890_0 .net *"_ivl_98", 0 0, L_0000029d8ee987e0;  1 drivers
v0000029d8edd9570_0 .net *"_ivl_99", 0 0, L_0000029d8ee8f310;  1 drivers
v0000029d8edd8710_0 .net "a", 15 0, L_0000029d8ee9b9e0;  1 drivers
v0000029d8edd8df0_0 .net "b", 15 0, L_0000029d8ee99f00;  1 drivers
v0000029d8edd80d0_0 .net "c", 4 0, L_0000029d8ee97f20;  1 drivers
v0000029d8edd9250_0 .net "cin", 0 0, L_0000029d8ee24910;  alias, 1 drivers
v0000029d8edd85d0_0 .net "cout", 0 0, L_0000029d8ee9b1c0;  1 drivers
v0000029d8edd8fd0_0 .net "gg", 3 0, L_0000029d8ee977a0;  1 drivers
v0000029d8edd92f0_0 .net "gp", 3 0, L_0000029d8ee98600;  1 drivers
v0000029d8edd7d10_0 .net "group_G", 0 0, L_0000029d8eecd750;  1 drivers
v0000029d8edd9bb0_0 .net "group_P", 0 0, L_0000029d8ee99140;  1 drivers
v0000029d8edd7db0_0 .net "overflow", 0 0, L_0000029d8eecdc20;  1 drivers
v0000029d8edd8170_0 .net "sum", 15 0, L_0000029d8ee981a0;  1 drivers
L_0000029d8ee90540 .part L_0000029d8ee9b9e0, 0, 4;
L_0000029d8ee91440 .part L_0000029d8ee99f00, 0, 4;
L_0000029d8ee91e40 .part L_0000029d8ee97f20, 0, 1;
L_0000029d8ee93380 .part L_0000029d8ee9b9e0, 4, 4;
L_0000029d8ee94000 .part L_0000029d8ee99f00, 4, 4;
L_0000029d8ee927a0 .part L_0000029d8ee97f20, 1, 1;
L_0000029d8ee96260 .part L_0000029d8ee9b9e0, 8, 4;
L_0000029d8ee94dc0 .part L_0000029d8ee99f00, 8, 4;
L_0000029d8ee95b80 .part L_0000029d8ee97f20, 2, 1;
L_0000029d8ee98e20 .part L_0000029d8ee9b9e0, 12, 4;
L_0000029d8ee97b60 .part L_0000029d8ee99f00, 12, 4;
L_0000029d8ee97660 .part L_0000029d8ee97f20, 3, 1;
L_0000029d8ee981a0 .concat8 [ 4 4 4 4], L_0000029d8ee8ba30, L_0000029d8ee8c2f0, L_0000029d8ee8e190, L_0000029d8ee8ea50;
L_0000029d8ee977a0 .concat8 [ 1 1 1 1], L_0000029d8ee892d0, L_0000029d8ee8bb10, L_0000029d8ee8e2e0, L_0000029d8ee8e900;
L_0000029d8ee98600 .concat8 [ 1 1 1 1], L_0000029d8ee8a6f0, L_0000029d8ee8bf00, L_0000029d8ee8ca60, L_0000029d8ee8e890;
L_0000029d8ee98240 .part L_0000029d8ee977a0, 0, 1;
L_0000029d8ee99000 .part L_0000029d8ee98600, 0, 1;
L_0000029d8ee97840 .part L_0000029d8ee97f20, 0, 1;
L_0000029d8ee982e0 .part L_0000029d8ee977a0, 1, 1;
L_0000029d8ee986a0 .part L_0000029d8ee98600, 1, 1;
L_0000029d8ee98ba0 .part L_0000029d8ee977a0, 0, 1;
L_0000029d8ee97ca0 .part L_0000029d8ee98600, 1, 1;
L_0000029d8ee99aa0 .part L_0000029d8ee98600, 0, 1;
L_0000029d8ee989c0 .part L_0000029d8ee97f20, 0, 1;
L_0000029d8ee998c0 .part L_0000029d8ee977a0, 2, 1;
L_0000029d8ee98380 .part L_0000029d8ee98600, 2, 1;
L_0000029d8ee98420 .part L_0000029d8ee977a0, 1, 1;
L_0000029d8ee97c00 .part L_0000029d8ee98600, 2, 1;
L_0000029d8ee99460 .part L_0000029d8ee98600, 1, 1;
L_0000029d8ee987e0 .part L_0000029d8ee977a0, 0, 1;
L_0000029d8ee99500 .part L_0000029d8ee98600, 2, 1;
L_0000029d8ee98920 .part L_0000029d8ee98600, 1, 1;
L_0000029d8ee99c80 .part L_0000029d8ee98600, 0, 1;
L_0000029d8ee984c0 .part L_0000029d8ee97f20, 0, 1;
LS_0000029d8ee97f20_0_0 .concat8 [ 1 1 1 1], L_0000029d8ee8e6d0, L_0000029d8ee8e510, L_0000029d8ee8ef20, L_0000029d8ee8f0e0;
LS_0000029d8ee97f20_0_4 .concat8 [ 1 0 0 0], L_0000029d8eecdc90;
L_0000029d8ee97f20 .concat8 [ 4 1 0 0], LS_0000029d8ee97f20_0_0, LS_0000029d8ee97f20_0_4;
L_0000029d8ee99a00 .part L_0000029d8ee977a0, 3, 1;
L_0000029d8ee99780 .part L_0000029d8ee98600, 3, 1;
L_0000029d8ee97980 .part L_0000029d8ee977a0, 2, 1;
L_0000029d8ee97d40 .part L_0000029d8ee98600, 3, 1;
L_0000029d8ee99960 .part L_0000029d8ee98600, 2, 1;
L_0000029d8ee98880 .part L_0000029d8ee977a0, 1, 1;
L_0000029d8ee990a0 .part L_0000029d8ee98600, 3, 1;
L_0000029d8ee97de0 .part L_0000029d8ee98600, 2, 1;
L_0000029d8ee99b40 .part L_0000029d8ee98600, 1, 1;
L_0000029d8ee97e80 .part L_0000029d8ee977a0, 0, 1;
L_0000029d8ee97fc0 .part L_0000029d8ee98600, 3, 1;
L_0000029d8ee98740 .part L_0000029d8ee98600, 2, 1;
L_0000029d8ee98c40 .part L_0000029d8ee98600, 1, 1;
L_0000029d8ee98ce0 .part L_0000029d8ee98600, 0, 1;
L_0000029d8ee98d80 .part L_0000029d8ee97f20, 0, 1;
L_0000029d8ee99140 .reduce/and L_0000029d8ee98600;
L_0000029d8ee991e0 .part L_0000029d8ee977a0, 3, 1;
L_0000029d8ee99280 .part L_0000029d8ee98600, 3, 1;
L_0000029d8ee99640 .part L_0000029d8ee977a0, 2, 1;
L_0000029d8ee99be0 .part L_0000029d8ee98600, 3, 1;
L_0000029d8ee9b3a0 .part L_0000029d8ee98600, 2, 1;
L_0000029d8ee9b260 .part L_0000029d8ee977a0, 1, 1;
L_0000029d8ee9ba80 .part L_0000029d8ee98600, 3, 1;
L_0000029d8ee9b300 .part L_0000029d8ee98600, 2, 1;
L_0000029d8ee9b080 .part L_0000029d8ee98600, 1, 1;
L_0000029d8ee9c3e0 .part L_0000029d8ee977a0, 0, 1;
L_0000029d8ee9b1c0 .part L_0000029d8ee97f20, 4, 1;
L_0000029d8ee9be40 .part L_0000029d8ee9b9e0, 15, 1;
L_0000029d8ee9c0c0 .part L_0000029d8ee99f00, 15, 1;
L_0000029d8ee9c160 .part L_0000029d8ee981a0, 15, 1;
L_0000029d8ee9ae00 .part L_0000029d8ee9b9e0, 15, 1;
S_0000029d8edb00f0 .scope generate, "cla4_blocks[0]" "cla4_blocks[0]" 5 32, 5 32 0, S_0000029d8edaff60;
 .timescale -9 -12;
P_0000029d8ece3610 .param/l "i" 0 5 32, +C4<00>;
S_0000029d8edaf920 .scope module, "block" "cla_4bit" 5 33, 6 3 0, S_0000029d8edb00f0;
 .timescale -9 -12;
    .port_info 0 /INPUT 4 "a";
    .port_info 1 /INPUT 4 "b";
    .port_info 2 /INPUT 1 "cin";
    .port_info 3 /OUTPUT 4 "sum";
    .port_info 4 /OUTPUT 1 "group_G";
    .port_info 5 /OUTPUT 1 "group_P";
    .port_info 6 /OUTPUT 1 "cout";
L_0000029d8ee89ff0 .functor AND 4, L_0000029d8ee90540, L_0000029d8ee91440, C4<1111>, C4<1111>;
L_0000029d8ee891f0 .functor XOR 4, L_0000029d8ee90540, L_0000029d8ee91440, C4<0000>, C4<0000>;
L_0000029d8ee8a1b0 .functor BUFZ 1, L_0000029d8ee91e40, C4<0>, C4<0>, C4<0>;
L_0000029d8ee896c0 .functor AND 1, L_0000029d8ee188d0, L_0000029d8ee18970, C4<1>, C4<1>;
L_0000029d8ee89880 .functor OR 1, L_0000029d8ee18830, L_0000029d8ee896c0, C4<0>, C4<0>;
L_0000029d8ee89340 .functor AND 1, L_0000029d8ee91620, L_0000029d8ee8fd20, C4<1>, C4<1>;
L_0000029d8ee8a610 .functor OR 1, L_0000029d8ee90680, L_0000029d8ee89340, C4<0>, C4<0>;
L_0000029d8ee893b0 .functor AND 1, L_0000029d8ee92020, L_0000029d8ee922a0, C4<1>, C4<1>;
L_0000029d8ee897a0 .functor AND 1, L_0000029d8ee893b0, L_0000029d8ee916c0, C4<1>, C4<1>;
L_0000029d8ee8a680 .functor OR 1, L_0000029d8ee8a610, L_0000029d8ee897a0, C4<0>, C4<0>;
L_0000029d8ee8aa00 .functor AND 1, L_0000029d8ee91d00, L_0000029d8ee920c0, C4<1>, C4<1>;
L_0000029d8ee8a290 .functor OR 1, L_0000029d8ee91760, L_0000029d8ee8aa00, C4<0>, C4<0>;
L_0000029d8ee89b90 .functor AND 1, L_0000029d8ee91da0, L_0000029d8ee90cc0, C4<1>, C4<1>;
L_0000029d8ee89960 .functor AND 1, L_0000029d8ee89b90, L_0000029d8ee918a0, C4<1>, C4<1>;
L_0000029d8ee89420 .functor OR 1, L_0000029d8ee8a290, L_0000029d8ee89960, C4<0>, C4<0>;
L_0000029d8ee89260 .functor AND 1, L_0000029d8ee90220, L_0000029d8ee91300, C4<1>, C4<1>;
L_0000029d8ee8a7d0 .functor AND 1, L_0000029d8ee89260, L_0000029d8ee90fe0, C4<1>, C4<1>;
L_0000029d8ee8aca0 .functor AND 1, L_0000029d8ee8a7d0, L_0000029d8ee90360, C4<1>, C4<1>;
L_0000029d8ee8aa70 .functor OR 1, L_0000029d8ee89420, L_0000029d8ee8aca0, C4<0>, C4<0>;
L_0000029d8ee8a840 .functor AND 1, L_0000029d8ee92200, L_0000029d8ee907c0, C4<1>, C4<1>;
L_0000029d8ee898f0 .functor OR 1, L_0000029d8ee90b80, L_0000029d8ee8a840, C4<0>, C4<0>;
L_0000029d8ee8a140 .functor AND 1, L_0000029d8ee90c20, L_0000029d8ee90400, C4<1>, C4<1>;
L_0000029d8ee89500 .functor AND 1, L_0000029d8ee8a140, L_0000029d8ee8fdc0, C4<1>, C4<1>;
L_0000029d8ee89a40 .functor OR 1, L_0000029d8ee898f0, L_0000029d8ee89500, C4<0>, C4<0>;
L_0000029d8ee895e0 .functor AND 1, L_0000029d8ee900e0, L_0000029d8ee913a0, C4<1>, C4<1>;
L_0000029d8ee89e30 .functor AND 1, L_0000029d8ee895e0, L_0000029d8ee8fe60, C4<1>, C4<1>;
L_0000029d8ee8aae0 .functor AND 1, L_0000029d8ee89e30, L_0000029d8ee90d60, C4<1>, C4<1>;
L_0000029d8ee8a0d0 .functor OR 1, L_0000029d8ee89a40, L_0000029d8ee8aae0, C4<0>, C4<0>;
L_0000029d8ee8a990 .functor AND 1, L_0000029d8ee91120, L_0000029d8ee92160, C4<1>, C4<1>;
L_0000029d8ee89ea0 .functor AND 1, L_0000029d8ee8a990, L_0000029d8ee909a0, C4<1>, C4<1>;
L_0000029d8ee89730 .functor AND 1, L_0000029d8ee89ea0, L_0000029d8ee90ae0, C4<1>, C4<1>;
L_0000029d8ee899d0 .functor AND 1, L_0000029d8ee89730, L_0000029d8ee91940, C4<1>, C4<1>;
L_0000029d8ee89f10 .functor OR 1, L_0000029d8ee8a0d0, L_0000029d8ee899d0, C4<0>, C4<0>;
L_0000029d8ee8a220 .functor AND 1, L_0000029d8ee8ff00, L_0000029d8ee90860, C4<1>, C4<1>;
L_0000029d8ee8a300 .functor AND 1, L_0000029d8ee8a220, L_0000029d8ee90900, C4<1>, C4<1>;
L_0000029d8ee8a6f0 .functor AND 1, L_0000029d8ee8a300, L_0000029d8ee92340, C4<1>, C4<1>;
L_0000029d8ee8a920 .functor AND 1, L_0000029d8ee91260, L_0000029d8ee91c60, C4<1>, C4<1>;
L_0000029d8ee8ab50 .functor OR 1, L_0000029d8ee91a80, L_0000029d8ee8a920, C4<0>, C4<0>;
L_0000029d8ee89f80 .functor AND 1, L_0000029d8ee919e0, L_0000029d8ee90a40, C4<1>, C4<1>;
L_0000029d8ee89650 .functor AND 1, L_0000029d8ee89f80, L_0000029d8ee91800, C4<1>, C4<1>;
L_0000029d8ee8a370 .functor OR 1, L_0000029d8ee8ab50, L_0000029d8ee89650, C4<0>, C4<0>;
L_0000029d8ee8a3e0 .functor AND 1, L_0000029d8ee91b20, L_0000029d8ee902c0, C4<1>, C4<1>;
L_0000029d8ee8a760 .functor AND 1, L_0000029d8ee8a3e0, L_0000029d8ee90f40, C4<1>, C4<1>;
L_0000029d8ee8abc0 .functor AND 1, L_0000029d8ee8a760, L_0000029d8ee91bc0, C4<1>, C4<1>;
L_0000029d8ee892d0 .functor OR 1, L_0000029d8ee8a370, L_0000029d8ee8abc0, C4<0>, C4<0>;
L_0000029d8ee8ba30 .functor XOR 4, L_0000029d8ee891f0, L_0000029d8ee904a0, C4<0000>, C4<0000>;
v0000029d8edc57f0_0 .net *"_ivl_100", 0 0, L_0000029d8ee90400;  1 drivers
v0000029d8edc4df0_0 .net *"_ivl_101", 0 0, L_0000029d8ee8a140;  1 drivers
v0000029d8edc5930_0 .net *"_ivl_104", 0 0, L_0000029d8ee8fdc0;  1 drivers
v0000029d8edc4f30_0 .net *"_ivl_105", 0 0, L_0000029d8ee89500;  1 drivers
v0000029d8edc4fd0_0 .net *"_ivl_107", 0 0, L_0000029d8ee89a40;  1 drivers
v0000029d8edc51b0_0 .net *"_ivl_11", 0 0, L_0000029d8ee18830;  1 drivers
v0000029d8edc54d0_0 .net *"_ivl_110", 0 0, L_0000029d8ee900e0;  1 drivers
v0000029d8edc52f0_0 .net *"_ivl_112", 0 0, L_0000029d8ee913a0;  1 drivers
v0000029d8edc5390_0 .net *"_ivl_113", 0 0, L_0000029d8ee895e0;  1 drivers
v0000029d8edc5ed0_0 .net *"_ivl_116", 0 0, L_0000029d8ee8fe60;  1 drivers
v0000029d8edc5570_0 .net *"_ivl_117", 0 0, L_0000029d8ee89e30;  1 drivers
v0000029d8edc5610_0 .net *"_ivl_120", 0 0, L_0000029d8ee90d60;  1 drivers
v0000029d8edc5cf0_0 .net *"_ivl_121", 0 0, L_0000029d8ee8aae0;  1 drivers
v0000029d8edc5d90_0 .net *"_ivl_123", 0 0, L_0000029d8ee8a0d0;  1 drivers
v0000029d8edc6010_0 .net *"_ivl_126", 0 0, L_0000029d8ee91120;  1 drivers
v0000029d8edc60b0_0 .net *"_ivl_128", 0 0, L_0000029d8ee92160;  1 drivers
v0000029d8edc8310_0 .net *"_ivl_129", 0 0, L_0000029d8ee8a990;  1 drivers
v0000029d8edc7370_0 .net *"_ivl_13", 0 0, L_0000029d8ee188d0;  1 drivers
v0000029d8edc7690_0 .net *"_ivl_132", 0 0, L_0000029d8ee909a0;  1 drivers
v0000029d8edc6970_0 .net *"_ivl_133", 0 0, L_0000029d8ee89ea0;  1 drivers
v0000029d8edc8630_0 .net *"_ivl_136", 0 0, L_0000029d8ee90ae0;  1 drivers
v0000029d8edc7c30_0 .net *"_ivl_137", 0 0, L_0000029d8ee89730;  1 drivers
v0000029d8edc6a10_0 .net *"_ivl_140", 0 0, L_0000029d8ee91940;  1 drivers
v0000029d8edc8590_0 .net *"_ivl_141", 0 0, L_0000029d8ee899d0;  1 drivers
v0000029d8edc7a50_0 .net *"_ivl_143", 0 0, L_0000029d8ee89f10;  1 drivers
v0000029d8edc7870_0 .net *"_ivl_146", 0 0, L_0000029d8ee8ff00;  1 drivers
v0000029d8edc6d30_0 .net *"_ivl_148", 0 0, L_0000029d8ee90860;  1 drivers
v0000029d8edc7410_0 .net *"_ivl_149", 0 0, L_0000029d8ee8a220;  1 drivers
v0000029d8edc8450_0 .net *"_ivl_15", 0 0, L_0000029d8ee18970;  1 drivers
v0000029d8edc86d0_0 .net *"_ivl_152", 0 0, L_0000029d8ee90900;  1 drivers
v0000029d8edc8270_0 .net *"_ivl_153", 0 0, L_0000029d8ee8a300;  1 drivers
v0000029d8edc7550_0 .net *"_ivl_156", 0 0, L_0000029d8ee92340;  1 drivers
v0000029d8edc75f0_0 .net *"_ivl_16", 0 0, L_0000029d8ee896c0;  1 drivers
v0000029d8edc6fb0_0 .net *"_ivl_160", 0 0, L_0000029d8ee91a80;  1 drivers
v0000029d8edc7cd0_0 .net *"_ivl_162", 0 0, L_0000029d8ee91260;  1 drivers
v0000029d8edc6510_0 .net *"_ivl_164", 0 0, L_0000029d8ee91c60;  1 drivers
v0000029d8edc8770_0 .net *"_ivl_165", 0 0, L_0000029d8ee8a920;  1 drivers
v0000029d8edc8a90_0 .net *"_ivl_167", 0 0, L_0000029d8ee8ab50;  1 drivers
v0000029d8edc72d0_0 .net *"_ivl_170", 0 0, L_0000029d8ee919e0;  1 drivers
v0000029d8edc6f10_0 .net *"_ivl_172", 0 0, L_0000029d8ee90a40;  1 drivers
v0000029d8edc6bf0_0 .net *"_ivl_173", 0 0, L_0000029d8ee89f80;  1 drivers
v0000029d8edc8bd0_0 .net *"_ivl_176", 0 0, L_0000029d8ee91800;  1 drivers
v0000029d8edc7d70_0 .net *"_ivl_177", 0 0, L_0000029d8ee89650;  1 drivers
v0000029d8edc8090_0 .net *"_ivl_179", 0 0, L_0000029d8ee8a370;  1 drivers
v0000029d8edc7910_0 .net *"_ivl_18", 0 0, L_0000029d8ee89880;  1 drivers
v0000029d8edc8810_0 .net *"_ivl_182", 0 0, L_0000029d8ee91b20;  1 drivers
v0000029d8edc74b0_0 .net *"_ivl_184", 0 0, L_0000029d8ee902c0;  1 drivers
v0000029d8edc66f0_0 .net *"_ivl_185", 0 0, L_0000029d8ee8a3e0;  1 drivers
v0000029d8edc89f0_0 .net *"_ivl_188", 0 0, L_0000029d8ee90f40;  1 drivers
v0000029d8edc6790_0 .net *"_ivl_189", 0 0, L_0000029d8ee8a760;  1 drivers
v0000029d8edc88b0_0 .net *"_ivl_192", 0 0, L_0000029d8ee91bc0;  1 drivers
v0000029d8edc84f0_0 .net *"_ivl_193", 0 0, L_0000029d8ee8abc0;  1 drivers
v0000029d8edc7190_0 .net *"_ivl_198", 3 0, L_0000029d8ee904a0;  1 drivers
v0000029d8edc7af0_0 .net *"_ivl_23", 0 0, L_0000029d8ee90680;  1 drivers
v0000029d8edc6830_0 .net *"_ivl_25", 0 0, L_0000029d8ee91620;  1 drivers
v0000029d8edc8130_0 .net *"_ivl_27", 0 0, L_0000029d8ee8fd20;  1 drivers
v0000029d8edc7f50_0 .net *"_ivl_28", 0 0, L_0000029d8ee89340;  1 drivers
v0000029d8edc6c90_0 .net *"_ivl_30", 0 0, L_0000029d8ee8a610;  1 drivers
v0000029d8edc8950_0 .net *"_ivl_33", 0 0, L_0000029d8ee92020;  1 drivers
v0000029d8edc7730_0 .net *"_ivl_35", 0 0, L_0000029d8ee922a0;  1 drivers
v0000029d8edc8b30_0 .net *"_ivl_36", 0 0, L_0000029d8ee893b0;  1 drivers
v0000029d8edc7ff0_0 .net *"_ivl_39", 0 0, L_0000029d8ee916c0;  1 drivers
v0000029d8edc7230_0 .net *"_ivl_40", 0 0, L_0000029d8ee897a0;  1 drivers
v0000029d8edc6ab0_0 .net *"_ivl_42", 0 0, L_0000029d8ee8a680;  1 drivers
v0000029d8edc8c70_0 .net *"_ivl_47", 0 0, L_0000029d8ee91760;  1 drivers
v0000029d8edc7eb0_0 .net *"_ivl_49", 0 0, L_0000029d8ee91d00;  1 drivers
v0000029d8edc79b0_0 .net *"_ivl_51", 0 0, L_0000029d8ee920c0;  1 drivers
v0000029d8edc6e70_0 .net *"_ivl_52", 0 0, L_0000029d8ee8aa00;  1 drivers
v0000029d8edc81d0_0 .net *"_ivl_54", 0 0, L_0000029d8ee8a290;  1 drivers
v0000029d8edc6dd0_0 .net *"_ivl_57", 0 0, L_0000029d8ee91da0;  1 drivers
v0000029d8edc83b0_0 .net *"_ivl_59", 0 0, L_0000029d8ee90cc0;  1 drivers
v0000029d8edc7050_0 .net *"_ivl_60", 0 0, L_0000029d8ee89b90;  1 drivers
v0000029d8edc70f0_0 .net *"_ivl_63", 0 0, L_0000029d8ee918a0;  1 drivers
v0000029d8edc65b0_0 .net *"_ivl_64", 0 0, L_0000029d8ee89960;  1 drivers
v0000029d8edc7e10_0 .net *"_ivl_66", 0 0, L_0000029d8ee89420;  1 drivers
v0000029d8edc6650_0 .net *"_ivl_69", 0 0, L_0000029d8ee90220;  1 drivers
v0000029d8edc68d0_0 .net *"_ivl_7", 0 0, L_0000029d8ee8a1b0;  1 drivers
v0000029d8edc6b50_0 .net *"_ivl_71", 0 0, L_0000029d8ee91300;  1 drivers
v0000029d8edc77d0_0 .net *"_ivl_72", 0 0, L_0000029d8ee89260;  1 drivers
v0000029d8edc7b90_0 .net *"_ivl_75", 0 0, L_0000029d8ee90fe0;  1 drivers
v0000029d8edc9030_0 .net *"_ivl_76", 0 0, L_0000029d8ee8a7d0;  1 drivers
v0000029d8edcab10_0 .net *"_ivl_79", 0 0, L_0000029d8ee90360;  1 drivers
v0000029d8edc98f0_0 .net *"_ivl_80", 0 0, L_0000029d8ee8aca0;  1 drivers
v0000029d8edcaed0_0 .net *"_ivl_82", 0 0, L_0000029d8ee8aa70;  1 drivers
v0000029d8edc9f30_0 .net *"_ivl_88", 0 0, L_0000029d8ee90b80;  1 drivers
v0000029d8edcacf0_0 .net *"_ivl_90", 0 0, L_0000029d8ee92200;  1 drivers
v0000029d8edc8e50_0 .net *"_ivl_92", 0 0, L_0000029d8ee907c0;  1 drivers
v0000029d8edca250_0 .net *"_ivl_93", 0 0, L_0000029d8ee8a840;  1 drivers
v0000029d8edc9cb0_0 .net *"_ivl_95", 0 0, L_0000029d8ee898f0;  1 drivers
v0000029d8edca2f0_0 .net *"_ivl_98", 0 0, L_0000029d8ee90c20;  1 drivers
v0000029d8edc9df0_0 .net "a", 3 0, L_0000029d8ee90540;  1 drivers
v0000029d8edc9fd0_0 .net "b", 3 0, L_0000029d8ee91440;  1 drivers
v0000029d8edc9c10_0 .net "c", 4 0, L_0000029d8ee90720;  1 drivers
v0000029d8edcb290_0 .net "cin", 0 0, L_0000029d8ee91e40;  1 drivers
v0000029d8edc9850_0 .net "cout", 0 0, L_0000029d8ee923e0;  1 drivers
v0000029d8edca750_0 .net "g", 3 0, L_0000029d8ee89ff0;  1 drivers
v0000029d8edca610_0 .net "group_G", 0 0, L_0000029d8ee892d0;  1 drivers
v0000029d8edca390_0 .net "group_P", 0 0, L_0000029d8ee8a6f0;  1 drivers
v0000029d8edc8ef0_0 .net "p", 3 0, L_0000029d8ee891f0;  1 drivers
v0000029d8edcb010_0 .net "sum", 3 0, L_0000029d8ee8ba30;  1 drivers
L_0000029d8ee18830 .part L_0000029d8ee89ff0, 0, 1;
L_0000029d8ee188d0 .part L_0000029d8ee891f0, 0, 1;
L_0000029d8ee18970 .part L_0000029d8ee90720, 0, 1;
L_0000029d8ee90680 .part L_0000029d8ee89ff0, 1, 1;
L_0000029d8ee91620 .part L_0000029d8ee891f0, 1, 1;
L_0000029d8ee8fd20 .part L_0000029d8ee89ff0, 0, 1;
L_0000029d8ee92020 .part L_0000029d8ee891f0, 1, 1;
L_0000029d8ee922a0 .part L_0000029d8ee891f0, 0, 1;
L_0000029d8ee916c0 .part L_0000029d8ee90720, 0, 1;
L_0000029d8ee91760 .part L_0000029d8ee89ff0, 2, 1;
L_0000029d8ee91d00 .part L_0000029d8ee891f0, 2, 1;
L_0000029d8ee920c0 .part L_0000029d8ee89ff0, 1, 1;
L_0000029d8ee91da0 .part L_0000029d8ee891f0, 2, 1;
L_0000029d8ee90cc0 .part L_0000029d8ee891f0, 1, 1;
L_0000029d8ee918a0 .part L_0000029d8ee89ff0, 0, 1;
L_0000029d8ee90220 .part L_0000029d8ee891f0, 2, 1;
L_0000029d8ee91300 .part L_0000029d8ee891f0, 1, 1;
L_0000029d8ee90fe0 .part L_0000029d8ee891f0, 0, 1;
L_0000029d8ee90360 .part L_0000029d8ee90720, 0, 1;
LS_0000029d8ee90720_0_0 .concat8 [ 1 1 1 1], L_0000029d8ee8a1b0, L_0000029d8ee89880, L_0000029d8ee8a680, L_0000029d8ee8aa70;
LS_0000029d8ee90720_0_4 .concat8 [ 1 0 0 0], L_0000029d8ee89f10;
L_0000029d8ee90720 .concat8 [ 4 1 0 0], LS_0000029d8ee90720_0_0, LS_0000029d8ee90720_0_4;
L_0000029d8ee90b80 .part L_0000029d8ee89ff0, 3, 1;
L_0000029d8ee92200 .part L_0000029d8ee891f0, 3, 1;
L_0000029d8ee907c0 .part L_0000029d8ee89ff0, 2, 1;
L_0000029d8ee90c20 .part L_0000029d8ee891f0, 3, 1;
L_0000029d8ee90400 .part L_0000029d8ee891f0, 2, 1;
L_0000029d8ee8fdc0 .part L_0000029d8ee89ff0, 1, 1;
L_0000029d8ee900e0 .part L_0000029d8ee891f0, 3, 1;
L_0000029d8ee913a0 .part L_0000029d8ee891f0, 2, 1;
L_0000029d8ee8fe60 .part L_0000029d8ee891f0, 1, 1;
L_0000029d8ee90d60 .part L_0000029d8ee89ff0, 0, 1;
L_0000029d8ee91120 .part L_0000029d8ee891f0, 3, 1;
L_0000029d8ee92160 .part L_0000029d8ee891f0, 2, 1;
L_0000029d8ee909a0 .part L_0000029d8ee891f0, 1, 1;
L_0000029d8ee90ae0 .part L_0000029d8ee891f0, 0, 1;
L_0000029d8ee91940 .part L_0000029d8ee90720, 0, 1;
L_0000029d8ee8ff00 .part L_0000029d8ee891f0, 3, 1;
L_0000029d8ee90860 .part L_0000029d8ee891f0, 2, 1;
L_0000029d8ee90900 .part L_0000029d8ee891f0, 1, 1;
L_0000029d8ee92340 .part L_0000029d8ee891f0, 0, 1;
L_0000029d8ee91a80 .part L_0000029d8ee89ff0, 3, 1;
L_0000029d8ee91260 .part L_0000029d8ee891f0, 3, 1;
L_0000029d8ee91c60 .part L_0000029d8ee89ff0, 2, 1;
L_0000029d8ee919e0 .part L_0000029d8ee891f0, 3, 1;
L_0000029d8ee90a40 .part L_0000029d8ee891f0, 2, 1;
L_0000029d8ee91800 .part L_0000029d8ee89ff0, 1, 1;
L_0000029d8ee91b20 .part L_0000029d8ee891f0, 3, 1;
L_0000029d8ee902c0 .part L_0000029d8ee891f0, 2, 1;
L_0000029d8ee90f40 .part L_0000029d8ee891f0, 1, 1;
L_0000029d8ee91bc0 .part L_0000029d8ee89ff0, 0, 1;
L_0000029d8ee904a0 .part L_0000029d8ee90720, 0, 4;
L_0000029d8ee923e0 .part L_0000029d8ee90720, 4, 1;
S_0000029d8edb0d70 .scope generate, "cla4_blocks[1]" "cla4_blocks[1]" 5 32, 5 32 0, S_0000029d8edaff60;
 .timescale -9 -12;
P_0000029d8ece2c90 .param/l "i" 0 5 32, +C4<01>;
S_0000029d8edb0280 .scope module, "block" "cla_4bit" 5 33, 6 3 0, S_0000029d8edb0d70;
 .timescale -9 -12;
    .port_info 0 /INPUT 4 "a";
    .port_info 1 /INPUT 4 "b";
    .port_info 2 /INPUT 1 "cin";
    .port_info 3 /OUTPUT 4 "sum";
    .port_info 4 /OUTPUT 1 "group_G";
    .port_info 5 /OUTPUT 1 "group_P";
    .port_info 6 /OUTPUT 1 "cout";
L_0000029d8ee8c670 .functor AND 4, L_0000029d8ee93380, L_0000029d8ee94000, C4<1111>, C4<1111>;
L_0000029d8ee8c8a0 .functor XOR 4, L_0000029d8ee93380, L_0000029d8ee94000, C4<0000>, C4<0000>;
L_0000029d8ee8c440 .functor BUFZ 1, L_0000029d8ee927a0, C4<0>, C4<0>, C4<0>;
L_0000029d8ee8c830 .functor AND 1, L_0000029d8ee91ee0, L_0000029d8ee91f80, C4<1>, C4<1>;
L_0000029d8ee8b3a0 .functor OR 1, L_0000029d8ee90180, L_0000029d8ee8c830, C4<0>, C4<0>;
L_0000029d8ee8c210 .functor AND 1, L_0000029d8ee914e0, L_0000029d8ee92480, C4<1>, C4<1>;
L_0000029d8ee8c590 .functor OR 1, L_0000029d8ee8ffa0, L_0000029d8ee8c210, C4<0>, C4<0>;
L_0000029d8ee8be90 .functor AND 1, L_0000029d8ee905e0, L_0000029d8ee90e00, C4<1>, C4<1>;
L_0000029d8ee8ae60 .functor AND 1, L_0000029d8ee8be90, L_0000029d8ee90040, C4<1>, C4<1>;
L_0000029d8ee8c4b0 .functor OR 1, L_0000029d8ee8c590, L_0000029d8ee8ae60, C4<0>, C4<0>;
L_0000029d8ee8b9c0 .functor AND 1, L_0000029d8ee91080, L_0000029d8ee911c0, C4<1>, C4<1>;
L_0000029d8ee8b6b0 .functor OR 1, L_0000029d8ee90ea0, L_0000029d8ee8b9c0, C4<0>, C4<0>;
L_0000029d8ee8b870 .functor AND 1, L_0000029d8ee91580, L_0000029d8ee93100, C4<1>, C4<1>;
L_0000029d8ee8bc60 .functor AND 1, L_0000029d8ee8b870, L_0000029d8ee94280, C4<1>, C4<1>;
L_0000029d8ee8c050 .functor OR 1, L_0000029d8ee8b6b0, L_0000029d8ee8bc60, C4<0>, C4<0>;
L_0000029d8ee8b8e0 .functor AND 1, L_0000029d8ee92520, L_0000029d8ee945a0, C4<1>, C4<1>;
L_0000029d8ee8b640 .functor AND 1, L_0000029d8ee8b8e0, L_0000029d8ee93420, C4<1>, C4<1>;
L_0000029d8ee8ad10 .functor AND 1, L_0000029d8ee8b640, L_0000029d8ee93b00, C4<1>, C4<1>;
L_0000029d8ee8ad80 .functor OR 1, L_0000029d8ee8c050, L_0000029d8ee8ad10, C4<0>, C4<0>;
L_0000029d8ee8b1e0 .functor AND 1, L_0000029d8ee94500, L_0000029d8ee92660, C4<1>, C4<1>;
L_0000029d8ee8b790 .functor OR 1, L_0000029d8ee93240, L_0000029d8ee8b1e0, C4<0>, C4<0>;
L_0000029d8ee8c750 .functor AND 1, L_0000029d8ee937e0, L_0000029d8ee92de0, C4<1>, C4<1>;
L_0000029d8ee8bbf0 .functor AND 1, L_0000029d8ee8c750, L_0000029d8ee94320, C4<1>, C4<1>;
L_0000029d8ee8bd40 .functor OR 1, L_0000029d8ee8b790, L_0000029d8ee8bbf0, C4<0>, C4<0>;
L_0000029d8ee8b720 .functor AND 1, L_0000029d8ee934c0, L_0000029d8ee94640, C4<1>, C4<1>;
L_0000029d8ee8b2c0 .functor AND 1, L_0000029d8ee8b720, L_0000029d8ee93560, C4<1>, C4<1>;
L_0000029d8ee8bf70 .functor AND 1, L_0000029d8ee8b2c0, L_0000029d8ee92f20, C4<1>, C4<1>;
L_0000029d8ee8c6e0 .functor OR 1, L_0000029d8ee8bd40, L_0000029d8ee8bf70, C4<0>, C4<0>;
L_0000029d8ee8af40 .functor AND 1, L_0000029d8ee925c0, L_0000029d8ee93740, C4<1>, C4<1>;
L_0000029d8ee8bdb0 .functor AND 1, L_0000029d8ee8af40, L_0000029d8ee94780, C4<1>, C4<1>;
L_0000029d8ee8c0c0 .functor AND 1, L_0000029d8ee8bdb0, L_0000029d8ee94820, C4<1>, C4<1>;
L_0000029d8ee8bcd0 .functor AND 1, L_0000029d8ee8c0c0, L_0000029d8ee928e0, C4<1>, C4<1>;
L_0000029d8ee8be20 .functor OR 1, L_0000029d8ee8c6e0, L_0000029d8ee8bcd0, C4<0>, C4<0>;
L_0000029d8ee8aed0 .functor AND 1, L_0000029d8ee946e0, L_0000029d8ee939c0, C4<1>, C4<1>;
L_0000029d8ee8b800 .functor AND 1, L_0000029d8ee8aed0, L_0000029d8ee948c0, C4<1>, C4<1>;
L_0000029d8ee8bf00 .functor AND 1, L_0000029d8ee8b800, L_0000029d8ee93060, C4<1>, C4<1>;
L_0000029d8ee8c3d0 .functor AND 1, L_0000029d8ee93880, L_0000029d8ee93600, C4<1>, C4<1>;
L_0000029d8ee8c130 .functor OR 1, L_0000029d8ee93c40, L_0000029d8ee8c3d0, C4<0>, C4<0>;
L_0000029d8ee8bfe0 .functor AND 1, L_0000029d8ee92700, L_0000029d8ee92d40, C4<1>, C4<1>;
L_0000029d8ee8c1a0 .functor AND 1, L_0000029d8ee8bfe0, L_0000029d8ee93a60, C4<1>, C4<1>;
L_0000029d8ee8c280 .functor OR 1, L_0000029d8ee8c130, L_0000029d8ee8c1a0, C4<0>, C4<0>;
L_0000029d8ee8baa0 .functor AND 1, L_0000029d8ee93ba0, L_0000029d8ee93ce0, C4<1>, C4<1>;
L_0000029d8ee8b950 .functor AND 1, L_0000029d8ee8baa0, L_0000029d8ee93d80, C4<1>, C4<1>;
L_0000029d8ee8afb0 .functor AND 1, L_0000029d8ee8b950, L_0000029d8ee94be0, C4<1>, C4<1>;
L_0000029d8ee8bb10 .functor OR 1, L_0000029d8ee8c280, L_0000029d8ee8afb0, C4<0>, C4<0>;
L_0000029d8ee8c2f0 .functor XOR 4, L_0000029d8ee8c8a0, L_0000029d8ee92e80, C4<0000>, C4<0000>;
v0000029d8edc92b0_0 .net *"_ivl_100", 0 0, L_0000029d8ee92de0;  1 drivers
v0000029d8edca7f0_0 .net *"_ivl_101", 0 0, L_0000029d8ee8c750;  1 drivers
v0000029d8edc8f90_0 .net *"_ivl_104", 0 0, L_0000029d8ee94320;  1 drivers
v0000029d8edca890_0 .net *"_ivl_105", 0 0, L_0000029d8ee8bbf0;  1 drivers
v0000029d8edc8d10_0 .net *"_ivl_107", 0 0, L_0000029d8ee8bd40;  1 drivers
v0000029d8edc90d0_0 .net *"_ivl_11", 0 0, L_0000029d8ee90180;  1 drivers
v0000029d8edca4d0_0 .net *"_ivl_110", 0 0, L_0000029d8ee934c0;  1 drivers
v0000029d8edcabb0_0 .net *"_ivl_112", 0 0, L_0000029d8ee94640;  1 drivers
v0000029d8edca6b0_0 .net *"_ivl_113", 0 0, L_0000029d8ee8b720;  1 drivers
v0000029d8edca430_0 .net *"_ivl_116", 0 0, L_0000029d8ee93560;  1 drivers
v0000029d8edcb330_0 .net *"_ivl_117", 0 0, L_0000029d8ee8b2c0;  1 drivers
v0000029d8edc9170_0 .net *"_ivl_120", 0 0, L_0000029d8ee92f20;  1 drivers
v0000029d8edc9670_0 .net *"_ivl_121", 0 0, L_0000029d8ee8bf70;  1 drivers
v0000029d8edca930_0 .net *"_ivl_123", 0 0, L_0000029d8ee8c6e0;  1 drivers
v0000029d8edca9d0_0 .net *"_ivl_126", 0 0, L_0000029d8ee925c0;  1 drivers
v0000029d8edcae30_0 .net *"_ivl_128", 0 0, L_0000029d8ee93740;  1 drivers
v0000029d8edcaa70_0 .net *"_ivl_129", 0 0, L_0000029d8ee8af40;  1 drivers
v0000029d8edcac50_0 .net *"_ivl_13", 0 0, L_0000029d8ee91ee0;  1 drivers
v0000029d8edcaf70_0 .net *"_ivl_132", 0 0, L_0000029d8ee94780;  1 drivers
v0000029d8edc8db0_0 .net *"_ivl_133", 0 0, L_0000029d8ee8bdb0;  1 drivers
v0000029d8edc9ad0_0 .net *"_ivl_136", 0 0, L_0000029d8ee94820;  1 drivers
v0000029d8edcad90_0 .net *"_ivl_137", 0 0, L_0000029d8ee8c0c0;  1 drivers
v0000029d8edc9490_0 .net *"_ivl_140", 0 0, L_0000029d8ee928e0;  1 drivers
v0000029d8edcb0b0_0 .net *"_ivl_141", 0 0, L_0000029d8ee8bcd0;  1 drivers
v0000029d8edc9530_0 .net *"_ivl_143", 0 0, L_0000029d8ee8be20;  1 drivers
v0000029d8edc9710_0 .net *"_ivl_146", 0 0, L_0000029d8ee946e0;  1 drivers
v0000029d8edcb150_0 .net *"_ivl_148", 0 0, L_0000029d8ee939c0;  1 drivers
v0000029d8edcb1f0_0 .net *"_ivl_149", 0 0, L_0000029d8ee8aed0;  1 drivers
v0000029d8edc9210_0 .net *"_ivl_15", 0 0, L_0000029d8ee91f80;  1 drivers
v0000029d8edc9350_0 .net *"_ivl_152", 0 0, L_0000029d8ee948c0;  1 drivers
v0000029d8edcb3d0_0 .net *"_ivl_153", 0 0, L_0000029d8ee8b800;  1 drivers
v0000029d8edca570_0 .net *"_ivl_156", 0 0, L_0000029d8ee93060;  1 drivers
v0000029d8edc93f0_0 .net *"_ivl_16", 0 0, L_0000029d8ee8c830;  1 drivers
v0000029d8edc95d0_0 .net *"_ivl_160", 0 0, L_0000029d8ee93c40;  1 drivers
v0000029d8edcb470_0 .net *"_ivl_162", 0 0, L_0000029d8ee93880;  1 drivers
v0000029d8edc9990_0 .net *"_ivl_164", 0 0, L_0000029d8ee93600;  1 drivers
v0000029d8edc97b0_0 .net *"_ivl_165", 0 0, L_0000029d8ee8c3d0;  1 drivers
v0000029d8edca070_0 .net *"_ivl_167", 0 0, L_0000029d8ee8c130;  1 drivers
v0000029d8edc9a30_0 .net *"_ivl_170", 0 0, L_0000029d8ee92700;  1 drivers
v0000029d8edc9b70_0 .net *"_ivl_172", 0 0, L_0000029d8ee92d40;  1 drivers
v0000029d8edc9d50_0 .net *"_ivl_173", 0 0, L_0000029d8ee8bfe0;  1 drivers
v0000029d8edc9e90_0 .net *"_ivl_176", 0 0, L_0000029d8ee93a60;  1 drivers
v0000029d8edca110_0 .net *"_ivl_177", 0 0, L_0000029d8ee8c1a0;  1 drivers
v0000029d8edca1b0_0 .net *"_ivl_179", 0 0, L_0000029d8ee8c280;  1 drivers
v0000029d8edcc7d0_0 .net *"_ivl_18", 0 0, L_0000029d8ee8b3a0;  1 drivers
v0000029d8edcc410_0 .net *"_ivl_182", 0 0, L_0000029d8ee93ba0;  1 drivers
v0000029d8edcda90_0 .net *"_ivl_184", 0 0, L_0000029d8ee93ce0;  1 drivers
v0000029d8edcdb30_0 .net *"_ivl_185", 0 0, L_0000029d8ee8baa0;  1 drivers
v0000029d8edcd270_0 .net *"_ivl_188", 0 0, L_0000029d8ee93d80;  1 drivers
v0000029d8edcca50_0 .net *"_ivl_189", 0 0, L_0000029d8ee8b950;  1 drivers
v0000029d8edcd950_0 .net *"_ivl_192", 0 0, L_0000029d8ee94be0;  1 drivers
v0000029d8edccc30_0 .net *"_ivl_193", 0 0, L_0000029d8ee8afb0;  1 drivers
v0000029d8edcdc70_0 .net *"_ivl_198", 3 0, L_0000029d8ee92e80;  1 drivers
v0000029d8edcb970_0 .net *"_ivl_23", 0 0, L_0000029d8ee8ffa0;  1 drivers
v0000029d8edcba10_0 .net *"_ivl_25", 0 0, L_0000029d8ee914e0;  1 drivers
v0000029d8edcc0f0_0 .net *"_ivl_27", 0 0, L_0000029d8ee92480;  1 drivers
v0000029d8edcbd30_0 .net *"_ivl_28", 0 0, L_0000029d8ee8c210;  1 drivers
v0000029d8edcd130_0 .net *"_ivl_30", 0 0, L_0000029d8ee8c590;  1 drivers
v0000029d8edcc4b0_0 .net *"_ivl_33", 0 0, L_0000029d8ee905e0;  1 drivers
v0000029d8edccff0_0 .net *"_ivl_35", 0 0, L_0000029d8ee90e00;  1 drivers
v0000029d8edccf50_0 .net *"_ivl_36", 0 0, L_0000029d8ee8be90;  1 drivers
v0000029d8edcdbd0_0 .net *"_ivl_39", 0 0, L_0000029d8ee90040;  1 drivers
v0000029d8edcd310_0 .net *"_ivl_40", 0 0, L_0000029d8ee8ae60;  1 drivers
v0000029d8edcbbf0_0 .net *"_ivl_42", 0 0, L_0000029d8ee8c4b0;  1 drivers
v0000029d8edcbfb0_0 .net *"_ivl_47", 0 0, L_0000029d8ee90ea0;  1 drivers
v0000029d8edcb830_0 .net *"_ivl_49", 0 0, L_0000029d8ee91080;  1 drivers
v0000029d8edcccd0_0 .net *"_ivl_51", 0 0, L_0000029d8ee911c0;  1 drivers
v0000029d8edcd3b0_0 .net *"_ivl_52", 0 0, L_0000029d8ee8b9c0;  1 drivers
v0000029d8edcce10_0 .net *"_ivl_54", 0 0, L_0000029d8ee8b6b0;  1 drivers
v0000029d8edcd810_0 .net *"_ivl_57", 0 0, L_0000029d8ee91580;  1 drivers
v0000029d8edcd450_0 .net *"_ivl_59", 0 0, L_0000029d8ee93100;  1 drivers
v0000029d8edcbab0_0 .net *"_ivl_60", 0 0, L_0000029d8ee8b870;  1 drivers
v0000029d8edccaf0_0 .net *"_ivl_63", 0 0, L_0000029d8ee94280;  1 drivers
v0000029d8edcceb0_0 .net *"_ivl_64", 0 0, L_0000029d8ee8bc60;  1 drivers
v0000029d8edcb510_0 .net *"_ivl_66", 0 0, L_0000029d8ee8c050;  1 drivers
v0000029d8edcd090_0 .net *"_ivl_69", 0 0, L_0000029d8ee92520;  1 drivers
v0000029d8edcc9b0_0 .net *"_ivl_7", 0 0, L_0000029d8ee8c440;  1 drivers
v0000029d8edcbb50_0 .net *"_ivl_71", 0 0, L_0000029d8ee945a0;  1 drivers
v0000029d8edccb90_0 .net *"_ivl_72", 0 0, L_0000029d8ee8b8e0;  1 drivers
v0000029d8edcc370_0 .net *"_ivl_75", 0 0, L_0000029d8ee93420;  1 drivers
v0000029d8edcc690_0 .net *"_ivl_76", 0 0, L_0000029d8ee8b640;  1 drivers
v0000029d8edcbc90_0 .net *"_ivl_79", 0 0, L_0000029d8ee93b00;  1 drivers
v0000029d8edcd630_0 .net *"_ivl_80", 0 0, L_0000029d8ee8ad10;  1 drivers
v0000029d8edccd70_0 .net *"_ivl_82", 0 0, L_0000029d8ee8ad80;  1 drivers
v0000029d8edcbdd0_0 .net *"_ivl_88", 0 0, L_0000029d8ee93240;  1 drivers
v0000029d8edcd590_0 .net *"_ivl_90", 0 0, L_0000029d8ee94500;  1 drivers
v0000029d8edcd1d0_0 .net *"_ivl_92", 0 0, L_0000029d8ee92660;  1 drivers
v0000029d8edcc870_0 .net *"_ivl_93", 0 0, L_0000029d8ee8b1e0;  1 drivers
v0000029d8edcbe70_0 .net *"_ivl_95", 0 0, L_0000029d8ee8b790;  1 drivers
v0000029d8edcc550_0 .net *"_ivl_98", 0 0, L_0000029d8ee937e0;  1 drivers
v0000029d8edcd4f0_0 .net "a", 3 0, L_0000029d8ee93380;  1 drivers
v0000029d8edcd6d0_0 .net "b", 3 0, L_0000029d8ee94000;  1 drivers
v0000029d8edcd770_0 .net "c", 4 0, L_0000029d8ee94a00;  1 drivers
v0000029d8edcc5f0_0 .net "cin", 0 0, L_0000029d8ee927a0;  1 drivers
v0000029d8edcc730_0 .net "cout", 0 0, L_0000029d8ee94c80;  1 drivers
v0000029d8edcd8b0_0 .net "g", 3 0, L_0000029d8ee8c670;  1 drivers
v0000029d8edcbf10_0 .net "group_G", 0 0, L_0000029d8ee8bb10;  1 drivers
v0000029d8edcd9f0_0 .net "group_P", 0 0, L_0000029d8ee8bf00;  1 drivers
v0000029d8edcc910_0 .net "p", 3 0, L_0000029d8ee8c8a0;  1 drivers
v0000029d8edcb5b0_0 .net "sum", 3 0, L_0000029d8ee8c2f0;  1 drivers
L_0000029d8ee90180 .part L_0000029d8ee8c670, 0, 1;
L_0000029d8ee91ee0 .part L_0000029d8ee8c8a0, 0, 1;
L_0000029d8ee91f80 .part L_0000029d8ee94a00, 0, 1;
L_0000029d8ee8ffa0 .part L_0000029d8ee8c670, 1, 1;
L_0000029d8ee914e0 .part L_0000029d8ee8c8a0, 1, 1;
L_0000029d8ee92480 .part L_0000029d8ee8c670, 0, 1;
L_0000029d8ee905e0 .part L_0000029d8ee8c8a0, 1, 1;
L_0000029d8ee90e00 .part L_0000029d8ee8c8a0, 0, 1;
L_0000029d8ee90040 .part L_0000029d8ee94a00, 0, 1;
L_0000029d8ee90ea0 .part L_0000029d8ee8c670, 2, 1;
L_0000029d8ee91080 .part L_0000029d8ee8c8a0, 2, 1;
L_0000029d8ee911c0 .part L_0000029d8ee8c670, 1, 1;
L_0000029d8ee91580 .part L_0000029d8ee8c8a0, 2, 1;
L_0000029d8ee93100 .part L_0000029d8ee8c8a0, 1, 1;
L_0000029d8ee94280 .part L_0000029d8ee8c670, 0, 1;
L_0000029d8ee92520 .part L_0000029d8ee8c8a0, 2, 1;
L_0000029d8ee945a0 .part L_0000029d8ee8c8a0, 1, 1;
L_0000029d8ee93420 .part L_0000029d8ee8c8a0, 0, 1;
L_0000029d8ee93b00 .part L_0000029d8ee94a00, 0, 1;
LS_0000029d8ee94a00_0_0 .concat8 [ 1 1 1 1], L_0000029d8ee8c440, L_0000029d8ee8b3a0, L_0000029d8ee8c4b0, L_0000029d8ee8ad80;
LS_0000029d8ee94a00_0_4 .concat8 [ 1 0 0 0], L_0000029d8ee8be20;
L_0000029d8ee94a00 .concat8 [ 4 1 0 0], LS_0000029d8ee94a00_0_0, LS_0000029d8ee94a00_0_4;
L_0000029d8ee93240 .part L_0000029d8ee8c670, 3, 1;
L_0000029d8ee94500 .part L_0000029d8ee8c8a0, 3, 1;
L_0000029d8ee92660 .part L_0000029d8ee8c670, 2, 1;
L_0000029d8ee937e0 .part L_0000029d8ee8c8a0, 3, 1;
L_0000029d8ee92de0 .part L_0000029d8ee8c8a0, 2, 1;
L_0000029d8ee94320 .part L_0000029d8ee8c670, 1, 1;
L_0000029d8ee934c0 .part L_0000029d8ee8c8a0, 3, 1;
L_0000029d8ee94640 .part L_0000029d8ee8c8a0, 2, 1;
L_0000029d8ee93560 .part L_0000029d8ee8c8a0, 1, 1;
L_0000029d8ee92f20 .part L_0000029d8ee8c670, 0, 1;
L_0000029d8ee925c0 .part L_0000029d8ee8c8a0, 3, 1;
L_0000029d8ee93740 .part L_0000029d8ee8c8a0, 2, 1;
L_0000029d8ee94780 .part L_0000029d8ee8c8a0, 1, 1;
L_0000029d8ee94820 .part L_0000029d8ee8c8a0, 0, 1;
L_0000029d8ee928e0 .part L_0000029d8ee94a00, 0, 1;
L_0000029d8ee946e0 .part L_0000029d8ee8c8a0, 3, 1;
L_0000029d8ee939c0 .part L_0000029d8ee8c8a0, 2, 1;
L_0000029d8ee948c0 .part L_0000029d8ee8c8a0, 1, 1;
L_0000029d8ee93060 .part L_0000029d8ee8c8a0, 0, 1;
L_0000029d8ee93c40 .part L_0000029d8ee8c670, 3, 1;
L_0000029d8ee93880 .part L_0000029d8ee8c8a0, 3, 1;
L_0000029d8ee93600 .part L_0000029d8ee8c670, 2, 1;
L_0000029d8ee92700 .part L_0000029d8ee8c8a0, 3, 1;
L_0000029d8ee92d40 .part L_0000029d8ee8c8a0, 2, 1;
L_0000029d8ee93a60 .part L_0000029d8ee8c670, 1, 1;
L_0000029d8ee93ba0 .part L_0000029d8ee8c8a0, 3, 1;
L_0000029d8ee93ce0 .part L_0000029d8ee8c8a0, 2, 1;
L_0000029d8ee93d80 .part L_0000029d8ee8c8a0, 1, 1;
L_0000029d8ee94be0 .part L_0000029d8ee8c670, 0, 1;
L_0000029d8ee92e80 .part L_0000029d8ee94a00, 0, 4;
L_0000029d8ee94c80 .part L_0000029d8ee94a00, 4, 1;
S_0000029d8edb0f00 .scope generate, "cla4_blocks[2]" "cla4_blocks[2]" 5 32, 5 32 0, S_0000029d8edaff60;
 .timescale -9 -12;
P_0000029d8ece3110 .param/l "i" 0 5 32, +C4<010>;
S_0000029d8edb0730 .scope module, "block" "cla_4bit" 5 33, 6 3 0, S_0000029d8edb0f00;
 .timescale -9 -12;
    .port_info 0 /INPUT 4 "a";
    .port_info 1 /INPUT 4 "b";
    .port_info 2 /INPUT 1 "cin";
    .port_info 3 /OUTPUT 4 "sum";
    .port_info 4 /OUTPUT 1 "group_G";
    .port_info 5 /OUTPUT 1 "group_P";
    .port_info 6 /OUTPUT 1 "cout";
L_0000029d8ee8c520 .functor AND 4, L_0000029d8ee96260, L_0000029d8ee94dc0, C4<1111>, C4<1111>;
L_0000029d8ee8b410 .functor XOR 4, L_0000029d8ee96260, L_0000029d8ee94dc0, C4<0000>, C4<0000>;
L_0000029d8ee8bb80 .functor BUFZ 1, L_0000029d8ee95b80, C4<0>, C4<0>, C4<0>;
L_0000029d8ee8c360 .functor AND 1, L_0000029d8ee93f60, L_0000029d8ee943c0, C4<1>, C4<1>;
L_0000029d8ee8b020 .functor OR 1, L_0000029d8ee93e20, L_0000029d8ee8c360, C4<0>, C4<0>;
L_0000029d8ee8b090 .functor AND 1, L_0000029d8ee92980, L_0000029d8ee92a20, C4<1>, C4<1>;
L_0000029d8ee8b100 .functor OR 1, L_0000029d8ee92840, L_0000029d8ee8b090, C4<0>, C4<0>;
L_0000029d8ee8adf0 .functor AND 1, L_0000029d8ee92ac0, L_0000029d8ee93ec0, C4<1>, C4<1>;
L_0000029d8ee8c600 .functor AND 1, L_0000029d8ee8adf0, L_0000029d8ee936a0, C4<1>, C4<1>;
L_0000029d8ee8c7c0 .functor OR 1, L_0000029d8ee8b100, L_0000029d8ee8c600, C4<0>, C4<0>;
L_0000029d8ee8b250 .functor AND 1, L_0000029d8ee940a0, L_0000029d8ee94140, C4<1>, C4<1>;
L_0000029d8ee8b330 .functor OR 1, L_0000029d8ee932e0, L_0000029d8ee8b250, C4<0>, C4<0>;
L_0000029d8ee8b170 .functor AND 1, L_0000029d8ee94960, L_0000029d8ee941e0, C4<1>, C4<1>;
L_0000029d8ee8b480 .functor AND 1, L_0000029d8ee8b170, L_0000029d8ee931a0, C4<1>, C4<1>;
L_0000029d8ee8b4f0 .functor OR 1, L_0000029d8ee8b330, L_0000029d8ee8b480, C4<0>, C4<0>;
L_0000029d8ee8b560 .functor AND 1, L_0000029d8ee93920, L_0000029d8ee92b60, C4<1>, C4<1>;
L_0000029d8ee8b5d0 .functor AND 1, L_0000029d8ee8b560, L_0000029d8ee94460, C4<1>, C4<1>;
L_0000029d8ee8cc90 .functor AND 1, L_0000029d8ee8b5d0, L_0000029d8ee92ca0, C4<1>, C4<1>;
L_0000029d8ee8d8d0 .functor OR 1, L_0000029d8ee8b4f0, L_0000029d8ee8cc90, C4<0>, C4<0>;
L_0000029d8ee8d010 .functor AND 1, L_0000029d8ee94aa0, L_0000029d8ee94f00, C4<1>, C4<1>;
L_0000029d8ee8cc20 .functor OR 1, L_0000029d8ee92fc0, L_0000029d8ee8d010, C4<0>, C4<0>;
L_0000029d8ee8e430 .functor AND 1, L_0000029d8ee94b40, L_0000029d8ee952c0, C4<1>, C4<1>;
L_0000029d8ee8da90 .functor AND 1, L_0000029d8ee8e430, L_0000029d8ee95680, C4<1>, C4<1>;
L_0000029d8ee8d7f0 .functor OR 1, L_0000029d8ee8cc20, L_0000029d8ee8da90, C4<0>, C4<0>;
L_0000029d8ee8ce50 .functor AND 1, L_0000029d8ee96f80, L_0000029d8ee966c0, C4<1>, C4<1>;
L_0000029d8ee8cd00 .functor AND 1, L_0000029d8ee8ce50, L_0000029d8ee972a0, C4<1>, C4<1>;
L_0000029d8ee8da20 .functor AND 1, L_0000029d8ee8cd00, L_0000029d8ee96760, C4<1>, C4<1>;
L_0000029d8ee8cbb0 .functor OR 1, L_0000029d8ee8d7f0, L_0000029d8ee8da20, C4<0>, C4<0>;
L_0000029d8ee8e040 .functor AND 1, L_0000029d8ee96d00, L_0000029d8ee961c0, C4<1>, C4<1>;
L_0000029d8ee8d940 .functor AND 1, L_0000029d8ee8e040, L_0000029d8ee963a0, C4<1>, C4<1>;
L_0000029d8ee8cd70 .functor AND 1, L_0000029d8ee8d940, L_0000029d8ee96620, C4<1>, C4<1>;
L_0000029d8ee8d780 .functor AND 1, L_0000029d8ee8cd70, L_0000029d8ee96da0, C4<1>, C4<1>;
L_0000029d8ee8d320 .functor OR 1, L_0000029d8ee8cbb0, L_0000029d8ee8d780, C4<0>, C4<0>;
L_0000029d8ee8d4e0 .functor AND 1, L_0000029d8ee96800, L_0000029d8ee968a0, C4<1>, C4<1>;
L_0000029d8ee8dfd0 .functor AND 1, L_0000029d8ee8d4e0, L_0000029d8ee955e0, C4<1>, C4<1>;
L_0000029d8ee8ca60 .functor AND 1, L_0000029d8ee8dfd0, L_0000029d8ee969e0, C4<1>, C4<1>;
L_0000029d8ee8e0b0 .functor AND 1, L_0000029d8ee96940, L_0000029d8ee959a0, C4<1>, C4<1>;
L_0000029d8ee8cde0 .functor OR 1, L_0000029d8ee95540, L_0000029d8ee8e0b0, C4<0>, C4<0>;
L_0000029d8ee8db70 .functor AND 1, L_0000029d8ee95860, L_0000029d8ee96a80, C4<1>, C4<1>;
L_0000029d8ee8e120 .functor AND 1, L_0000029d8ee8db70, L_0000029d8ee95cc0, C4<1>, C4<1>;
L_0000029d8ee8cec0 .functor OR 1, L_0000029d8ee8cde0, L_0000029d8ee8e120, C4<0>, C4<0>;
L_0000029d8ee8e200 .functor AND 1, L_0000029d8ee95040, L_0000029d8ee95a40, C4<1>, C4<1>;
L_0000029d8ee8e4a0 .functor AND 1, L_0000029d8ee8e200, L_0000029d8ee95ae0, C4<1>, C4<1>;
L_0000029d8ee8cf30 .functor AND 1, L_0000029d8ee8e4a0, L_0000029d8ee96e40, C4<1>, C4<1>;
L_0000029d8ee8e2e0 .functor OR 1, L_0000029d8ee8cec0, L_0000029d8ee8cf30, C4<0>, C4<0>;
L_0000029d8ee8e190 .functor XOR 4, L_0000029d8ee8b410, L_0000029d8ee97340, C4<0000>, C4<0000>;
v0000029d8edcb650_0 .net *"_ivl_100", 0 0, L_0000029d8ee952c0;  1 drivers
v0000029d8edcb6f0_0 .net *"_ivl_101", 0 0, L_0000029d8ee8e430;  1 drivers
v0000029d8edcb790_0 .net *"_ivl_104", 0 0, L_0000029d8ee95680;  1 drivers
v0000029d8edcb8d0_0 .net *"_ivl_105", 0 0, L_0000029d8ee8da90;  1 drivers
v0000029d8edcc050_0 .net *"_ivl_107", 0 0, L_0000029d8ee8d7f0;  1 drivers
v0000029d8edcc190_0 .net *"_ivl_11", 0 0, L_0000029d8ee93e20;  1 drivers
v0000029d8edcc230_0 .net *"_ivl_110", 0 0, L_0000029d8ee96f80;  1 drivers
v0000029d8edcc2d0_0 .net *"_ivl_112", 0 0, L_0000029d8ee966c0;  1 drivers
v0000029d8edcfe30_0 .net *"_ivl_113", 0 0, L_0000029d8ee8ce50;  1 drivers
v0000029d8edcfd90_0 .net *"_ivl_116", 0 0, L_0000029d8ee972a0;  1 drivers
v0000029d8edcecb0_0 .net *"_ivl_117", 0 0, L_0000029d8ee8cd00;  1 drivers
v0000029d8edcdef0_0 .net *"_ivl_120", 0 0, L_0000029d8ee96760;  1 drivers
v0000029d8edd01f0_0 .net *"_ivl_121", 0 0, L_0000029d8ee8da20;  1 drivers
v0000029d8edcdf90_0 .net *"_ivl_123", 0 0, L_0000029d8ee8cbb0;  1 drivers
v0000029d8edd0010_0 .net *"_ivl_126", 0 0, L_0000029d8ee96d00;  1 drivers
v0000029d8edcfc50_0 .net *"_ivl_128", 0 0, L_0000029d8ee961c0;  1 drivers
v0000029d8edce990_0 .net *"_ivl_129", 0 0, L_0000029d8ee8e040;  1 drivers
v0000029d8edd0470_0 .net *"_ivl_13", 0 0, L_0000029d8ee93f60;  1 drivers
v0000029d8edce210_0 .net *"_ivl_132", 0 0, L_0000029d8ee963a0;  1 drivers
v0000029d8edced50_0 .net *"_ivl_133", 0 0, L_0000029d8ee8d940;  1 drivers
v0000029d8edcec10_0 .net *"_ivl_136", 0 0, L_0000029d8ee96620;  1 drivers
v0000029d8edcf750_0 .net *"_ivl_137", 0 0, L_0000029d8ee8cd70;  1 drivers
v0000029d8edcefd0_0 .net *"_ivl_140", 0 0, L_0000029d8ee96da0;  1 drivers
v0000029d8edcfed0_0 .net *"_ivl_141", 0 0, L_0000029d8ee8d780;  1 drivers
v0000029d8edcf610_0 .net *"_ivl_143", 0 0, L_0000029d8ee8d320;  1 drivers
v0000029d8edcfb10_0 .net *"_ivl_146", 0 0, L_0000029d8ee96800;  1 drivers
v0000029d8edce5d0_0 .net *"_ivl_148", 0 0, L_0000029d8ee968a0;  1 drivers
v0000029d8edcdd10_0 .net *"_ivl_149", 0 0, L_0000029d8ee8d4e0;  1 drivers
v0000029d8edcea30_0 .net *"_ivl_15", 0 0, L_0000029d8ee943c0;  1 drivers
v0000029d8edcf890_0 .net *"_ivl_152", 0 0, L_0000029d8ee955e0;  1 drivers
v0000029d8edce670_0 .net *"_ivl_153", 0 0, L_0000029d8ee8dfd0;  1 drivers
v0000029d8edcff70_0 .net *"_ivl_156", 0 0, L_0000029d8ee969e0;  1 drivers
v0000029d8edcfcf0_0 .net *"_ivl_16", 0 0, L_0000029d8ee8c360;  1 drivers
v0000029d8edceb70_0 .net *"_ivl_160", 0 0, L_0000029d8ee95540;  1 drivers
v0000029d8edcf7f0_0 .net *"_ivl_162", 0 0, L_0000029d8ee96940;  1 drivers
v0000029d8edcde50_0 .net *"_ivl_164", 0 0, L_0000029d8ee959a0;  1 drivers
v0000029d8edd0290_0 .net *"_ivl_165", 0 0, L_0000029d8ee8e0b0;  1 drivers
v0000029d8edce530_0 .net *"_ivl_167", 0 0, L_0000029d8ee8cde0;  1 drivers
v0000029d8edcf9d0_0 .net *"_ivl_170", 0 0, L_0000029d8ee95860;  1 drivers
v0000029d8edd00b0_0 .net *"_ivl_172", 0 0, L_0000029d8ee96a80;  1 drivers
v0000029d8edd03d0_0 .net *"_ivl_173", 0 0, L_0000029d8ee8db70;  1 drivers
v0000029d8edce850_0 .net *"_ivl_176", 0 0, L_0000029d8ee95cc0;  1 drivers
v0000029d8edcf250_0 .net *"_ivl_177", 0 0, L_0000029d8ee8e120;  1 drivers
v0000029d8edcef30_0 .net *"_ivl_179", 0 0, L_0000029d8ee8cec0;  1 drivers
v0000029d8edd0150_0 .net *"_ivl_18", 0 0, L_0000029d8ee8b020;  1 drivers
v0000029d8edcead0_0 .net *"_ivl_182", 0 0, L_0000029d8ee95040;  1 drivers
v0000029d8edcedf0_0 .net *"_ivl_184", 0 0, L_0000029d8ee95a40;  1 drivers
v0000029d8edcddb0_0 .net *"_ivl_185", 0 0, L_0000029d8ee8e200;  1 drivers
v0000029d8edce170_0 .net *"_ivl_188", 0 0, L_0000029d8ee95ae0;  1 drivers
v0000029d8edce030_0 .net *"_ivl_189", 0 0, L_0000029d8ee8e4a0;  1 drivers
v0000029d8edcf930_0 .net *"_ivl_192", 0 0, L_0000029d8ee96e40;  1 drivers
v0000029d8edcee90_0 .net *"_ivl_193", 0 0, L_0000029d8ee8cf30;  1 drivers
v0000029d8edce0d0_0 .net *"_ivl_198", 3 0, L_0000029d8ee97340;  1 drivers
v0000029d8edce2b0_0 .net *"_ivl_23", 0 0, L_0000029d8ee92840;  1 drivers
v0000029d8edce350_0 .net *"_ivl_25", 0 0, L_0000029d8ee92980;  1 drivers
v0000029d8edce3f0_0 .net *"_ivl_27", 0 0, L_0000029d8ee92a20;  1 drivers
v0000029d8edcf070_0 .net *"_ivl_28", 0 0, L_0000029d8ee8b090;  1 drivers
v0000029d8edcfa70_0 .net *"_ivl_30", 0 0, L_0000029d8ee8b100;  1 drivers
v0000029d8edcfbb0_0 .net *"_ivl_33", 0 0, L_0000029d8ee92ac0;  1 drivers
v0000029d8edcf6b0_0 .net *"_ivl_35", 0 0, L_0000029d8ee93ec0;  1 drivers
v0000029d8edcf110_0 .net *"_ivl_36", 0 0, L_0000029d8ee8adf0;  1 drivers
v0000029d8edce490_0 .net *"_ivl_39", 0 0, L_0000029d8ee936a0;  1 drivers
v0000029d8edcf1b0_0 .net *"_ivl_40", 0 0, L_0000029d8ee8c600;  1 drivers
v0000029d8edcf2f0_0 .net *"_ivl_42", 0 0, L_0000029d8ee8c7c0;  1 drivers
v0000029d8edce710_0 .net *"_ivl_47", 0 0, L_0000029d8ee932e0;  1 drivers
v0000029d8edce7b0_0 .net *"_ivl_49", 0 0, L_0000029d8ee940a0;  1 drivers
v0000029d8edce8f0_0 .net *"_ivl_51", 0 0, L_0000029d8ee94140;  1 drivers
v0000029d8edd0330_0 .net *"_ivl_52", 0 0, L_0000029d8ee8b250;  1 drivers
v0000029d8edcf390_0 .net *"_ivl_54", 0 0, L_0000029d8ee8b330;  1 drivers
v0000029d8edcf430_0 .net *"_ivl_57", 0 0, L_0000029d8ee94960;  1 drivers
v0000029d8edcf4d0_0 .net *"_ivl_59", 0 0, L_0000029d8ee941e0;  1 drivers
v0000029d8edcf570_0 .net *"_ivl_60", 0 0, L_0000029d8ee8b170;  1 drivers
v0000029d8edd2310_0 .net *"_ivl_63", 0 0, L_0000029d8ee931a0;  1 drivers
v0000029d8edd0bf0_0 .net *"_ivl_64", 0 0, L_0000029d8ee8b480;  1 drivers
v0000029d8edd0fb0_0 .net *"_ivl_66", 0 0, L_0000029d8ee8b4f0;  1 drivers
v0000029d8edd0830_0 .net *"_ivl_69", 0 0, L_0000029d8ee93920;  1 drivers
v0000029d8edd1cd0_0 .net *"_ivl_7", 0 0, L_0000029d8ee8bb80;  1 drivers
v0000029d8edd23b0_0 .net *"_ivl_71", 0 0, L_0000029d8ee92b60;  1 drivers
v0000029d8edd1e10_0 .net *"_ivl_72", 0 0, L_0000029d8ee8b560;  1 drivers
v0000029d8edd2810_0 .net *"_ivl_75", 0 0, L_0000029d8ee94460;  1 drivers
v0000029d8edd2450_0 .net *"_ivl_76", 0 0, L_0000029d8ee8b5d0;  1 drivers
v0000029d8edd0ab0_0 .net *"_ivl_79", 0 0, L_0000029d8ee92ca0;  1 drivers
v0000029d8edd1af0_0 .net *"_ivl_80", 0 0, L_0000029d8ee8cc90;  1 drivers
v0000029d8edd1eb0_0 .net *"_ivl_82", 0 0, L_0000029d8ee8d8d0;  1 drivers
v0000029d8edd24f0_0 .net *"_ivl_88", 0 0, L_0000029d8ee92fc0;  1 drivers
v0000029d8edd0c90_0 .net *"_ivl_90", 0 0, L_0000029d8ee94aa0;  1 drivers
v0000029d8edd1050_0 .net *"_ivl_92", 0 0, L_0000029d8ee94f00;  1 drivers
v0000029d8edd08d0_0 .net *"_ivl_93", 0 0, L_0000029d8ee8d010;  1 drivers
v0000029d8edd1d70_0 .net *"_ivl_95", 0 0, L_0000029d8ee8cc20;  1 drivers
v0000029d8edd2590_0 .net *"_ivl_98", 0 0, L_0000029d8ee94b40;  1 drivers
v0000029d8edd1f50_0 .net "a", 3 0, L_0000029d8ee96260;  1 drivers
v0000029d8edd28b0_0 .net "b", 3 0, L_0000029d8ee94dc0;  1 drivers
v0000029d8edd2630_0 .net "c", 4 0, L_0000029d8ee92c00;  1 drivers
v0000029d8edd0b50_0 .net "cin", 0 0, L_0000029d8ee95b80;  1 drivers
v0000029d8edd1870_0 .net "cout", 0 0, L_0000029d8ee95720;  1 drivers
v0000029d8edd0e70_0 .net "g", 3 0, L_0000029d8ee8c520;  1 drivers
v0000029d8edd1ff0_0 .net "group_G", 0 0, L_0000029d8ee8e2e0;  1 drivers
v0000029d8edd2bd0_0 .net "group_P", 0 0, L_0000029d8ee8ca60;  1 drivers
v0000029d8edd14b0_0 .net "p", 3 0, L_0000029d8ee8b410;  1 drivers
v0000029d8edd0970_0 .net "sum", 3 0, L_0000029d8ee8e190;  1 drivers
L_0000029d8ee93e20 .part L_0000029d8ee8c520, 0, 1;
L_0000029d8ee93f60 .part L_0000029d8ee8b410, 0, 1;
L_0000029d8ee943c0 .part L_0000029d8ee92c00, 0, 1;
L_0000029d8ee92840 .part L_0000029d8ee8c520, 1, 1;
L_0000029d8ee92980 .part L_0000029d8ee8b410, 1, 1;
L_0000029d8ee92a20 .part L_0000029d8ee8c520, 0, 1;
L_0000029d8ee92ac0 .part L_0000029d8ee8b410, 1, 1;
L_0000029d8ee93ec0 .part L_0000029d8ee8b410, 0, 1;
L_0000029d8ee936a0 .part L_0000029d8ee92c00, 0, 1;
L_0000029d8ee932e0 .part L_0000029d8ee8c520, 2, 1;
L_0000029d8ee940a0 .part L_0000029d8ee8b410, 2, 1;
L_0000029d8ee94140 .part L_0000029d8ee8c520, 1, 1;
L_0000029d8ee94960 .part L_0000029d8ee8b410, 2, 1;
L_0000029d8ee941e0 .part L_0000029d8ee8b410, 1, 1;
L_0000029d8ee931a0 .part L_0000029d8ee8c520, 0, 1;
L_0000029d8ee93920 .part L_0000029d8ee8b410, 2, 1;
L_0000029d8ee92b60 .part L_0000029d8ee8b410, 1, 1;
L_0000029d8ee94460 .part L_0000029d8ee8b410, 0, 1;
L_0000029d8ee92ca0 .part L_0000029d8ee92c00, 0, 1;
LS_0000029d8ee92c00_0_0 .concat8 [ 1 1 1 1], L_0000029d8ee8bb80, L_0000029d8ee8b020, L_0000029d8ee8c7c0, L_0000029d8ee8d8d0;
LS_0000029d8ee92c00_0_4 .concat8 [ 1 0 0 0], L_0000029d8ee8d320;
L_0000029d8ee92c00 .concat8 [ 4 1 0 0], LS_0000029d8ee92c00_0_0, LS_0000029d8ee92c00_0_4;
L_0000029d8ee92fc0 .part L_0000029d8ee8c520, 3, 1;
L_0000029d8ee94aa0 .part L_0000029d8ee8b410, 3, 1;
L_0000029d8ee94f00 .part L_0000029d8ee8c520, 2, 1;
L_0000029d8ee94b40 .part L_0000029d8ee8b410, 3, 1;
L_0000029d8ee952c0 .part L_0000029d8ee8b410, 2, 1;
L_0000029d8ee95680 .part L_0000029d8ee8c520, 1, 1;
L_0000029d8ee96f80 .part L_0000029d8ee8b410, 3, 1;
L_0000029d8ee966c0 .part L_0000029d8ee8b410, 2, 1;
L_0000029d8ee972a0 .part L_0000029d8ee8b410, 1, 1;
L_0000029d8ee96760 .part L_0000029d8ee8c520, 0, 1;
L_0000029d8ee96d00 .part L_0000029d8ee8b410, 3, 1;
L_0000029d8ee961c0 .part L_0000029d8ee8b410, 2, 1;
L_0000029d8ee963a0 .part L_0000029d8ee8b410, 1, 1;
L_0000029d8ee96620 .part L_0000029d8ee8b410, 0, 1;
L_0000029d8ee96da0 .part L_0000029d8ee92c00, 0, 1;
L_0000029d8ee96800 .part L_0000029d8ee8b410, 3, 1;
L_0000029d8ee968a0 .part L_0000029d8ee8b410, 2, 1;
L_0000029d8ee955e0 .part L_0000029d8ee8b410, 1, 1;
L_0000029d8ee969e0 .part L_0000029d8ee8b410, 0, 1;
L_0000029d8ee95540 .part L_0000029d8ee8c520, 3, 1;
L_0000029d8ee96940 .part L_0000029d8ee8b410, 3, 1;
L_0000029d8ee959a0 .part L_0000029d8ee8c520, 2, 1;
L_0000029d8ee95860 .part L_0000029d8ee8b410, 3, 1;
L_0000029d8ee96a80 .part L_0000029d8ee8b410, 2, 1;
L_0000029d8ee95cc0 .part L_0000029d8ee8c520, 1, 1;
L_0000029d8ee95040 .part L_0000029d8ee8b410, 3, 1;
L_0000029d8ee95a40 .part L_0000029d8ee8b410, 2, 1;
L_0000029d8ee95ae0 .part L_0000029d8ee8b410, 1, 1;
L_0000029d8ee96e40 .part L_0000029d8ee8c520, 0, 1;
L_0000029d8ee97340 .part L_0000029d8ee92c00, 0, 4;
L_0000029d8ee95720 .part L_0000029d8ee92c00, 4, 1;
S_0000029d8edb08c0 .scope generate, "cla4_blocks[3]" "cla4_blocks[3]" 5 32, 5 32 0, S_0000029d8edaff60;
 .timescale -9 -12;
P_0000029d8ece3790 .param/l "i" 0 5 32, +C4<011>;
S_0000029d8ede0570 .scope module, "block" "cla_4bit" 5 33, 6 3 0, S_0000029d8edb08c0;
 .timescale -9 -12;
    .port_info 0 /INPUT 4 "a";
    .port_info 1 /INPUT 4 "b";
    .port_info 2 /INPUT 1 "cin";
    .port_info 3 /OUTPUT 4 "sum";
    .port_info 4 /OUTPUT 1 "group_G";
    .port_info 5 /OUTPUT 1 "group_P";
    .port_info 6 /OUTPUT 1 "cout";
L_0000029d8ee8cfa0 .functor AND 4, L_0000029d8ee98e20, L_0000029d8ee97b60, C4<1111>, C4<1111>;
L_0000029d8ee8dbe0 .functor XOR 4, L_0000029d8ee98e20, L_0000029d8ee97b60, C4<0000>, C4<0000>;
L_0000029d8ee8d080 .functor BUFZ 1, L_0000029d8ee97660, C4<0>, C4<0>, C4<0>;
L_0000029d8ee8d0f0 .functor AND 1, L_0000029d8ee957c0, L_0000029d8ee94e60, C4<1>, C4<1>;
L_0000029d8ee8c9f0 .functor OR 1, L_0000029d8ee94d20, L_0000029d8ee8d0f0, C4<0>, C4<0>;
L_0000029d8ee8d860 .functor AND 1, L_0000029d8ee96440, L_0000029d8ee96300, C4<1>, C4<1>;
L_0000029d8ee8cad0 .functor OR 1, L_0000029d8ee95360, L_0000029d8ee8d860, C4<0>, C4<0>;
L_0000029d8ee8e270 .functor AND 1, L_0000029d8ee964e0, L_0000029d8ee95d60, C4<1>, C4<1>;
L_0000029d8ee8d160 .functor AND 1, L_0000029d8ee8e270, L_0000029d8ee95900, C4<1>, C4<1>;
L_0000029d8ee8d1d0 .functor OR 1, L_0000029d8ee8cad0, L_0000029d8ee8d160, C4<0>, C4<0>;
L_0000029d8ee8d5c0 .functor AND 1, L_0000029d8ee96b20, L_0000029d8ee96bc0, C4<1>, C4<1>;
L_0000029d8ee8e350 .functor OR 1, L_0000029d8ee96580, L_0000029d8ee8d5c0, C4<0>, C4<0>;
L_0000029d8ee8e3c0 .functor AND 1, L_0000029d8ee954a0, L_0000029d8ee96c60, C4<1>, C4<1>;
L_0000029d8ee8db00 .functor AND 1, L_0000029d8ee8e3c0, L_0000029d8ee95c20, C4<1>, C4<1>;
L_0000029d8ee8df60 .functor OR 1, L_0000029d8ee8e350, L_0000029d8ee8db00, C4<0>, C4<0>;
L_0000029d8ee8c910 .functor AND 1, L_0000029d8ee96ee0, L_0000029d8ee94fa0, C4<1>, C4<1>;
L_0000029d8ee8d9b0 .functor AND 1, L_0000029d8ee8c910, L_0000029d8ee97020, C4<1>, C4<1>;
L_0000029d8ee8dc50 .functor AND 1, L_0000029d8ee8d9b0, L_0000029d8ee95ea0, C4<1>, C4<1>;
L_0000029d8ee8c980 .functor OR 1, L_0000029d8ee8df60, L_0000029d8ee8dc50, C4<0>, C4<0>;
L_0000029d8ee8d710 .functor AND 1, L_0000029d8ee970c0, L_0000029d8ee97160, C4<1>, C4<1>;
L_0000029d8ee8d240 .functor OR 1, L_0000029d8ee97480, L_0000029d8ee8d710, C4<0>, C4<0>;
L_0000029d8ee8dcc0 .functor AND 1, L_0000029d8ee95e00, L_0000029d8ee95400, C4<1>, C4<1>;
L_0000029d8ee8cb40 .functor AND 1, L_0000029d8ee8dcc0, L_0000029d8ee950e0, C4<1>, C4<1>;
L_0000029d8ee8d2b0 .functor OR 1, L_0000029d8ee8d240, L_0000029d8ee8cb40, C4<0>, C4<0>;
L_0000029d8ee8d550 .functor AND 1, L_0000029d8ee95fe0, L_0000029d8ee95180, C4<1>, C4<1>;
L_0000029d8ee8dd30 .functor AND 1, L_0000029d8ee8d550, L_0000029d8ee97200, C4<1>, C4<1>;
L_0000029d8ee8d390 .functor AND 1, L_0000029d8ee8dd30, L_0000029d8ee95220, C4<1>, C4<1>;
L_0000029d8ee8d400 .functor OR 1, L_0000029d8ee8d2b0, L_0000029d8ee8d390, C4<0>, C4<0>;
L_0000029d8ee8d470 .functor AND 1, L_0000029d8ee973e0, L_0000029d8ee96080, C4<1>, C4<1>;
L_0000029d8ee8d630 .functor AND 1, L_0000029d8ee8d470, L_0000029d8ee96120, C4<1>, C4<1>;
L_0000029d8ee8d6a0 .functor AND 1, L_0000029d8ee8d630, L_0000029d8ee996e0, C4<1>, C4<1>;
L_0000029d8ee8dda0 .functor AND 1, L_0000029d8ee8d6a0, L_0000029d8ee98ec0, C4<1>, C4<1>;
L_0000029d8ee8de10 .functor OR 1, L_0000029d8ee8d400, L_0000029d8ee8dda0, C4<0>, C4<0>;
L_0000029d8ee8de80 .functor AND 1, L_0000029d8ee97a20, L_0000029d8ee99320, C4<1>, C4<1>;
L_0000029d8ee8def0 .functor AND 1, L_0000029d8ee8de80, L_0000029d8ee993c0, C4<1>, C4<1>;
L_0000029d8ee8e890 .functor AND 1, L_0000029d8ee8def0, L_0000029d8ee97ac0, C4<1>, C4<1>;
L_0000029d8ee8f000 .functor AND 1, L_0000029d8ee97700, L_0000029d8ee98a60, C4<1>, C4<1>;
L_0000029d8ee8e580 .functor OR 1, L_0000029d8ee98060, L_0000029d8ee8f000, C4<0>, C4<0>;
L_0000029d8ee8ecf0 .functor AND 1, L_0000029d8ee98560, L_0000029d8ee978e0, C4<1>, C4<1>;
L_0000029d8ee8ed60 .functor AND 1, L_0000029d8ee8ecf0, L_0000029d8ee98b00, C4<1>, C4<1>;
L_0000029d8ee8edd0 .functor OR 1, L_0000029d8ee8e580, L_0000029d8ee8ed60, C4<0>, C4<0>;
L_0000029d8ee8ee40 .functor AND 1, L_0000029d8ee97520, L_0000029d8ee995a0, C4<1>, C4<1>;
L_0000029d8ee8f3f0 .functor AND 1, L_0000029d8ee8ee40, L_0000029d8ee975c0, C4<1>, C4<1>;
L_0000029d8ee8eba0 .functor AND 1, L_0000029d8ee8f3f0, L_0000029d8ee98f60, C4<1>, C4<1>;
L_0000029d8ee8e900 .functor OR 1, L_0000029d8ee8edd0, L_0000029d8ee8eba0, C4<0>, C4<0>;
L_0000029d8ee8ea50 .functor XOR 4, L_0000029d8ee8dbe0, L_0000029d8ee99820, C4<0000>, C4<0000>;
v0000029d8edd1730_0 .net *"_ivl_100", 0 0, L_0000029d8ee95400;  1 drivers
v0000029d8edd26d0_0 .net *"_ivl_101", 0 0, L_0000029d8ee8dcc0;  1 drivers
v0000029d8edd29f0_0 .net *"_ivl_104", 0 0, L_0000029d8ee950e0;  1 drivers
v0000029d8edd2770_0 .net *"_ivl_105", 0 0, L_0000029d8ee8cb40;  1 drivers
v0000029d8edd2090_0 .net *"_ivl_107", 0 0, L_0000029d8ee8d2b0;  1 drivers
v0000029d8edd2950_0 .net *"_ivl_11", 0 0, L_0000029d8ee94d20;  1 drivers
v0000029d8edd2a90_0 .net *"_ivl_110", 0 0, L_0000029d8ee95fe0;  1 drivers
v0000029d8edd2270_0 .net *"_ivl_112", 0 0, L_0000029d8ee95180;  1 drivers
v0000029d8edd1550_0 .net *"_ivl_113", 0 0, L_0000029d8ee8d550;  1 drivers
v0000029d8edd2130_0 .net *"_ivl_116", 0 0, L_0000029d8ee97200;  1 drivers
v0000029d8edd0d30_0 .net *"_ivl_117", 0 0, L_0000029d8ee8dd30;  1 drivers
v0000029d8edd2b30_0 .net *"_ivl_120", 0 0, L_0000029d8ee95220;  1 drivers
v0000029d8edd15f0_0 .net *"_ivl_121", 0 0, L_0000029d8ee8d390;  1 drivers
v0000029d8edd2c70_0 .net *"_ivl_123", 0 0, L_0000029d8ee8d400;  1 drivers
v0000029d8edd21d0_0 .net *"_ivl_126", 0 0, L_0000029d8ee973e0;  1 drivers
v0000029d8edd1230_0 .net *"_ivl_128", 0 0, L_0000029d8ee96080;  1 drivers
v0000029d8edd0a10_0 .net *"_ivl_129", 0 0, L_0000029d8ee8d470;  1 drivers
v0000029d8edd12d0_0 .net *"_ivl_13", 0 0, L_0000029d8ee957c0;  1 drivers
v0000029d8edd0510_0 .net *"_ivl_132", 0 0, L_0000029d8ee96120;  1 drivers
v0000029d8edd0f10_0 .net *"_ivl_133", 0 0, L_0000029d8ee8d630;  1 drivers
v0000029d8edd05b0_0 .net *"_ivl_136", 0 0, L_0000029d8ee996e0;  1 drivers
v0000029d8edd0650_0 .net *"_ivl_137", 0 0, L_0000029d8ee8d6a0;  1 drivers
v0000029d8edd1370_0 .net *"_ivl_140", 0 0, L_0000029d8ee98ec0;  1 drivers
v0000029d8edd06f0_0 .net *"_ivl_141", 0 0, L_0000029d8ee8dda0;  1 drivers
v0000029d8edd0790_0 .net *"_ivl_143", 0 0, L_0000029d8ee8de10;  1 drivers
v0000029d8edd0dd0_0 .net *"_ivl_146", 0 0, L_0000029d8ee97a20;  1 drivers
v0000029d8edd10f0_0 .net *"_ivl_148", 0 0, L_0000029d8ee99320;  1 drivers
v0000029d8edd1190_0 .net *"_ivl_149", 0 0, L_0000029d8ee8de80;  1 drivers
v0000029d8edd1410_0 .net *"_ivl_15", 0 0, L_0000029d8ee94e60;  1 drivers
v0000029d8edd1690_0 .net *"_ivl_152", 0 0, L_0000029d8ee993c0;  1 drivers
v0000029d8edd17d0_0 .net *"_ivl_153", 0 0, L_0000029d8ee8def0;  1 drivers
v0000029d8edd1a50_0 .net *"_ivl_156", 0 0, L_0000029d8ee97ac0;  1 drivers
v0000029d8edd1910_0 .net *"_ivl_16", 0 0, L_0000029d8ee8d0f0;  1 drivers
v0000029d8edd19b0_0 .net *"_ivl_160", 0 0, L_0000029d8ee98060;  1 drivers
v0000029d8edd1b90_0 .net *"_ivl_162", 0 0, L_0000029d8ee97700;  1 drivers
v0000029d8edd1c30_0 .net *"_ivl_164", 0 0, L_0000029d8ee98a60;  1 drivers
v0000029d8edd2d10_0 .net *"_ivl_165", 0 0, L_0000029d8ee8f000;  1 drivers
v0000029d8edd3170_0 .net *"_ivl_167", 0 0, L_0000029d8ee8e580;  1 drivers
v0000029d8edd5470_0 .net *"_ivl_170", 0 0, L_0000029d8ee98560;  1 drivers
v0000029d8edd4930_0 .net *"_ivl_172", 0 0, L_0000029d8ee978e0;  1 drivers
v0000029d8edd3df0_0 .net *"_ivl_173", 0 0, L_0000029d8ee8ecf0;  1 drivers
v0000029d8edd2ef0_0 .net *"_ivl_176", 0 0, L_0000029d8ee98b00;  1 drivers
v0000029d8edd2e50_0 .net *"_ivl_177", 0 0, L_0000029d8ee8ed60;  1 drivers
v0000029d8edd3210_0 .net *"_ivl_179", 0 0, L_0000029d8ee8edd0;  1 drivers
v0000029d8edd3350_0 .net *"_ivl_18", 0 0, L_0000029d8ee8c9f0;  1 drivers
v0000029d8edd3e90_0 .net *"_ivl_182", 0 0, L_0000029d8ee97520;  1 drivers
v0000029d8edd47f0_0 .net *"_ivl_184", 0 0, L_0000029d8ee995a0;  1 drivers
v0000029d8edd4750_0 .net *"_ivl_185", 0 0, L_0000029d8ee8ee40;  1 drivers
v0000029d8edd4610_0 .net *"_ivl_188", 0 0, L_0000029d8ee975c0;  1 drivers
v0000029d8edd4110_0 .net *"_ivl_189", 0 0, L_0000029d8ee8f3f0;  1 drivers
v0000029d8edd2f90_0 .net *"_ivl_192", 0 0, L_0000029d8ee98f60;  1 drivers
v0000029d8edd3990_0 .net *"_ivl_193", 0 0, L_0000029d8ee8eba0;  1 drivers
v0000029d8edd3a30_0 .net *"_ivl_198", 3 0, L_0000029d8ee99820;  1 drivers
v0000029d8edd4070_0 .net *"_ivl_23", 0 0, L_0000029d8ee95360;  1 drivers
v0000029d8edd3f30_0 .net *"_ivl_25", 0 0, L_0000029d8ee96440;  1 drivers
v0000029d8edd3530_0 .net *"_ivl_27", 0 0, L_0000029d8ee96300;  1 drivers
v0000029d8edd3fd0_0 .net *"_ivl_28", 0 0, L_0000029d8ee8d860;  1 drivers
v0000029d8edd35d0_0 .net *"_ivl_30", 0 0, L_0000029d8ee8cad0;  1 drivers
v0000029d8edd4c50_0 .net *"_ivl_33", 0 0, L_0000029d8ee964e0;  1 drivers
v0000029d8edd3710_0 .net *"_ivl_35", 0 0, L_0000029d8ee95d60;  1 drivers
v0000029d8edd41b0_0 .net *"_ivl_36", 0 0, L_0000029d8ee8e270;  1 drivers
v0000029d8edd46b0_0 .net *"_ivl_39", 0 0, L_0000029d8ee95900;  1 drivers
v0000029d8edd44d0_0 .net *"_ivl_40", 0 0, L_0000029d8ee8d160;  1 drivers
v0000029d8edd2db0_0 .net *"_ivl_42", 0 0, L_0000029d8ee8d1d0;  1 drivers
v0000029d8edd3030_0 .net *"_ivl_47", 0 0, L_0000029d8ee96580;  1 drivers
v0000029d8edd3ad0_0 .net *"_ivl_49", 0 0, L_0000029d8ee96b20;  1 drivers
v0000029d8edd3c10_0 .net *"_ivl_51", 0 0, L_0000029d8ee96bc0;  1 drivers
v0000029d8edd30d0_0 .net *"_ivl_52", 0 0, L_0000029d8ee8d5c0;  1 drivers
v0000029d8edd32b0_0 .net *"_ivl_54", 0 0, L_0000029d8ee8e350;  1 drivers
v0000029d8edd33f0_0 .net *"_ivl_57", 0 0, L_0000029d8ee954a0;  1 drivers
v0000029d8edd49d0_0 .net *"_ivl_59", 0 0, L_0000029d8ee96c60;  1 drivers
v0000029d8edd4250_0 .net *"_ivl_60", 0 0, L_0000029d8ee8e3c0;  1 drivers
v0000029d8edd3490_0 .net *"_ivl_63", 0 0, L_0000029d8ee95c20;  1 drivers
v0000029d8edd3670_0 .net *"_ivl_64", 0 0, L_0000029d8ee8db00;  1 drivers
v0000029d8edd37b0_0 .net *"_ivl_66", 0 0, L_0000029d8ee8df60;  1 drivers
v0000029d8edd3850_0 .net *"_ivl_69", 0 0, L_0000029d8ee96ee0;  1 drivers
v0000029d8edd42f0_0 .net *"_ivl_7", 0 0, L_0000029d8ee8d080;  1 drivers
v0000029d8edd4890_0 .net *"_ivl_71", 0 0, L_0000029d8ee94fa0;  1 drivers
v0000029d8edd4a70_0 .net *"_ivl_72", 0 0, L_0000029d8ee8c910;  1 drivers
v0000029d8edd4b10_0 .net *"_ivl_75", 0 0, L_0000029d8ee97020;  1 drivers
v0000029d8edd4390_0 .net *"_ivl_76", 0 0, L_0000029d8ee8d9b0;  1 drivers
v0000029d8edd38f0_0 .net *"_ivl_79", 0 0, L_0000029d8ee95ea0;  1 drivers
v0000029d8edd3b70_0 .net *"_ivl_80", 0 0, L_0000029d8ee8dc50;  1 drivers
v0000029d8edd3cb0_0 .net *"_ivl_82", 0 0, L_0000029d8ee8c980;  1 drivers
v0000029d8edd4430_0 .net *"_ivl_88", 0 0, L_0000029d8ee97480;  1 drivers
v0000029d8edd4570_0 .net *"_ivl_90", 0 0, L_0000029d8ee970c0;  1 drivers
v0000029d8edd3d50_0 .net *"_ivl_92", 0 0, L_0000029d8ee97160;  1 drivers
v0000029d8edd4bb0_0 .net *"_ivl_93", 0 0, L_0000029d8ee8d710;  1 drivers
v0000029d8edd4cf0_0 .net *"_ivl_95", 0 0, L_0000029d8ee8d240;  1 drivers
v0000029d8edd4d90_0 .net *"_ivl_98", 0 0, L_0000029d8ee95e00;  1 drivers
v0000029d8edd4e30_0 .net "a", 3 0, L_0000029d8ee98e20;  1 drivers
v0000029d8edd4ed0_0 .net "b", 3 0, L_0000029d8ee97b60;  1 drivers
v0000029d8edd4f70_0 .net "c", 4 0, L_0000029d8ee95f40;  1 drivers
v0000029d8edd5010_0 .net "cin", 0 0, L_0000029d8ee97660;  1 drivers
v0000029d8edd50b0_0 .net "cout", 0 0, L_0000029d8ee98100;  1 drivers
v0000029d8edd5150_0 .net "g", 3 0, L_0000029d8ee8cfa0;  1 drivers
v0000029d8edd51f0_0 .net "group_G", 0 0, L_0000029d8ee8e900;  1 drivers
v0000029d8edd5290_0 .net "group_P", 0 0, L_0000029d8ee8e890;  1 drivers
v0000029d8edd5330_0 .net "p", 3 0, L_0000029d8ee8dbe0;  1 drivers
v0000029d8edd53d0_0 .net "sum", 3 0, L_0000029d8ee8ea50;  1 drivers
L_0000029d8ee94d20 .part L_0000029d8ee8cfa0, 0, 1;
L_0000029d8ee957c0 .part L_0000029d8ee8dbe0, 0, 1;
L_0000029d8ee94e60 .part L_0000029d8ee95f40, 0, 1;
L_0000029d8ee95360 .part L_0000029d8ee8cfa0, 1, 1;
L_0000029d8ee96440 .part L_0000029d8ee8dbe0, 1, 1;
L_0000029d8ee96300 .part L_0000029d8ee8cfa0, 0, 1;
L_0000029d8ee964e0 .part L_0000029d8ee8dbe0, 1, 1;
L_0000029d8ee95d60 .part L_0000029d8ee8dbe0, 0, 1;
L_0000029d8ee95900 .part L_0000029d8ee95f40, 0, 1;
L_0000029d8ee96580 .part L_0000029d8ee8cfa0, 2, 1;
L_0000029d8ee96b20 .part L_0000029d8ee8dbe0, 2, 1;
L_0000029d8ee96bc0 .part L_0000029d8ee8cfa0, 1, 1;
L_0000029d8ee954a0 .part L_0000029d8ee8dbe0, 2, 1;
L_0000029d8ee96c60 .part L_0000029d8ee8dbe0, 1, 1;
L_0000029d8ee95c20 .part L_0000029d8ee8cfa0, 0, 1;
L_0000029d8ee96ee0 .part L_0000029d8ee8dbe0, 2, 1;
L_0000029d8ee94fa0 .part L_0000029d8ee8dbe0, 1, 1;
L_0000029d8ee97020 .part L_0000029d8ee8dbe0, 0, 1;
L_0000029d8ee95ea0 .part L_0000029d8ee95f40, 0, 1;
LS_0000029d8ee95f40_0_0 .concat8 [ 1 1 1 1], L_0000029d8ee8d080, L_0000029d8ee8c9f0, L_0000029d8ee8d1d0, L_0000029d8ee8c980;
LS_0000029d8ee95f40_0_4 .concat8 [ 1 0 0 0], L_0000029d8ee8de10;
L_0000029d8ee95f40 .concat8 [ 4 1 0 0], LS_0000029d8ee95f40_0_0, LS_0000029d8ee95f40_0_4;
L_0000029d8ee97480 .part L_0000029d8ee8cfa0, 3, 1;
L_0000029d8ee970c0 .part L_0000029d8ee8dbe0, 3, 1;
L_0000029d8ee97160 .part L_0000029d8ee8cfa0, 2, 1;
L_0000029d8ee95e00 .part L_0000029d8ee8dbe0, 3, 1;
L_0000029d8ee95400 .part L_0000029d8ee8dbe0, 2, 1;
L_0000029d8ee950e0 .part L_0000029d8ee8cfa0, 1, 1;
L_0000029d8ee95fe0 .part L_0000029d8ee8dbe0, 3, 1;
L_0000029d8ee95180 .part L_0000029d8ee8dbe0, 2, 1;
L_0000029d8ee97200 .part L_0000029d8ee8dbe0, 1, 1;
L_0000029d8ee95220 .part L_0000029d8ee8cfa0, 0, 1;
L_0000029d8ee973e0 .part L_0000029d8ee8dbe0, 3, 1;
L_0000029d8ee96080 .part L_0000029d8ee8dbe0, 2, 1;
L_0000029d8ee96120 .part L_0000029d8ee8dbe0, 1, 1;
L_0000029d8ee996e0 .part L_0000029d8ee8dbe0, 0, 1;
L_0000029d8ee98ec0 .part L_0000029d8ee95f40, 0, 1;
L_0000029d8ee97a20 .part L_0000029d8ee8dbe0, 3, 1;
L_0000029d8ee99320 .part L_0000029d8ee8dbe0, 2, 1;
L_0000029d8ee993c0 .part L_0000029d8ee8dbe0, 1, 1;
L_0000029d8ee97ac0 .part L_0000029d8ee8dbe0, 0, 1;
L_0000029d8ee98060 .part L_0000029d8ee8cfa0, 3, 1;
L_0000029d8ee97700 .part L_0000029d8ee8dbe0, 3, 1;
L_0000029d8ee98a60 .part L_0000029d8ee8cfa0, 2, 1;
L_0000029d8ee98560 .part L_0000029d8ee8dbe0, 3, 1;
L_0000029d8ee978e0 .part L_0000029d8ee8dbe0, 2, 1;
L_0000029d8ee98b00 .part L_0000029d8ee8cfa0, 1, 1;
L_0000029d8ee97520 .part L_0000029d8ee8dbe0, 3, 1;
L_0000029d8ee995a0 .part L_0000029d8ee8dbe0, 2, 1;
L_0000029d8ee975c0 .part L_0000029d8ee8dbe0, 1, 1;
L_0000029d8ee98f60 .part L_0000029d8ee8cfa0, 0, 1;
L_0000029d8ee99820 .part L_0000029d8ee95f40, 0, 4;
L_0000029d8ee98100 .part L_0000029d8ee95f40, 4, 1;
    .scope S_0000029d8ed93e50;
T_1 ;
    %wait E_0000029d8ece0bd0;
    %load/vec4 v0000029d8eda06e0_0;
    %dup/vec4;
    %pushi/vec4 0, 0, 3;
    %cmp/u;
    %jmp/1 T_1.0, 6;
    %dup/vec4;
    %pushi/vec4 1, 0, 3;
    %cmp/u;
    %jmp/1 T_1.1, 6;
    %dup/vec4;
    %pushi/vec4 2, 0, 3;
    %cmp/u;
    %jmp/1 T_1.2, 6;
    %dup/vec4;
    %pushi/vec4 3, 0, 3;
    %cmp/u;
    %jmp/1 T_1.3, 6;
    %dup/vec4;
    %pushi/vec4 4, 0, 3;
    %cmp/u;
    %jmp/1 T_1.4, 6;
    %dup/vec4;
    %pushi/vec4 5, 0, 3;
    %cmp/u;
    %jmp/1 T_1.5, 6;
    %dup/vec4;
    %pushi/vec4 6, 0, 3;
    %cmp/u;
    %jmp/1 T_1.6, 6;
    %pushi/vec4 0, 0, 32;
    %store/vec4 v0000029d8ed9f740_0, 0, 32;
    %jmp T_1.8;
T_1.0 ;
    %load/vec4 v0000029d8ed9d9e0_0;
    %load/vec4 v0000029d8eda1680_0;
    %and;
    %store/vec4 v0000029d8ed9f740_0, 0, 32;
    %jmp T_1.8;
T_1.1 ;
    %load/vec4 v0000029d8ed9d9e0_0;
    %load/vec4 v0000029d8eda1680_0;
    %or;
    %store/vec4 v0000029d8ed9f740_0, 0, 32;
    %jmp T_1.8;
T_1.2 ;
    %load/vec4 v0000029d8ed9d9e0_0;
    %load/vec4 v0000029d8eda1680_0;
    %xor;
    %store/vec4 v0000029d8ed9f740_0, 0, 32;
    %jmp T_1.8;
T_1.3 ;
    %load/vec4 v0000029d8ed9d9e0_0;
    %inv;
    %store/vec4 v0000029d8ed9f740_0, 0, 32;
    %jmp T_1.8;
T_1.4 ;
    %load/vec4 v0000029d8ed9d9e0_0;
    %load/vec4 v0000029d8eda1680_0;
    %or;
    %inv;
    %store/vec4 v0000029d8ed9f740_0, 0, 32;
    %jmp T_1.8;
T_1.5 ;
    %load/vec4 v0000029d8ed9d9e0_0;
    %load/vec4 v0000029d8eda1680_0;
    %and;
    %inv;
    %store/vec4 v0000029d8ed9f740_0, 0, 32;
    %jmp T_1.8;
T_1.6 ;
    %load/vec4 v0000029d8ed9d9e0_0;
    %load/vec4 v0000029d8eda1680_0;
    %xor;
    %inv;
    %store/vec4 v0000029d8ed9f740_0, 0, 32;
    %jmp T_1.8;
T_1.8 ;
    %pop/vec4 1;
    %jmp T_1;
    .thread T_1, $push;
    .scope S_0000029d8edafab0;
T_2 ;
    %wait E_0000029d8ece2ad0;
    %load/vec4 v0000029d8ed9f9c0_0;
    %cmpi/e 0, 0, 5;
    %jmp/0xz  T_2.0, 4;
    %load/vec4 v0000029d8ed9fba0_0;
    %store/vec4 v0000029d8eda1cc0_0, 0, 32;
    %pushi/vec4 0, 0, 1;
    %store/vec4 v0000029d8eda1360_0, 0, 1;
    %jmp T_2.1;
T_2.0 ;
    %load/vec4 v0000029d8eda0140_0;
    %dup/vec4;
    %pushi/vec4 0, 0, 2;
    %cmp/u;
    %jmp/1 T_2.2, 6;
    %dup/vec4;
    %pushi/vec4 1, 0, 2;
    %cmp/u;
    %jmp/1 T_2.3, 6;
    %dup/vec4;
    %pushi/vec4 2, 0, 2;
    %cmp/u;
    %jmp/1 T_2.4, 6;
    %dup/vec4;
    %pushi/vec4 3, 0, 2;
    %cmp/u;
    %jmp/1 T_2.5, 6;
    %load/vec4 v0000029d8ed9fba0_0;
    %store/vec4 v0000029d8eda1cc0_0, 0, 32;
    %pushi/vec4 0, 0, 1;
    %store/vec4 v0000029d8eda1360_0, 0, 1;
    %jmp T_2.7;
T_2.2 ;
    %load/vec4 v0000029d8ed9fba0_0;
    %ix/getv 4, v0000029d8ed9f9c0_0;
    %shiftl 4;
    %store/vec4 v0000029d8eda1cc0_0, 0, 32;
    %load/vec4 v0000029d8ed9fba0_0;
    %pushi/vec4 32, 0, 32;
    %load/vec4 v0000029d8ed9f9c0_0;
    %pad/u 32;
    %sub;
    %part/u 1;
    %store/vec4 v0000029d8eda1360_0, 0, 1;
    %jmp T_2.7;
T_2.3 ;
    %load/vec4 v0000029d8ed9fba0_0;
    %ix/getv 4, v0000029d8ed9f9c0_0;
    %shiftr 4;
    %store/vec4 v0000029d8eda1cc0_0, 0, 32;
    %load/vec4 v0000029d8ed9fba0_0;
    %load/vec4 v0000029d8ed9f9c0_0;
    %pad/u 32;
    %subi 1, 0, 32;
    %part/u 1;
    %store/vec4 v0000029d8eda1360_0, 0, 1;
    %jmp T_2.7;
T_2.4 ;
    %load/vec4 v0000029d8ed9fba0_0;
    %ix/getv 4, v0000029d8ed9f9c0_0;
    %shiftr/s 4;
    %store/vec4 v0000029d8eda1cc0_0, 0, 32;
    %load/vec4 v0000029d8ed9fba0_0;
    %load/vec4 v0000029d8ed9f9c0_0;
    %pad/u 32;
    %subi 1, 0, 32;
    %part/u 1;
    %store/vec4 v0000029d8eda1360_0, 0, 1;
    %jmp T_2.7;
T_2.5 ;
    %load/vec4 v0000029d8ed9fba0_0;
    %ix/getv 4, v0000029d8ed9f9c0_0;
    %shiftr 4;
    %load/vec4 v0000029d8ed9fba0_0;
    %pushi/vec4 32, 0, 32;
    %load/vec4 v0000029d8ed9f9c0_0;
    %pad/u 32;
    %sub;
    %ix/vec4 4;
    %shiftl 4;
    %or;
    %store/vec4 v0000029d8eda1cc0_0, 0, 32;
    %load/vec4 v0000029d8ed9fba0_0;
    %load/vec4 v0000029d8ed9f9c0_0;
    %pad/u 32;
    %subi 1, 0, 32;
    %part/u 1;
    %store/vec4 v0000029d8eda1360_0, 0, 1;
    %jmp T_2.7;
T_2.7 ;
    %pop/vec4 1;
T_2.1 ;
    %jmp T_2;
    .thread T_2, $push;
    .scope S_0000029d8ed94300;
T_3 ;
    %wait E_0000029d8ece3050;
    %load/vec4 v0000029d8eda1220_0;
    %load/vec4 v0000029d8ed9fd80_0;
    %cmp/e;
    %flag_get/vec4 4;
    %store/vec4 v0000029d8eda14a0_0, 0, 1;
    %load/vec4 v0000029d8eda12c0_0;
    %flag_set/vec4 8;
    %jmp/0xz  T_3.0, 8;
    %load/vec4 v0000029d8eda1220_0;
    %load/vec4 v0000029d8ed9fd80_0;
    %cmp/s;
    %flag_get/vec4 5;
    %store/vec4 v0000029d8eda1720_0, 0, 1;
    %load/vec4 v0000029d8ed9fd80_0;
    %load/vec4 v0000029d8eda1220_0;
    %cmp/s;
    %flag_get/vec4 5;
    %store/vec4 v0000029d8eda01e0_0, 0, 1;
    %jmp T_3.1;
T_3.0 ;
    %load/vec4 v0000029d8eda1220_0;
    %load/vec4 v0000029d8ed9fd80_0;
    %cmp/u;
    %flag_get/vec4 5;
    %store/vec4 v0000029d8eda1720_0, 0, 1;
    %load/vec4 v0000029d8ed9fd80_0;
    %load/vec4 v0000029d8eda1220_0;
    %cmp/u;
    %flag_get/vec4 5;
    %store/vec4 v0000029d8eda01e0_0, 0, 1;
T_3.1 ;
    %jmp T_3;
    .thread T_3, $push;
    .scope S_0000029d8ed934f0;
T_4 ;
    %wait E_0000029d8ece3750;
    %load/vec4 v0000029d8eda0500_0;
    %load/vec4 v0000029d8eda1540_0;
    %cmp/e;
    %flag_get/vec4 4;
    %store/vec4 v0000029d8eda0fa0_0, 0, 1;
    %load/vec4 v0000029d8ed9fc40_0;
    %flag_set/vec4 8;
    %jmp/0xz  T_4.0, 8;
    %load/vec4 v0000029d8eda0500_0;
    %load/vec4 v0000029d8eda1540_0;
    %cmp/s;
    %flag_get/vec4 5;
    %store/vec4 v0000029d8ed9ff60_0, 0, 1;
    %load/vec4 v0000029d8eda1540_0;
    %load/vec4 v0000029d8eda0500_0;
    %cmp/s;
    %flag_get/vec4 5;
    %store/vec4 v0000029d8eda0280_0, 0, 1;
    %jmp T_4.1;
T_4.0 ;
    %load/vec4 v0000029d8eda0500_0;
    %load/vec4 v0000029d8eda1540_0;
    %cmp/u;
    %flag_get/vec4 5;
    %store/vec4 v0000029d8ed9ff60_0, 0, 1;
    %load/vec4 v0000029d8eda1540_0;
    %load/vec4 v0000029d8eda0500_0;
    %cmp/u;
    %flag_get/vec4 5;
    %store/vec4 v0000029d8eda0280_0, 0, 1;
T_4.1 ;
    %jmp T_4;
    .thread T_4, $push;
    .scope S_0000029d8e9c3230;
T_5 ;
    %wait E_0000029d8ece1890;
    %load/vec4 v0000029d8edbba70_0;
    %dup/vec4;
    %pushi/vec4 2, 0, 5;
    %cmp/u;
    %jmp/1 T_5.0, 6;
    %dup/vec4;
    %pushi/vec4 3, 0, 5;
    %cmp/u;
    %jmp/1 T_5.1, 6;
    %dup/vec4;
    %pushi/vec4 4, 0, 5;
    %cmp/u;
    %jmp/1 T_5.2, 6;
    %dup/vec4;
    %pushi/vec4 5, 0, 5;
    %cmp/u;
    %jmp/1 T_5.3, 6;
    %pushi/vec4 0, 0, 3;
    %store/vec4 v0000029d8edbb9d0_0, 0, 3;
    %jmp T_5.5;
T_5.0 ;
    %pushi/vec4 0, 0, 3;
    %store/vec4 v0000029d8edbb9d0_0, 0, 3;
    %jmp T_5.5;
T_5.1 ;
    %pushi/vec4 1, 0, 3;
    %store/vec4 v0000029d8edbb9d0_0, 0, 3;
    %jmp T_5.5;
T_5.2 ;
    %pushi/vec4 2, 0, 3;
    %store/vec4 v0000029d8edbb9d0_0, 0, 3;
    %jmp T_5.5;
T_5.3 ;
    %pushi/vec4 4, 0, 3;
    %store/vec4 v0000029d8edbb9d0_0, 0, 3;
    %jmp T_5.5;
T_5.5 ;
    %pop/vec4 1;
    %jmp T_5;
    .thread T_5, $push;
    .scope S_0000029d8e9c3230;
T_6 ;
    %wait E_0000029d8ece1890;
    %load/vec4 v0000029d8edbba70_0;
    %dup/vec4;
    %pushi/vec4 6, 0, 5;
    %cmp/u;
    %jmp/1 T_6.0, 6;
    %dup/vec4;
    %pushi/vec4 7, 0, 5;
    %cmp/u;
    %jmp/1 T_6.1, 6;
    %dup/vec4;
    %pushi/vec4 8, 0, 5;
    %cmp/u;
    %jmp/1 T_6.2, 6;
    %dup/vec4;
    %pushi/vec4 9, 0, 5;
    %cmp/u;
    %jmp/1 T_6.3, 6;
    %pushi/vec4 0, 0, 2;
    %store/vec4 v0000029d8edbab70_0, 0, 2;
    %jmp T_6.5;
T_6.0 ;
    %pushi/vec4 0, 0, 2;
    %store/vec4 v0000029d8edbab70_0, 0, 2;
    %jmp T_6.5;
T_6.1 ;
    %pushi/vec4 1, 0, 2;
    %store/vec4 v0000029d8edbab70_0, 0, 2;
    %jmp T_6.5;
T_6.2 ;
    %pushi/vec4 2, 0, 2;
    %store/vec4 v0000029d8edbab70_0, 0, 2;
    %jmp T_6.5;
T_6.3 ;
    %pushi/vec4 3, 0, 2;
    %store/vec4 v0000029d8edbab70_0, 0, 2;
    %jmp T_6.5;
T_6.5 ;
    %pop/vec4 1;
    %jmp T_6;
    .thread T_6, $push;
    .scope S_0000029d8e9c3230;
T_7 ;
    %wait E_0000029d8ece0c90;
    %pushi/vec4 0, 0, 32;
    %store/vec4 v0000029d8edba030_0, 0, 32;
    %pushi/vec4 0, 0, 1;
    %store/vec4 v0000029d8edb9db0_0, 0, 1;
    %pushi/vec4 0, 0, 1;
    %store/vec4 v0000029d8edbc470_0, 0, 1;
    %load/vec4 v0000029d8edbba70_0;
    %dup/vec4;
    %pushi/vec4 0, 0, 5;
    %cmp/u;
    %jmp/1 T_7.0, 6;
    %dup/vec4;
    %pushi/vec4 1, 0, 5;
    %cmp/u;
    %jmp/1 T_7.1, 6;
    %dup/vec4;
    %pushi/vec4 2, 0, 5;
    %cmp/u;
    %jmp/1 T_7.2, 6;
    %dup/vec4;
    %pushi/vec4 3, 0, 5;
    %cmp/u;
    %jmp/1 T_7.3, 6;
    %dup/vec4;
    %pushi/vec4 4, 0, 5;
    %cmp/u;
    %jmp/1 T_7.4, 6;
    %dup/vec4;
    %pushi/vec4 5, 0, 5;
    %cmp/u;
    %jmp/1 T_7.5, 6;
    %dup/vec4;
    %pushi/vec4 6, 0, 5;
    %cmp/u;
    %jmp/1 T_7.6, 6;
    %dup/vec4;
    %pushi/vec4 7, 0, 5;
    %cmp/u;
    %jmp/1 T_7.7, 6;
    %dup/vec4;
    %pushi/vec4 8, 0, 5;
    %cmp/u;
    %jmp/1 T_7.8, 6;
    %dup/vec4;
    %pushi/vec4 9, 0, 5;
    %cmp/u;
    %jmp/1 T_7.9, 6;
    %dup/vec4;
    %pushi/vec4 10, 0, 5;
    %cmp/u;
    %jmp/1 T_7.10, 6;
    %dup/vec4;
    %pushi/vec4 11, 0, 5;
    %cmp/u;
    %jmp/1 T_7.11, 6;
    %pushi/vec4 0, 0, 32;
    %store/vec4 v0000029d8edba030_0, 0, 32;
    %jmp T_7.13;
T_7.0 ;
    %load/vec4 v0000029d8edba2b0_0;
    %store/vec4 v0000029d8edba030_0, 0, 32;
    %load/vec4 v0000029d8edbb430_0;
    %store/vec4 v0000029d8edb9db0_0, 0, 1;
    %load/vec4 v0000029d8edbc1f0_0;
    %store/vec4 v0000029d8edbc470_0, 0, 1;
    %jmp T_7.13;
T_7.1 ;
    %load/vec4 v0000029d8edbbb10_0;
    %store/vec4 v0000029d8edba030_0, 0, 32;
    %load/vec4 v0000029d8edba350_0;
    %store/vec4 v0000029d8edb9db0_0, 0, 1;
    %load/vec4 v0000029d8edbae90_0;
    %store/vec4 v0000029d8edbc470_0, 0, 1;
    %jmp T_7.13;
T_7.2 ;
    %load/vec4 v0000029d8edbb890_0;
    %store/vec4 v0000029d8edba030_0, 0, 32;
    %jmp T_7.13;
T_7.3 ;
    %load/vec4 v0000029d8edbb890_0;
    %store/vec4 v0000029d8edba030_0, 0, 32;
    %jmp T_7.13;
T_7.4 ;
    %load/vec4 v0000029d8edbb890_0;
    %store/vec4 v0000029d8edba030_0, 0, 32;
    %jmp T_7.13;
T_7.5 ;
    %load/vec4 v0000029d8edbb890_0;
    %store/vec4 v0000029d8edba030_0, 0, 32;
    %jmp T_7.13;
T_7.6 ;
    %load/vec4 v0000029d8edba710_0;
    %store/vec4 v0000029d8edba030_0, 0, 32;
    %load/vec4 v0000029d8edbacb0_0;
    %store/vec4 v0000029d8edb9db0_0, 0, 1;
    %jmp T_7.13;
T_7.7 ;
    %load/vec4 v0000029d8edba710_0;
    %store/vec4 v0000029d8edba030_0, 0, 32;
    %load/vec4 v0000029d8edbacb0_0;
    %store/vec4 v0000029d8edb9db0_0, 0, 1;
    %jmp T_7.13;
T_7.8 ;
    %load/vec4 v0000029d8edba710_0;
    %store/vec4 v0000029d8edba030_0, 0, 32;
    %load/vec4 v0000029d8edbacb0_0;
    %store/vec4 v0000029d8edb9db0_0, 0, 1;
    %jmp T_7.13;
T_7.9 ;
    %load/vec4 v0000029d8edba710_0;
    %store/vec4 v0000029d8edba030_0, 0, 32;
    %load/vec4 v0000029d8edbacb0_0;
    %store/vec4 v0000029d8edb9db0_0, 0, 1;
    %jmp T_7.13;
T_7.10 ;
    %pushi/vec4 0, 0, 31;
    %load/vec4 v0000029d8edb9f90_0;
    %concat/vec4; draw_concat_vec4
    %store/vec4 v0000029d8edba030_0, 0, 32;
    %load/vec4 v0000029d8edba350_0;
    %store/vec4 v0000029d8edb9db0_0, 0, 1;
    %load/vec4 v0000029d8edbae90_0;
    %store/vec4 v0000029d8edbc470_0, 0, 1;
    %jmp T_7.13;
T_7.11 ;
    %pushi/vec4 0, 0, 31;
    %load/vec4 v0000029d8edba990_0;
    %concat/vec4; draw_concat_vec4
    %store/vec4 v0000029d8edba030_0, 0, 32;
    %load/vec4 v0000029d8edba350_0;
    %store/vec4 v0000029d8edb9db0_0, 0, 1;
    %jmp T_7.13;
T_7.13 ;
    %pop/vec4 1;
    %jmp T_7;
    .thread T_7, $push;
    .scope S_0000029d8ed07100;
T_8 ;
    %pushi/vec4 0, 0, 32;
    %store/vec4 v0000029d8edbbcf0_0, 0, 32;
    %end;
    .thread T_8;
    .scope S_0000029d8ed07100;
T_9 ;
    %pushi/vec4 10, 0, 32;
    %store/vec4 v0000029d8edbb570_0, 0, 32;
    %pushi/vec4 15, 0, 32;
    %store/vec4 v0000029d8edbbc50_0, 0, 32;
    %pushi/vec4 0, 0, 5;
    %store/vec4 v0000029d8edbb6b0_0, 0, 5;
    %pushi/vec4 25, 0, 32;
    %store/vec4 v0000029d8eca3980_0, 0, 32;
    %pushi/vec4 0, 0, 1;
    %store/vec4 v0000029d8eca3660_0, 0, 1;
    %pushi/vec4 0, 0, 1;
    %store/vec4 v0000029d8eca3480_0, 0, 1;
    %pushi/vec4 0, 0, 1;
    %store/vec4 v0000029d8ecb0c20_0, 0, 1;
    %pushi/vec4 0, 0, 1;
    %store/vec4 v0000029d8eca3160_0, 0, 1;
    %fork TD_tb_alu_int.check_res, S_0000029d8ed07850;
    %join;
    %pushi/vec4 0, 0, 32;
    %store/vec4 v0000029d8edbb570_0, 0, 32;
    %pushi/vec4 0, 0, 32;
    %store/vec4 v0000029d8edbbc50_0, 0, 32;
    %pushi/vec4 0, 0, 5;
    %store/vec4 v0000029d8edbb6b0_0, 0, 5;
    %pushi/vec4 0, 0, 32;
    %store/vec4 v0000029d8eca3980_0, 0, 32;
    %pushi/vec4 0, 0, 1;
    %store/vec4 v0000029d8eca3660_0, 0, 1;
    %pushi/vec4 1, 0, 1;
    %store/vec4 v0000029d8eca3480_0, 0, 1;
    %pushi/vec4 0, 0, 1;
    %store/vec4 v0000029d8ecb0c20_0, 0, 1;
    %pushi/vec4 0, 0, 1;
    %store/vec4 v0000029d8eca3160_0, 0, 1;
    %fork TD_tb_alu_int.check_res, S_0000029d8ed07850;
    %join;
    %pushi/vec4 4294967295, 0, 32;
    %store/vec4 v0000029d8edbb570_0, 0, 32;
    %pushi/vec4 2, 0, 32;
    %store/vec4 v0000029d8edbbc50_0, 0, 32;
    %pushi/vec4 0, 0, 5;
    %store/vec4 v0000029d8edbb6b0_0, 0, 5;
    %pushi/vec4 1, 0, 32;
    %store/vec4 v0000029d8eca3980_0, 0, 32;
    %pushi/vec4 0, 0, 1;
    %store/vec4 v0000029d8eca3660_0, 0, 1;
    %pushi/vec4 0, 0, 1;
    %store/vec4 v0000029d8eca3480_0, 0, 1;
    %pushi/vec4 1, 0, 1;
    %store/vec4 v0000029d8ecb0c20_0, 0, 1;
    %pushi/vec4 0, 0, 1;
    %store/vec4 v0000029d8eca3160_0, 0, 1;
    %fork TD_tb_alu_int.check_res, S_0000029d8ed07850;
    %join;
    %pushi/vec4 4294967295, 0, 32;
    %store/vec4 v0000029d8edbb570_0, 0, 32;
    %pushi/vec4 4294967295, 0, 32;
    %store/vec4 v0000029d8edbbc50_0, 0, 32;
    %pushi/vec4 0, 0, 5;
    %store/vec4 v0000029d8edbb6b0_0, 0, 5;
    %pushi/vec4 4294967294, 0, 32;
    %store/vec4 v0000029d8eca3980_0, 0, 32;
    %pushi/vec4 1, 0, 1;
    %store/vec4 v0000029d8eca3660_0, 0, 1;
    %pushi/vec4 0, 0, 1;
    %store/vec4 v0000029d8eca3480_0, 0, 1;
    %pushi/vec4 1, 0, 1;
    %store/vec4 v0000029d8ecb0c20_0, 0, 1;
    %pushi/vec4 0, 0, 1;
    %store/vec4 v0000029d8eca3160_0, 0, 1;
    %fork TD_tb_alu_int.check_res, S_0000029d8ed07850;
    %join;
    %pushi/vec4 2147483647, 0, 32;
    %store/vec4 v0000029d8edbb570_0, 0, 32;
    %pushi/vec4 1, 0, 32;
    %store/vec4 v0000029d8edbbc50_0, 0, 32;
    %pushi/vec4 0, 0, 5;
    %store/vec4 v0000029d8edbb6b0_0, 0, 5;
    %pushi/vec4 2147483648, 0, 32;
    %store/vec4 v0000029d8eca3980_0, 0, 32;
    %pushi/vec4 1, 0, 1;
    %store/vec4 v0000029d8eca3660_0, 0, 1;
    %pushi/vec4 0, 0, 1;
    %store/vec4 v0000029d8eca3480_0, 0, 1;
    %pushi/vec4 0, 0, 1;
    %store/vec4 v0000029d8ecb0c20_0, 0, 1;
    %pushi/vec4 1, 0, 1;
    %store/vec4 v0000029d8eca3160_0, 0, 1;
    %fork TD_tb_alu_int.check_res, S_0000029d8ed07850;
    %join;
    %pushi/vec4 20, 0, 32;
    %store/vec4 v0000029d8edbb570_0, 0, 32;
    %pushi/vec4 5, 0, 32;
    %store/vec4 v0000029d8edbbc50_0, 0, 32;
    %pushi/vec4 1, 0, 5;
    %store/vec4 v0000029d8edbb6b0_0, 0, 5;
    %pushi/vec4 15, 0, 32;
    %store/vec4 v0000029d8eca3980_0, 0, 32;
    %pushi/vec4 0, 0, 1;
    %store/vec4 v0000029d8eca3660_0, 0, 1;
    %pushi/vec4 0, 0, 1;
    %store/vec4 v0000029d8eca3480_0, 0, 1;
    %pushi/vec4 0, 0, 1;
    %store/vec4 v0000029d8ecb0c20_0, 0, 1;
    %pushi/vec4 0, 0, 1;
    %store/vec4 v0000029d8eca3160_0, 0, 1;
    %fork TD_tb_alu_int.check_res, S_0000029d8ed07850;
    %join;
    %pushi/vec4 5, 0, 32;
    %store/vec4 v0000029d8edbb570_0, 0, 32;
    %pushi/vec4 5, 0, 32;
    %store/vec4 v0000029d8edbbc50_0, 0, 32;
    %pushi/vec4 1, 0, 5;
    %store/vec4 v0000029d8edbb6b0_0, 0, 5;
    %pushi/vec4 0, 0, 32;
    %store/vec4 v0000029d8eca3980_0, 0, 32;
    %pushi/vec4 0, 0, 1;
    %store/vec4 v0000029d8eca3660_0, 0, 1;
    %pushi/vec4 1, 0, 1;
    %store/vec4 v0000029d8eca3480_0, 0, 1;
    %pushi/vec4 0, 0, 1;
    %store/vec4 v0000029d8ecb0c20_0, 0, 1;
    %pushi/vec4 0, 0, 1;
    %store/vec4 v0000029d8eca3160_0, 0, 1;
    %fork TD_tb_alu_int.check_res, S_0000029d8ed07850;
    %join;
    %pushi/vec4 5, 0, 32;
    %store/vec4 v0000029d8edbb570_0, 0, 32;
    %pushi/vec4 10, 0, 32;
    %store/vec4 v0000029d8edbbc50_0, 0, 32;
    %pushi/vec4 1, 0, 5;
    %store/vec4 v0000029d8edbb6b0_0, 0, 5;
    %pushi/vec4 4294967291, 0, 32;
    %store/vec4 v0000029d8eca3980_0, 0, 32;
    %pushi/vec4 1, 0, 1;
    %store/vec4 v0000029d8eca3660_0, 0, 1;
    %pushi/vec4 0, 0, 1;
    %store/vec4 v0000029d8eca3480_0, 0, 1;
    %pushi/vec4 1, 0, 1;
    %store/vec4 v0000029d8ecb0c20_0, 0, 1;
    %pushi/vec4 0, 0, 1;
    %store/vec4 v0000029d8eca3160_0, 0, 1;
    %fork TD_tb_alu_int.check_res, S_0000029d8ed07850;
    %join;
    %pushi/vec4 2147483648, 0, 32;
    %store/vec4 v0000029d8edbb570_0, 0, 32;
    %pushi/vec4 1, 0, 32;
    %store/vec4 v0000029d8edbbc50_0, 0, 32;
    %pushi/vec4 1, 0, 5;
    %store/vec4 v0000029d8edbb6b0_0, 0, 5;
    %pushi/vec4 2147483647, 0, 32;
    %store/vec4 v0000029d8eca3980_0, 0, 32;
    %pushi/vec4 0, 0, 1;
    %store/vec4 v0000029d8eca3660_0, 0, 1;
    %pushi/vec4 0, 0, 1;
    %store/vec4 v0000029d8eca3480_0, 0, 1;
    %pushi/vec4 0, 0, 1;
    %store/vec4 v0000029d8ecb0c20_0, 0, 1;
    %pushi/vec4 1, 0, 1;
    %store/vec4 v0000029d8eca3160_0, 0, 1;
    %fork TD_tb_alu_int.check_res, S_0000029d8ed07850;
    %join;
    %pushi/vec4 5, 0, 32;
    %store/vec4 v0000029d8edbb570_0, 0, 32;
    %pushi/vec4 10, 0, 32;
    %store/vec4 v0000029d8edbbc50_0, 0, 32;
    %pushi/vec4 10, 0, 5;
    %store/vec4 v0000029d8edbb6b0_0, 0, 5;
    %pushi/vec4 1, 0, 32;
    %store/vec4 v0000029d8eca3980_0, 0, 32;
    %pushi/vec4 0, 0, 1;
    %store/vec4 v0000029d8eca3660_0, 0, 1;
    %pushi/vec4 0, 0, 1;
    %store/vec4 v0000029d8eca3480_0, 0, 1;
    %pushi/vec4 1, 0, 1;
    %store/vec4 v0000029d8ecb0c20_0, 0, 1;
    %pushi/vec4 0, 0, 1;
    %store/vec4 v0000029d8eca3160_0, 0, 1;
    %fork TD_tb_alu_int.check_res, S_0000029d8ed07850;
    %join;
    %load/vec4 v0000029d8edbbcf0_0;
    %cmpi/e 0, 0, 32;
    %jmp/0xz  T_9.0, 4;
    %vpi_call 2 102 "$display", "tb_alu_int PASSED." {0 0 0};
    %jmp T_9.1;
T_9.0 ;
    %vpi_call 2 104 "$display", "tb_alu_int FAILED with %0d errors.", v0000029d8edbbcf0_0 {0 0 0};
T_9.1 ;
    %vpi_call 2 105 "$finish" {0 0 0};
    %end;
    .thread T_9;
# The file index is used to find the file name in the following table.
:file_names 11;
    "N/A";
    "<interactive>";
    "tb_alu_int.v";
    "alu_int.v";
    "cla_32bit.v";
    "cla_16bit.v";
    "cla_4bit.v";
    "bitwise_unit.v";
    "comparator_unit.v";
    "barrel_shifter.v";
    "sub_32bit.v";
