#! /c/Source/iverilog-install/bin/vvp
:ivl_version "12.0 (devel)" "(s20150603-1539-g2693dd32b)";
:ivl_delay_selection "TYPICAL";
:vpi_time_precision - 12;
:vpi_module "C:\iverilog\lib\ivl\system.vpi";
:vpi_module "C:\iverilog\lib\ivl\vhdl_sys.vpi";
:vpi_module "C:\iverilog\lib\ivl\vhdl_textio.vpi";
:vpi_module "C:\iverilog\lib\ivl\v2005_math.vpi";
:vpi_module "C:\iverilog\lib\ivl\va_math.vpi";
S_000001deb0663db0 .scope module, "cla_32bit" "cla_32bit" 2 3;
 .timescale -9 -12;
    .port_info 0 /INPUT 32 "a";
    .port_info 1 /INPUT 32 "b";
    .port_info 2 /INPUT 1 "cin";
    .port_info 3 /OUTPUT 32 "sum";
    .port_info 4 /OUTPUT 1 "cout";
    .port_info 5 /OUTPUT 1 "overflow";
o000001deb07cf598 .functor BUFZ 1, C4<z>; HiZ drive
L_000001deb07c70b0 .functor AND 1, L_000001deb0856750, o000001deb07cf598, C4<1>, C4<1>;
L_000001deb07c5910 .functor OR 1, L_000001deb0857ab0, L_000001deb07c70b0, C4<0>, C4<0>;
L_000001deb07c6a90 .functor AND 1, L_000001deb0856cf0, L_000001deb07c5910, C4<1>, C4<1>;
L_000001deb07c7040 .functor OR 1, L_000001deb0857b50, L_000001deb07c6a90, C4<0>, C4<0>;
L_000001deb0891c10 .functor XNOR 1, L_000001deb088d170, L_000001deb088ca90, C4<0>, C4<0>;
L_000001deb0891900 .functor XOR 1, L_000001deb088d710, L_000001deb088cb30, C4<0>, C4<0>;
L_000001deb0892bd0 .functor AND 1, L_000001deb0891c10, L_000001deb0891900, C4<1>, C4<1>;
v000001deb0851320_0 .net "G_16", 1 0, L_000001deb088bff0;  1 drivers
v000001deb08516e0_0 .net "P_16", 1 0, L_000001deb088b5f0;  1 drivers
v000001deb0852040_0 .net *"_ivl_1", 0 0, L_000001deb0857ab0;  1 drivers
v000001deb0850b00_0 .net *"_ivl_11", 0 0, L_000001deb0856cf0;  1 drivers
v000001deb08513c0_0 .net *"_ivl_12", 0 0, L_000001deb07c6a90;  1 drivers
v000001deb0851780_0 .net *"_ivl_3", 0 0, L_000001deb0856750;  1 drivers
v000001deb08520e0_0 .net *"_ivl_4", 0 0, L_000001deb07c70b0;  1 drivers
v000001deb08506a0_0 .net *"_ivl_40", 0 0, L_000001deb088d170;  1 drivers
v000001deb0851be0_0 .net *"_ivl_42", 0 0, L_000001deb088ca90;  1 drivers
v000001deb0851820_0 .net *"_ivl_43", 0 0, L_000001deb0891c10;  1 drivers
v000001deb084fde0_0 .net *"_ivl_46", 0 0, L_000001deb088d710;  1 drivers
v000001deb0850ba0_0 .net *"_ivl_48", 0 0, L_000001deb088cb30;  1 drivers
v000001deb0850740_0 .net *"_ivl_49", 0 0, L_000001deb0891900;  1 drivers
v000001deb0851960_0 .net *"_ivl_9", 0 0, L_000001deb0857b50;  1 drivers
o000001deb07d5fb8 .functor BUFZ 32, C4<zzzzzzzzzzzzzzzzzzzzzzzzzzzzzzzz>; HiZ drive
v000001deb0851a00_0 .net "a", 31 0, o000001deb07d5fb8;  0 drivers
o000001deb07d5fe8 .functor BUFZ 32, C4<zzzzzzzzzzzzzzzzzzzzzzzzzzzzzzzz>; HiZ drive
v000001deb0851b40_0 .net "b", 31 0, o000001deb07d5fe8;  0 drivers
v000001deb08509c0_0 .net "c16", 0 0, L_000001deb07c5910;  1 drivers
v000001deb0850420_0 .net "cin", 0 0, o000001deb07cf598;  0 drivers
v000001deb0852180_0 .net "cout", 0 0, L_000001deb07c7040;  1 drivers
v000001deb08524a0_0 .net "overflow", 0 0, L_000001deb0892bd0;  1 drivers
v000001deb0850ce0_0 .net "sum", 31 0, L_000001deb088d030;  1 drivers
L_000001deb0857ab0 .part L_000001deb088bff0, 0, 1;
L_000001deb0856750 .part L_000001deb088b5f0, 0, 1;
L_000001deb0857b50 .part L_000001deb088bff0, 1, 1;
L_000001deb0856cf0 .part L_000001deb088b5f0, 1, 1;
L_000001deb08613d0 .part o000001deb07d5fb8, 0, 16;
L_000001deb0860bb0 .part o000001deb07d5fe8, 0, 16;
L_000001deb088c950 .part o000001deb07d5fb8, 16, 16;
L_000001deb088c1d0 .part o000001deb07d5fe8, 16, 16;
L_000001deb088d030 .concat8 [ 16 16 0 0], L_000001deb085d2d0, L_000001deb088a1f0;
L_000001deb088bff0 .concat8 [ 1 1 0 0], L_000001deb0874cd0, L_000001deb0891b30;
L_000001deb088b5f0 .concat8 [ 1 1 0 0], L_000001deb0861c90, L_000001deb088c770;
L_000001deb088d170 .part o000001deb07d5fb8, 31, 1;
L_000001deb088ca90 .part o000001deb07d5fe8, 31, 1;
L_000001deb088d710 .part L_000001deb088d030, 31, 1;
L_000001deb088cb30 .part o000001deb07d5fb8, 31, 1;
S_000001deb067c6b0 .scope module, "cla_lower" "cla_16bit" 2 28, 3 3 0, S_000001deb0663db0;
 .timescale -9 -12;
    .port_info 0 /INPUT 16 "a";
    .port_info 1 /INPUT 16 "b";
    .port_info 2 /INPUT 1 "cin";
    .port_info 3 /OUTPUT 16 "sum";
    .port_info 4 /OUTPUT 1 "group_G";
    .port_info 5 /OUTPUT 1 "group_P";
    .port_info 6 /OUTPUT 1 "cout";
    .port_info 7 /OUTPUT 1 "overflow";
L_000001deb08711d0 .functor BUFZ 1, o000001deb07cf598, C4<0>, C4<0>, C4<0>;
L_000001deb086ff70 .functor AND 1, L_000001deb085d730, L_000001deb085d550, C4<1>, C4<1>;
L_000001deb08712b0 .functor OR 1, L_000001deb085f670, L_000001deb086ff70, C4<0>, C4<0>;
L_000001deb086fdb0 .functor AND 1, L_000001deb085d5f0, L_000001deb085d690, C4<1>, C4<1>;
L_000001deb0871320 .functor OR 1, L_000001deb085f7b0, L_000001deb086fdb0, C4<0>, C4<0>;
L_000001deb086ffe0 .functor AND 1, L_000001deb085f210, L_000001deb085dcd0, C4<1>, C4<1>;
L_000001deb0870360 .functor AND 1, L_000001deb086ffe0, L_000001deb085d870, C4<1>, C4<1>;
L_000001deb0870050 .functor OR 1, L_000001deb0871320, L_000001deb0870360, C4<0>, C4<0>;
L_000001deb08700c0 .functor AND 1, L_000001deb085e950, L_000001deb085deb0, C4<1>, C4<1>;
L_000001deb0870280 .functor OR 1, L_000001deb085d7d0, L_000001deb08700c0, C4<0>, C4<0>;
L_000001deb08703d0 .functor AND 1, L_000001deb085de10, L_000001deb085d9b0, C4<1>, C4<1>;
L_000001deb0871c50 .functor AND 1, L_000001deb08703d0, L_000001deb085df50, C4<1>, C4<1>;
L_000001deb0871a90 .functor OR 1, L_000001deb0870280, L_000001deb0871c50, C4<0>, C4<0>;
L_000001deb0871be0 .functor AND 1, L_000001deb085e9f0, L_000001deb085e090, C4<1>, C4<1>;
L_000001deb0871780 .functor AND 1, L_000001deb0871be0, L_000001deb085ea90, C4<1>, C4<1>;
L_000001deb08717f0 .functor AND 1, L_000001deb0871780, L_000001deb085eb30, C4<1>, C4<1>;
L_000001deb0871da0 .functor OR 1, L_000001deb0871a90, L_000001deb08717f0, C4<0>, C4<0>;
L_000001deb0871e80 .functor AND 1, L_000001deb085edb0, L_000001deb085ef90, C4<1>, C4<1>;
L_000001deb0871b00 .functor OR 1, L_000001deb085ec70, L_000001deb0871e80, C4<0>, C4<0>;
L_000001deb0871b70 .functor AND 1, L_000001deb085f030, L_000001deb0860b10, C4<1>, C4<1>;
L_000001deb0871d30 .functor AND 1, L_000001deb0871b70, L_000001deb08616f0, C4<1>, C4<1>;
L_000001deb0871cc0 .functor OR 1, L_000001deb0871b00, L_000001deb0871d30, C4<0>, C4<0>;
L_000001deb0871e10 .functor AND 1, L_000001deb0860f70, L_000001deb0860110, C4<1>, C4<1>;
L_000001deb0871a20 .functor AND 1, L_000001deb0871e10, L_000001deb085fa30, C4<1>, C4<1>;
L_000001deb0871860 .functor AND 1, L_000001deb0871a20, L_000001deb0860430, C4<1>, C4<1>;
L_000001deb08718d0 .functor OR 1, L_000001deb0871cc0, L_000001deb0871860, C4<0>, C4<0>;
L_000001deb0871940 .functor AND 1, L_000001deb085fb70, L_000001deb0860390, C4<1>, C4<1>;
L_000001deb08719b0 .functor AND 1, L_000001deb0871940, L_000001deb08618d0, C4<1>, C4<1>;
L_000001deb0874d40 .functor AND 1, L_000001deb08719b0, L_000001deb0861790, C4<1>, C4<1>;
L_000001deb0874b10 .functor AND 1, L_000001deb0874d40, L_000001deb0860750, C4<1>, C4<1>;
L_000001deb08741e0 .functor OR 1, L_000001deb08718d0, L_000001deb0874b10, C4<0>, C4<0>;
L_000001deb0874c60 .functor AND 1, L_000001deb0861b50, L_000001deb0860c50, C4<1>, C4<1>;
L_000001deb08751a0 .functor OR 1, L_000001deb08609d0, L_000001deb0874c60, C4<0>, C4<0>;
L_000001deb0874b80 .functor AND 1, L_000001deb08606b0, L_000001deb0861010, C4<1>, C4<1>;
L_000001deb0875360 .functor AND 1, L_000001deb0874b80, L_000001deb085f8f0, C4<1>, C4<1>;
L_000001deb08753d0 .functor OR 1, L_000001deb08751a0, L_000001deb0875360, C4<0>, C4<0>;
L_000001deb0874bf0 .functor AND 1, L_000001deb0861970, L_000001deb085f990, C4<1>, C4<1>;
L_000001deb0875440 .functor AND 1, L_000001deb0874bf0, L_000001deb0860610, C4<1>, C4<1>;
L_000001deb0875280 .functor AND 1, L_000001deb0875440, L_000001deb0860d90, C4<1>, C4<1>;
L_000001deb0874cd0 .functor OR 1, L_000001deb08753d0, L_000001deb0875280, C4<0>, C4<0>;
L_000001deb08754b0 .functor XNOR 1, L_000001deb08610b0, L_000001deb08607f0, C4<0>, C4<0>;
L_000001deb0875210 .functor XOR 1, L_000001deb0861150, L_000001deb0860890, C4<0>, C4<0>;
L_000001deb0873df0 .functor AND 1, L_000001deb08754b0, L_000001deb0875210, C4<1>, C4<1>;
v000001deb082aab0_0 .net *"_ivl_101", 0 0, L_000001deb0871a90;  1 drivers
v000001deb082b910_0 .net *"_ivl_104", 0 0, L_000001deb085e9f0;  1 drivers
v000001deb082c450_0 .net *"_ivl_106", 0 0, L_000001deb085e090;  1 drivers
v000001deb082b550_0 .net *"_ivl_107", 0 0, L_000001deb0871be0;  1 drivers
v000001deb082beb0_0 .net *"_ivl_110", 0 0, L_000001deb085ea90;  1 drivers
v000001deb082c590_0 .net *"_ivl_111", 0 0, L_000001deb0871780;  1 drivers
v000001deb082bf50_0 .net *"_ivl_114", 0 0, L_000001deb085eb30;  1 drivers
v000001deb082b730_0 .net *"_ivl_115", 0 0, L_000001deb08717f0;  1 drivers
v000001deb082ca90_0 .net *"_ivl_117", 0 0, L_000001deb0871da0;  1 drivers
v000001deb082afb0_0 .net *"_ivl_123", 0 0, L_000001deb085ec70;  1 drivers
v000001deb082b690_0 .net *"_ivl_125", 0 0, L_000001deb085edb0;  1 drivers
v000001deb082b870_0 .net *"_ivl_127", 0 0, L_000001deb085ef90;  1 drivers
v000001deb082b050_0 .net *"_ivl_128", 0 0, L_000001deb0871e80;  1 drivers
v000001deb082cf90_0 .net *"_ivl_130", 0 0, L_000001deb0871b00;  1 drivers
v000001deb082bc30_0 .net *"_ivl_133", 0 0, L_000001deb085f030;  1 drivers
v000001deb082bff0_0 .net *"_ivl_135", 0 0, L_000001deb0860b10;  1 drivers
v000001deb082b370_0 .net *"_ivl_136", 0 0, L_000001deb0871b70;  1 drivers
v000001deb082d030_0 .net *"_ivl_139", 0 0, L_000001deb08616f0;  1 drivers
v000001deb082c130_0 .net *"_ivl_140", 0 0, L_000001deb0871d30;  1 drivers
v000001deb082c1d0_0 .net *"_ivl_142", 0 0, L_000001deb0871cc0;  1 drivers
v000001deb082c270_0 .net *"_ivl_145", 0 0, L_000001deb0860f70;  1 drivers
v000001deb082c310_0 .net *"_ivl_147", 0 0, L_000001deb0860110;  1 drivers
v000001deb082add0_0 .net *"_ivl_148", 0 0, L_000001deb0871e10;  1 drivers
v000001deb082c3b0_0 .net *"_ivl_151", 0 0, L_000001deb085fa30;  1 drivers
v000001deb082ae70_0 .net *"_ivl_152", 0 0, L_000001deb0871a20;  1 drivers
v000001deb082c4f0_0 .net *"_ivl_155", 0 0, L_000001deb0860430;  1 drivers
v000001deb082c630_0 .net *"_ivl_156", 0 0, L_000001deb0871860;  1 drivers
v000001deb082a8d0_0 .net *"_ivl_158", 0 0, L_000001deb08718d0;  1 drivers
v000001deb082af10_0 .net *"_ivl_161", 0 0, L_000001deb085fb70;  1 drivers
v000001deb082c6d0_0 .net *"_ivl_163", 0 0, L_000001deb0860390;  1 drivers
v000001deb082c770_0 .net *"_ivl_164", 0 0, L_000001deb0871940;  1 drivers
v000001deb082c810_0 .net *"_ivl_167", 0 0, L_000001deb08618d0;  1 drivers
v000001deb082c8b0_0 .net *"_ivl_168", 0 0, L_000001deb08719b0;  1 drivers
v000001deb082cb30_0 .net *"_ivl_171", 0 0, L_000001deb0861790;  1 drivers
v000001deb082cc70_0 .net *"_ivl_172", 0 0, L_000001deb0874d40;  1 drivers
v000001deb082cdb0_0 .net *"_ivl_175", 0 0, L_000001deb0860750;  1 drivers
v000001deb082a970_0 .net *"_ivl_176", 0 0, L_000001deb0874b10;  1 drivers
v000001deb082ab50_0 .net *"_ivl_178", 0 0, L_000001deb08741e0;  1 drivers
v000001deb082d3f0_0 .net *"_ivl_183", 0 0, L_000001deb08609d0;  1 drivers
v000001deb082d170_0 .net *"_ivl_185", 0 0, L_000001deb0861b50;  1 drivers
v000001deb082d490_0 .net *"_ivl_187", 0 0, L_000001deb0860c50;  1 drivers
v000001deb082d5d0_0 .net *"_ivl_188", 0 0, L_000001deb0874c60;  1 drivers
v000001deb082d530_0 .net *"_ivl_190", 0 0, L_000001deb08751a0;  1 drivers
v000001deb082d2b0_0 .net *"_ivl_193", 0 0, L_000001deb08606b0;  1 drivers
v000001deb082d670_0 .net *"_ivl_195", 0 0, L_000001deb0861010;  1 drivers
v000001deb082d0d0_0 .net *"_ivl_196", 0 0, L_000001deb0874b80;  1 drivers
v000001deb082d7b0_0 .net *"_ivl_199", 0 0, L_000001deb085f8f0;  1 drivers
v000001deb082d350_0 .net *"_ivl_200", 0 0, L_000001deb0875360;  1 drivers
v000001deb082d710_0 .net *"_ivl_202", 0 0, L_000001deb08753d0;  1 drivers
v000001deb082d210_0 .net *"_ivl_205", 0 0, L_000001deb0861970;  1 drivers
v000001deb0830520_0 .net *"_ivl_207", 0 0, L_000001deb085f990;  1 drivers
v000001deb0830340_0 .net *"_ivl_208", 0 0, L_000001deb0874bf0;  1 drivers
v000001deb0830a20_0 .net *"_ivl_211", 0 0, L_000001deb0860610;  1 drivers
v000001deb0830480_0 .net *"_ivl_212", 0 0, L_000001deb0875440;  1 drivers
v000001deb082e900_0 .net *"_ivl_215", 0 0, L_000001deb0860d90;  1 drivers
v000001deb08307a0_0 .net *"_ivl_216", 0 0, L_000001deb0875280;  1 drivers
v000001deb08302a0_0 .net *"_ivl_223", 0 0, L_000001deb08610b0;  1 drivers
v000001deb082f760_0 .net *"_ivl_225", 0 0, L_000001deb08607f0;  1 drivers
v000001deb082f3a0_0 .net *"_ivl_226", 0 0, L_000001deb08754b0;  1 drivers
v000001deb082e860_0 .net *"_ivl_229", 0 0, L_000001deb0861150;  1 drivers
v000001deb0830840_0 .net *"_ivl_231", 0 0, L_000001deb0860890;  1 drivers
v000001deb082ff80_0 .net *"_ivl_232", 0 0, L_000001deb0875210;  1 drivers
v000001deb08303e0_0 .net *"_ivl_42", 0 0, L_000001deb08711d0;  1 drivers
v000001deb082e9a0_0 .net *"_ivl_46", 0 0, L_000001deb085f670;  1 drivers
v000001deb082ea40_0 .net *"_ivl_48", 0 0, L_000001deb085d730;  1 drivers
v000001deb082f800_0 .net *"_ivl_50", 0 0, L_000001deb085d550;  1 drivers
v000001deb082fc60_0 .net *"_ivl_51", 0 0, L_000001deb086ff70;  1 drivers
v000001deb082efe0_0 .net *"_ivl_53", 0 0, L_000001deb08712b0;  1 drivers
v000001deb0830ac0_0 .net *"_ivl_58", 0 0, L_000001deb085f7b0;  1 drivers
v000001deb082f8a0_0 .net *"_ivl_60", 0 0, L_000001deb085d5f0;  1 drivers
v000001deb082ecc0_0 .net *"_ivl_62", 0 0, L_000001deb085d690;  1 drivers
v000001deb082e5e0_0 .net *"_ivl_63", 0 0, L_000001deb086fdb0;  1 drivers
v000001deb08308e0_0 .net *"_ivl_65", 0 0, L_000001deb0871320;  1 drivers
v000001deb082ed60_0 .net *"_ivl_68", 0 0, L_000001deb085f210;  1 drivers
v000001deb082e7c0_0 .net *"_ivl_70", 0 0, L_000001deb085dcd0;  1 drivers
v000001deb08305c0_0 .net *"_ivl_71", 0 0, L_000001deb086ffe0;  1 drivers
v000001deb082f580_0 .net *"_ivl_74", 0 0, L_000001deb085d870;  1 drivers
v000001deb0830660_0 .net *"_ivl_75", 0 0, L_000001deb0870360;  1 drivers
v000001deb082ee00_0 .net *"_ivl_77", 0 0, L_000001deb0870050;  1 drivers
v000001deb082f620_0 .net *"_ivl_82", 0 0, L_000001deb085d7d0;  1 drivers
v000001deb082eea0_0 .net *"_ivl_84", 0 0, L_000001deb085e950;  1 drivers
v000001deb0830980_0 .net *"_ivl_86", 0 0, L_000001deb085deb0;  1 drivers
v000001deb082f440_0 .net *"_ivl_87", 0 0, L_000001deb08700c0;  1 drivers
v000001deb082f940_0 .net *"_ivl_89", 0 0, L_000001deb0870280;  1 drivers
v000001deb082f6c0_0 .net *"_ivl_92", 0 0, L_000001deb085de10;  1 drivers
v000001deb082f9e0_0 .net *"_ivl_94", 0 0, L_000001deb085d9b0;  1 drivers
v000001deb0830b60_0 .net *"_ivl_95", 0 0, L_000001deb08703d0;  1 drivers
v000001deb082fa80_0 .net *"_ivl_98", 0 0, L_000001deb085df50;  1 drivers
v000001deb082f4e0_0 .net *"_ivl_99", 0 0, L_000001deb0871c50;  1 drivers
v000001deb0830c00_0 .net "a", 15 0, L_000001deb08613d0;  1 drivers
v000001deb0830700_0 .net "b", 15 0, L_000001deb0860bb0;  1 drivers
v000001deb082e4a0_0 .net "c", 4 0, L_000001deb085ebd0;  1 drivers
v000001deb082e540_0 .net "cin", 0 0, o000001deb07cf598;  alias, 0 drivers
v000001deb082fb20_0 .net "cout", 0 0, L_000001deb0860070;  1 drivers
v000001deb082e680_0 .net "gg", 3 0, L_000001deb085e4f0;  1 drivers
v000001deb082fbc0_0 .net "gp", 3 0, L_000001deb085e8b0;  1 drivers
v000001deb082fda0_0 .net "group_G", 0 0, L_000001deb0874cd0;  1 drivers
v000001deb082ef40_0 .net "group_P", 0 0, L_000001deb0861c90;  1 drivers
v000001deb082f080_0 .net "overflow", 0 0, L_000001deb0873df0;  1 drivers
v000001deb082e720_0 .net "sum", 15 0, L_000001deb085d2d0;  1 drivers
L_000001deb0858f50 .part L_000001deb08613d0, 0, 4;
L_000001deb0859d10 .part L_000001deb0860bb0, 0, 4;
L_000001deb0858190 .part L_000001deb085ebd0, 0, 1;
L_000001deb08599f0 .part L_000001deb08613d0, 4, 4;
L_000001deb0859bd0 .part L_000001deb0860bb0, 4, 4;
L_000001deb08587d0 .part L_000001deb085ebd0, 1, 1;
L_000001deb085b890 .part L_000001deb08613d0, 8, 4;
L_000001deb085b070 .part L_000001deb0860bb0, 8, 4;
L_000001deb085cab0 .part L_000001deb085ebd0, 2, 1;
L_000001deb085f530 .part L_000001deb08613d0, 12, 4;
L_000001deb085d190 .part L_000001deb0860bb0, 12, 4;
L_000001deb085f5d0 .part L_000001deb085ebd0, 3, 1;
L_000001deb085d2d0 .concat8 [ 4 4 4 4], L_000001deb07c6b00, L_000001deb086f3a0, L_000001deb0870c20, L_000001deb086ff00;
L_000001deb085e4f0 .concat8 [ 1 1 1 1], L_000001deb07c6320, L_000001deb086e450, L_000001deb0870440, L_000001deb08710f0;
L_000001deb085e8b0 .concat8 [ 1 1 1 1], L_000001deb07c5fa0, L_000001deb086edf0, L_000001deb086e4c0, L_000001deb0871550;
L_000001deb085f670 .part L_000001deb085e4f0, 0, 1;
L_000001deb085d730 .part L_000001deb085e8b0, 0, 1;
L_000001deb085d550 .part L_000001deb085ebd0, 0, 1;
L_000001deb085f7b0 .part L_000001deb085e4f0, 1, 1;
L_000001deb085d5f0 .part L_000001deb085e8b0, 1, 1;
L_000001deb085d690 .part L_000001deb085e4f0, 0, 1;
L_000001deb085f210 .part L_000001deb085e8b0, 1, 1;
L_000001deb085dcd0 .part L_000001deb085e8b0, 0, 1;
L_000001deb085d870 .part L_000001deb085ebd0, 0, 1;
L_000001deb085d7d0 .part L_000001deb085e4f0, 2, 1;
L_000001deb085e950 .part L_000001deb085e8b0, 2, 1;
L_000001deb085deb0 .part L_000001deb085e4f0, 1, 1;
L_000001deb085de10 .part L_000001deb085e8b0, 2, 1;
L_000001deb085d9b0 .part L_000001deb085e8b0, 1, 1;
L_000001deb085df50 .part L_000001deb085e4f0, 0, 1;
L_000001deb085e9f0 .part L_000001deb085e8b0, 2, 1;
L_000001deb085e090 .part L_000001deb085e8b0, 1, 1;
L_000001deb085ea90 .part L_000001deb085e8b0, 0, 1;
L_000001deb085eb30 .part L_000001deb085ebd0, 0, 1;
LS_000001deb085ebd0_0_0 .concat8 [ 1 1 1 1], L_000001deb08711d0, L_000001deb08712b0, L_000001deb0870050, L_000001deb0871da0;
LS_000001deb085ebd0_0_4 .concat8 [ 1 0 0 0], L_000001deb08741e0;
L_000001deb085ebd0 .concat8 [ 4 1 0 0], LS_000001deb085ebd0_0_0, LS_000001deb085ebd0_0_4;
L_000001deb085ec70 .part L_000001deb085e4f0, 3, 1;
L_000001deb085edb0 .part L_000001deb085e8b0, 3, 1;
L_000001deb085ef90 .part L_000001deb085e4f0, 2, 1;
L_000001deb085f030 .part L_000001deb085e8b0, 3, 1;
L_000001deb0860b10 .part L_000001deb085e8b0, 2, 1;
L_000001deb08616f0 .part L_000001deb085e4f0, 1, 1;
L_000001deb0860f70 .part L_000001deb085e8b0, 3, 1;
L_000001deb0860110 .part L_000001deb085e8b0, 2, 1;
L_000001deb085fa30 .part L_000001deb085e8b0, 1, 1;
L_000001deb0860430 .part L_000001deb085e4f0, 0, 1;
L_000001deb085fb70 .part L_000001deb085e8b0, 3, 1;
L_000001deb0860390 .part L_000001deb085e8b0, 2, 1;
L_000001deb08618d0 .part L_000001deb085e8b0, 1, 1;
L_000001deb0861790 .part L_000001deb085e8b0, 0, 1;
L_000001deb0860750 .part L_000001deb085ebd0, 0, 1;
L_000001deb0861c90 .reduce/and L_000001deb085e8b0;
L_000001deb08609d0 .part L_000001deb085e4f0, 3, 1;
L_000001deb0861b50 .part L_000001deb085e8b0, 3, 1;
L_000001deb0860c50 .part L_000001deb085e4f0, 2, 1;
L_000001deb08606b0 .part L_000001deb085e8b0, 3, 1;
L_000001deb0861010 .part L_000001deb085e8b0, 2, 1;
L_000001deb085f8f0 .part L_000001deb085e4f0, 1, 1;
L_000001deb0861970 .part L_000001deb085e8b0, 3, 1;
L_000001deb085f990 .part L_000001deb085e8b0, 2, 1;
L_000001deb0860610 .part L_000001deb085e8b0, 1, 1;
L_000001deb0860d90 .part L_000001deb085e4f0, 0, 1;
L_000001deb0860070 .part L_000001deb085ebd0, 4, 1;
L_000001deb08610b0 .part L_000001deb08613d0, 15, 1;
L_000001deb08607f0 .part L_000001deb0860bb0, 15, 1;
L_000001deb0861150 .part L_000001deb085d2d0, 15, 1;
L_000001deb0860890 .part L_000001deb08613d0, 15, 1;
S_000001deb067c840 .scope generate, "cla4_blocks[0]" "cla4_blocks[0]" 3 32, 3 32 0, S_000001deb067c6b0;
 .timescale -9 -12;
P_000001deb07b9fd0 .param/l "i" 0 3 32, +C4<00>;
S_000001deb066e180 .scope module, "block" "cla_4bit" 3 33, 4 3 0, S_000001deb067c840;
 .timescale -9 -12;
    .port_info 0 /INPUT 4 "a";
    .port_info 1 /INPUT 4 "b";
    .port_info 2 /INPUT 1 "cin";
    .port_info 3 /OUTPUT 4 "sum";
    .port_info 4 /OUTPUT 1 "group_G";
    .port_info 5 /OUTPUT 1 "group_P";
    .port_info 6 /OUTPUT 1 "cout";
L_000001deb07c61d0 .functor AND 4, L_000001deb0858f50, L_000001deb0859d10, C4<1111>, C4<1111>;
L_000001deb07c5750 .functor XOR 4, L_000001deb0858f50, L_000001deb0859d10, C4<0000>, C4<0000>;
L_000001deb07c6cc0 .functor BUFZ 1, L_000001deb0858190, C4<0>, C4<0>, C4<0>;
L_000001deb07c5de0 .functor AND 1, L_000001deb0855c10, L_000001deb0856570, C4<1>, C4<1>;
L_000001deb07c5e50 .functor OR 1, L_000001deb08564d0, L_000001deb07c5de0, C4<0>, C4<0>;
L_000001deb07c6080 .functor AND 1, L_000001deb0857010, L_000001deb0855df0, C4<1>, C4<1>;
L_000001deb07c66a0 .functor OR 1, L_000001deb0855cb0, L_000001deb07c6080, C4<0>, C4<0>;
L_000001deb07c6390 .functor AND 1, L_000001deb0855990, L_000001deb08558f0, C4<1>, C4<1>;
L_000001deb07c6550 .functor AND 1, L_000001deb07c6390, L_000001deb0857fb0, C4<1>, C4<1>;
L_000001deb07c65c0 .functor OR 1, L_000001deb07c66a0, L_000001deb07c6550, C4<0>, C4<0>;
L_000001deb07c7200 .functor AND 1, L_000001deb0857bf0, L_000001deb0857150, C4<1>, C4<1>;
L_000001deb07c5c20 .functor OR 1, L_000001deb0857510, L_000001deb07c7200, C4<0>, C4<0>;
L_000001deb07c57c0 .functor AND 1, L_000001deb08566b0, L_000001deb0856250, C4<1>, C4<1>;
L_000001deb07c7120 .functor AND 1, L_000001deb07c57c0, L_000001deb0857790, C4<1>, C4<1>;
L_000001deb07c5980 .functor OR 1, L_000001deb07c5c20, L_000001deb07c7120, C4<0>, C4<0>;
L_000001deb07c5ec0 .functor AND 1, L_000001deb0857650, L_000001deb0856b10, C4<1>, C4<1>;
L_000001deb07c6fd0 .functor AND 1, L_000001deb07c5ec0, L_000001deb0857830, C4<1>, C4<1>;
L_000001deb07c5830 .functor AND 1, L_000001deb07c6fd0, L_000001deb0856390, C4<1>, C4<1>;
L_000001deb07c5d70 .functor OR 1, L_000001deb07c5980, L_000001deb07c5830, C4<0>, C4<0>;
L_000001deb07c6710 .functor AND 1, L_000001deb08571f0, L_000001deb08561b0, C4<1>, C4<1>;
L_000001deb07c6a20 .functor OR 1, L_000001deb0856bb0, L_000001deb07c6710, C4<0>, C4<0>;
L_000001deb07c62b0 .functor AND 1, L_000001deb08567f0, L_000001deb08575b0, C4<1>, C4<1>;
L_000001deb07c5c90 .functor AND 1, L_000001deb07c62b0, L_000001deb0857c90, C4<1>, C4<1>;
L_000001deb07c6630 .functor OR 1, L_000001deb07c6a20, L_000001deb07c5c90, C4<0>, C4<0>;
L_000001deb07c7190 .functor AND 1, L_000001deb0856610, L_000001deb0855d50, C4<1>, C4<1>;
L_000001deb07c58a0 .functor AND 1, L_000001deb07c7190, L_000001deb0855e90, C4<1>, C4<1>;
L_000001deb07c59f0 .functor AND 1, L_000001deb07c58a0, L_000001deb0857970, C4<1>, C4<1>;
L_000001deb07c5a60 .functor OR 1, L_000001deb07c6630, L_000001deb07c59f0, C4<0>, C4<0>;
L_000001deb07c5670 .functor AND 1, L_000001deb0857d30, L_000001deb0855b70, C4<1>, C4<1>;
L_000001deb07c6d30 .functor AND 1, L_000001deb07c5670, L_000001deb0855f30, C4<1>, C4<1>;
L_000001deb07c5ad0 .functor AND 1, L_000001deb07c6d30, L_000001deb0856890, C4<1>, C4<1>;
L_000001deb07c5b40 .functor AND 1, L_000001deb07c5ad0, L_000001deb0856930, C4<1>, C4<1>;
L_000001deb07c5f30 .functor OR 1, L_000001deb07c5a60, L_000001deb07c5b40, C4<0>, C4<0>;
L_000001deb07c5bb0 .functor AND 1, L_000001deb0857290, L_000001deb08569d0, C4<1>, C4<1>;
L_000001deb07c5d00 .functor AND 1, L_000001deb07c5bb0, L_000001deb0857f10, C4<1>, C4<1>;
L_000001deb07c5fa0 .functor AND 1, L_000001deb07c5d00, L_000001deb0855fd0, C4<1>, C4<1>;
L_000001deb07c6010 .functor AND 1, L_000001deb0857dd0, L_000001deb0855a30, C4<1>, C4<1>;
L_000001deb07c6400 .functor OR 1, L_000001deb0856a70, L_000001deb07c6010, C4<0>, C4<0>;
L_000001deb07c69b0 .functor AND 1, L_000001deb0855850, L_000001deb08573d0, C4<1>, C4<1>;
L_000001deb07c6780 .functor AND 1, L_000001deb07c69b0, L_000001deb0856e30, C4<1>, C4<1>;
L_000001deb07c60f0 .functor OR 1, L_000001deb07c6400, L_000001deb07c6780, C4<0>, C4<0>;
L_000001deb07c6160 .functor AND 1, L_000001deb0857330, L_000001deb0856c50, C4<1>, C4<1>;
L_000001deb07c67f0 .functor AND 1, L_000001deb07c6160, L_000001deb0856ed0, C4<1>, C4<1>;
L_000001deb07c6240 .functor AND 1, L_000001deb07c67f0, L_000001deb0855ad0, C4<1>, C4<1>;
L_000001deb07c6320 .functor OR 1, L_000001deb07c60f0, L_000001deb07c6240, C4<0>, C4<0>;
L_000001deb07c6b00 .functor XOR 4, L_000001deb07c5750, L_000001deb0857a10, C4<0000>, C4<0000>;
v000001deb0789fd0_0 .net *"_ivl_100", 0 0, L_000001deb08575b0;  1 drivers
v000001deb078b010_0 .net *"_ivl_101", 0 0, L_000001deb07c62b0;  1 drivers
v000001deb078bf10_0 .net *"_ivl_104", 0 0, L_000001deb0857c90;  1 drivers
v000001deb078a390_0 .net *"_ivl_105", 0 0, L_000001deb07c5c90;  1 drivers
v000001deb078bc90_0 .net *"_ivl_107", 0 0, L_000001deb07c6630;  1 drivers
v000001deb078bd30_0 .net *"_ivl_11", 0 0, L_000001deb08564d0;  1 drivers
v000001deb078bdd0_0 .net *"_ivl_110", 0 0, L_000001deb0856610;  1 drivers
v000001deb078a890_0 .net *"_ivl_112", 0 0, L_000001deb0855d50;  1 drivers
v000001deb078b510_0 .net *"_ivl_113", 0 0, L_000001deb07c7190;  1 drivers
v000001deb078bfb0_0 .net *"_ivl_116", 0 0, L_000001deb0855e90;  1 drivers
v000001deb078a9d0_0 .net *"_ivl_117", 0 0, L_000001deb07c58a0;  1 drivers
v000001deb0789d50_0 .net *"_ivl_120", 0 0, L_000001deb0857970;  1 drivers
v000001deb078ad90_0 .net *"_ivl_121", 0 0, L_000001deb07c59f0;  1 drivers
v000001deb078ac50_0 .net *"_ivl_123", 0 0, L_000001deb07c5a60;  1 drivers
v000001deb078c050_0 .net *"_ivl_126", 0 0, L_000001deb0857d30;  1 drivers
v000001deb0789c10_0 .net *"_ivl_128", 0 0, L_000001deb0855b70;  1 drivers
v000001deb078ab10_0 .net *"_ivl_129", 0 0, L_000001deb07c5670;  1 drivers
v000001deb078abb0_0 .net *"_ivl_13", 0 0, L_000001deb0855c10;  1 drivers
v000001deb07898f0_0 .net *"_ivl_132", 0 0, L_000001deb0855f30;  1 drivers
v000001deb0789990_0 .net *"_ivl_133", 0 0, L_000001deb07c6d30;  1 drivers
v000001deb0789cb0_0 .net *"_ivl_136", 0 0, L_000001deb0856890;  1 drivers
v000001deb0789df0_0 .net *"_ivl_137", 0 0, L_000001deb07c5ad0;  1 drivers
v000001deb078a070_0 .net *"_ivl_140", 0 0, L_000001deb0856930;  1 drivers
v000001deb078a250_0 .net *"_ivl_141", 0 0, L_000001deb07c5b40;  1 drivers
v000001deb078a110_0 .net *"_ivl_143", 0 0, L_000001deb07c5f30;  1 drivers
v000001deb078acf0_0 .net *"_ivl_146", 0 0, L_000001deb0857290;  1 drivers
v000001deb078ae30_0 .net *"_ivl_148", 0 0, L_000001deb08569d0;  1 drivers
v000001deb078c910_0 .net *"_ivl_149", 0 0, L_000001deb07c5bb0;  1 drivers
v000001deb078c0f0_0 .net *"_ivl_15", 0 0, L_000001deb0856570;  1 drivers
v000001deb078d590_0 .net *"_ivl_152", 0 0, L_000001deb0857f10;  1 drivers
v000001deb072f480_0 .net *"_ivl_153", 0 0, L_000001deb07c5d00;  1 drivers
v000001deb072f840_0 .net *"_ivl_156", 0 0, L_000001deb0855fd0;  1 drivers
v000001deb07307e0_0 .net *"_ivl_16", 0 0, L_000001deb07c5de0;  1 drivers
v000001deb07494f0_0 .net *"_ivl_160", 0 0, L_000001deb0856a70;  1 drivers
v000001deb0747470_0 .net *"_ivl_162", 0 0, L_000001deb0857dd0;  1 drivers
v000001deb0747f10_0 .net *"_ivl_164", 0 0, L_000001deb0855a30;  1 drivers
v000001deb07649e0_0 .net *"_ivl_165", 0 0, L_000001deb07c6010;  1 drivers
v000001deb0765700_0 .net *"_ivl_167", 0 0, L_000001deb07c6400;  1 drivers
v000001deb0763c20_0 .net *"_ivl_170", 0 0, L_000001deb0855850;  1 drivers
v000001deb070ade0_0 .net *"_ivl_172", 0 0, L_000001deb08573d0;  1 drivers
v000001deb070bce0_0 .net *"_ivl_173", 0 0, L_000001deb07c69b0;  1 drivers
v000001deb070c000_0 .net *"_ivl_176", 0 0, L_000001deb0856e30;  1 drivers
v000001deb08228e0_0 .net *"_ivl_177", 0 0, L_000001deb07c6780;  1 drivers
v000001deb08234c0_0 .net *"_ivl_179", 0 0, L_000001deb07c60f0;  1 drivers
v000001deb0822a20_0 .net *"_ivl_18", 0 0, L_000001deb07c5e50;  1 drivers
v000001deb0822980_0 .net *"_ivl_182", 0 0, L_000001deb0857330;  1 drivers
v000001deb0822d40_0 .net *"_ivl_184", 0 0, L_000001deb0856c50;  1 drivers
v000001deb0823ce0_0 .net *"_ivl_185", 0 0, L_000001deb07c6160;  1 drivers
v000001deb0822ac0_0 .net *"_ivl_188", 0 0, L_000001deb0856ed0;  1 drivers
v000001deb0824780_0 .net *"_ivl_189", 0 0, L_000001deb07c67f0;  1 drivers
v000001deb0824be0_0 .net *"_ivl_192", 0 0, L_000001deb0855ad0;  1 drivers
v000001deb0822840_0 .net *"_ivl_193", 0 0, L_000001deb07c6240;  1 drivers
v000001deb0823380_0 .net *"_ivl_198", 3 0, L_000001deb0857a10;  1 drivers
v000001deb0822de0_0 .net *"_ivl_23", 0 0, L_000001deb0855cb0;  1 drivers
v000001deb0823c40_0 .net *"_ivl_25", 0 0, L_000001deb0857010;  1 drivers
v000001deb0824500_0 .net *"_ivl_27", 0 0, L_000001deb0855df0;  1 drivers
v000001deb0822e80_0 .net *"_ivl_28", 0 0, L_000001deb07c6080;  1 drivers
v000001deb08236a0_0 .net *"_ivl_30", 0 0, L_000001deb07c66a0;  1 drivers
v000001deb0822b60_0 .net *"_ivl_33", 0 0, L_000001deb0855990;  1 drivers
v000001deb0823740_0 .net *"_ivl_35", 0 0, L_000001deb08558f0;  1 drivers
v000001deb0824820_0 .net *"_ivl_36", 0 0, L_000001deb07c6390;  1 drivers
v000001deb0822f20_0 .net *"_ivl_39", 0 0, L_000001deb0857fb0;  1 drivers
v000001deb0824320_0 .net *"_ivl_40", 0 0, L_000001deb07c6550;  1 drivers
v000001deb08239c0_0 .net *"_ivl_42", 0 0, L_000001deb07c65c0;  1 drivers
v000001deb0822520_0 .net *"_ivl_47", 0 0, L_000001deb0857510;  1 drivers
v000001deb08232e0_0 .net *"_ivl_49", 0 0, L_000001deb0857bf0;  1 drivers
v000001deb0822fc0_0 .net *"_ivl_51", 0 0, L_000001deb0857150;  1 drivers
v000001deb08241e0_0 .net *"_ivl_52", 0 0, L_000001deb07c7200;  1 drivers
v000001deb08248c0_0 .net *"_ivl_54", 0 0, L_000001deb07c5c20;  1 drivers
v000001deb0823d80_0 .net *"_ivl_57", 0 0, L_000001deb08566b0;  1 drivers
v000001deb0824c80_0 .net *"_ivl_59", 0 0, L_000001deb0856250;  1 drivers
v000001deb0823240_0 .net *"_ivl_60", 0 0, L_000001deb07c57c0;  1 drivers
v000001deb0822c00_0 .net *"_ivl_63", 0 0, L_000001deb0857790;  1 drivers
v000001deb08225c0_0 .net *"_ivl_64", 0 0, L_000001deb07c7120;  1 drivers
v000001deb0823420_0 .net *"_ivl_66", 0 0, L_000001deb07c5980;  1 drivers
v000001deb0823060_0 .net *"_ivl_69", 0 0, L_000001deb0857650;  1 drivers
v000001deb0822700_0 .net *"_ivl_7", 0 0, L_000001deb07c6cc0;  1 drivers
v000001deb08227a0_0 .net *"_ivl_71", 0 0, L_000001deb0856b10;  1 drivers
v000001deb0824960_0 .net *"_ivl_72", 0 0, L_000001deb07c5ec0;  1 drivers
v000001deb0824aa0_0 .net *"_ivl_75", 0 0, L_000001deb0857830;  1 drivers
v000001deb08245a0_0 .net *"_ivl_76", 0 0, L_000001deb07c6fd0;  1 drivers
v000001deb0822ca0_0 .net *"_ivl_79", 0 0, L_000001deb0856390;  1 drivers
v000001deb0824a00_0 .net *"_ivl_80", 0 0, L_000001deb07c5830;  1 drivers
v000001deb08243c0_0 .net *"_ivl_82", 0 0, L_000001deb07c5d70;  1 drivers
v000001deb08237e0_0 .net *"_ivl_88", 0 0, L_000001deb0856bb0;  1 drivers
v000001deb0823f60_0 .net *"_ivl_90", 0 0, L_000001deb08571f0;  1 drivers
v000001deb0822660_0 .net *"_ivl_92", 0 0, L_000001deb08561b0;  1 drivers
v000001deb0823100_0 .net *"_ivl_93", 0 0, L_000001deb07c6710;  1 drivers
v000001deb08231a0_0 .net *"_ivl_95", 0 0, L_000001deb07c6a20;  1 drivers
v000001deb0823560_0 .net *"_ivl_98", 0 0, L_000001deb08567f0;  1 drivers
v000001deb0824b40_0 .net "a", 3 0, L_000001deb0858f50;  1 drivers
v000001deb0823600_0 .net "b", 3 0, L_000001deb0859d10;  1 drivers
v000001deb0823880_0 .net "c", 4 0, L_000001deb08562f0;  1 drivers
v000001deb0823ba0_0 .net "cin", 0 0, L_000001deb0858190;  1 drivers
v000001deb0823920_0 .net "cout", 0 0, L_000001deb0857470;  1 drivers
v000001deb0823a60_0 .net "g", 3 0, L_000001deb07c61d0;  1 drivers
v000001deb0823b00_0 .net "group_G", 0 0, L_000001deb07c6320;  1 drivers
v000001deb0823e20_0 .net "group_P", 0 0, L_000001deb07c5fa0;  1 drivers
v000001deb0824140_0 .net "p", 3 0, L_000001deb07c5750;  1 drivers
v000001deb0823ec0_0 .net "sum", 3 0, L_000001deb07c6b00;  1 drivers
L_000001deb08564d0 .part L_000001deb07c61d0, 0, 1;
L_000001deb0855c10 .part L_000001deb07c5750, 0, 1;
L_000001deb0856570 .part L_000001deb08562f0, 0, 1;
L_000001deb0855cb0 .part L_000001deb07c61d0, 1, 1;
L_000001deb0857010 .part L_000001deb07c5750, 1, 1;
L_000001deb0855df0 .part L_000001deb07c61d0, 0, 1;
L_000001deb0855990 .part L_000001deb07c5750, 1, 1;
L_000001deb08558f0 .part L_000001deb07c5750, 0, 1;
L_000001deb0857fb0 .part L_000001deb08562f0, 0, 1;
L_000001deb0857510 .part L_000001deb07c61d0, 2, 1;
L_000001deb0857bf0 .part L_000001deb07c5750, 2, 1;
L_000001deb0857150 .part L_000001deb07c61d0, 1, 1;
L_000001deb08566b0 .part L_000001deb07c5750, 2, 1;
L_000001deb0856250 .part L_000001deb07c5750, 1, 1;
L_000001deb0857790 .part L_000001deb07c61d0, 0, 1;
L_000001deb0857650 .part L_000001deb07c5750, 2, 1;
L_000001deb0856b10 .part L_000001deb07c5750, 1, 1;
L_000001deb0857830 .part L_000001deb07c5750, 0, 1;
L_000001deb0856390 .part L_000001deb08562f0, 0, 1;
LS_000001deb08562f0_0_0 .concat8 [ 1 1 1 1], L_000001deb07c6cc0, L_000001deb07c5e50, L_000001deb07c65c0, L_000001deb07c5d70;
LS_000001deb08562f0_0_4 .concat8 [ 1 0 0 0], L_000001deb07c5f30;
L_000001deb08562f0 .concat8 [ 4 1 0 0], LS_000001deb08562f0_0_0, LS_000001deb08562f0_0_4;
L_000001deb0856bb0 .part L_000001deb07c61d0, 3, 1;
L_000001deb08571f0 .part L_000001deb07c5750, 3, 1;
L_000001deb08561b0 .part L_000001deb07c61d0, 2, 1;
L_000001deb08567f0 .part L_000001deb07c5750, 3, 1;
L_000001deb08575b0 .part L_000001deb07c5750, 2, 1;
L_000001deb0857c90 .part L_000001deb07c61d0, 1, 1;
L_000001deb0856610 .part L_000001deb07c5750, 3, 1;
L_000001deb0855d50 .part L_000001deb07c5750, 2, 1;
L_000001deb0855e90 .part L_000001deb07c5750, 1, 1;
L_000001deb0857970 .part L_000001deb07c61d0, 0, 1;
L_000001deb0857d30 .part L_000001deb07c5750, 3, 1;
L_000001deb0855b70 .part L_000001deb07c5750, 2, 1;
L_000001deb0855f30 .part L_000001deb07c5750, 1, 1;
L_000001deb0856890 .part L_000001deb07c5750, 0, 1;
L_000001deb0856930 .part L_000001deb08562f0, 0, 1;
L_000001deb0857290 .part L_000001deb07c5750, 3, 1;
L_000001deb08569d0 .part L_000001deb07c5750, 2, 1;
L_000001deb0857f10 .part L_000001deb07c5750, 1, 1;
L_000001deb0855fd0 .part L_000001deb07c5750, 0, 1;
L_000001deb0856a70 .part L_000001deb07c61d0, 3, 1;
L_000001deb0857dd0 .part L_000001deb07c5750, 3, 1;
L_000001deb0855a30 .part L_000001deb07c61d0, 2, 1;
L_000001deb0855850 .part L_000001deb07c5750, 3, 1;
L_000001deb08573d0 .part L_000001deb07c5750, 2, 1;
L_000001deb0856e30 .part L_000001deb07c61d0, 1, 1;
L_000001deb0857330 .part L_000001deb07c5750, 3, 1;
L_000001deb0856c50 .part L_000001deb07c5750, 2, 1;
L_000001deb0856ed0 .part L_000001deb07c5750, 1, 1;
L_000001deb0855ad0 .part L_000001deb07c61d0, 0, 1;
L_000001deb0857a10 .part L_000001deb08562f0, 0, 4;
L_000001deb0857470 .part L_000001deb08562f0, 4, 1;
S_000001deb066e310 .scope generate, "cla4_blocks[1]" "cla4_blocks[1]" 3 32, 3 32 0, S_000001deb067c6b0;
 .timescale -9 -12;
P_000001deb07b9a50 .param/l "i" 0 3 32, +C4<01>;
S_000001deb065aa50 .scope module, "block" "cla_4bit" 3 33, 4 3 0, S_000001deb066e310;
 .timescale -9 -12;
    .port_info 0 /INPUT 4 "a";
    .port_info 1 /INPUT 4 "b";
    .port_info 2 /INPUT 1 "cin";
    .port_info 3 /OUTPUT 4 "sum";
    .port_info 4 /OUTPUT 1 "group_G";
    .port_info 5 /OUTPUT 1 "group_P";
    .port_info 6 /OUTPUT 1 "cout";
L_000001deb07c6ef0 .functor AND 4, L_000001deb08599f0, L_000001deb0859bd0, C4<1111>, C4<1111>;
L_000001deb07c6860 .functor XOR 4, L_000001deb08599f0, L_000001deb0859bd0, C4<0000>, C4<0000>;
L_000001deb07c68d0 .functor BUFZ 1, L_000001deb08587d0, C4<0>, C4<0>, C4<0>;
L_000001deb07c6940 .functor AND 1, L_000001deb0859450, L_000001deb085a3f0, C4<1>, C4<1>;
L_000001deb07c6b70 .functor OR 1, L_000001deb08591d0, L_000001deb07c6940, C4<0>, C4<0>;
L_000001deb07c6be0 .functor AND 1, L_000001deb0858230, L_000001deb0859c70, C4<1>, C4<1>;
L_000001deb07c6c50 .functor OR 1, L_000001deb0858370, L_000001deb07c6be0, C4<0>, C4<0>;
L_000001deb07c6da0 .functor AND 1, L_000001deb0858cd0, L_000001deb0858af0, C4<1>, C4<1>;
L_000001deb07c6e80 .functor AND 1, L_000001deb07c6da0, L_000001deb0859090, C4<1>, C4<1>;
L_000001deb07c6e10 .functor OR 1, L_000001deb07c6c50, L_000001deb07c6e80, C4<0>, C4<0>;
L_000001deb07c7270 .functor AND 1, L_000001deb0859770, L_000001deb0858eb0, C4<1>, C4<1>;
L_000001deb07c7350 .functor OR 1, L_000001deb0858870, L_000001deb07c7270, C4<0>, C4<0>;
L_000001deb07c72e0 .functor AND 1, L_000001deb085a350, L_000001deb0858910, C4<1>, C4<1>;
L_000001deb07c7510 .functor AND 1, L_000001deb07c72e0, L_000001deb0858050, C4<1>, C4<1>;
L_000001deb07c73c0 .functor OR 1, L_000001deb07c7350, L_000001deb07c7510, C4<0>, C4<0>;
L_000001deb07c7430 .functor AND 1, L_000001deb085a670, L_000001deb0859810, C4<1>, C4<1>;
L_000001deb07c74a0 .functor AND 1, L_000001deb07c7430, L_000001deb0859e50, C4<1>, C4<1>;
L_000001deb07c7580 .functor AND 1, L_000001deb07c74a0, L_000001deb08584b0, C4<1>, C4<1>;
L_000001deb07c6f60 .functor OR 1, L_000001deb07c73c0, L_000001deb07c7580, C4<0>, C4<0>;
L_000001deb07934f0 .functor AND 1, L_000001deb085a5d0, L_000001deb0859a90, C4<1>, C4<1>;
L_000001deb0793790 .functor OR 1, L_000001deb0859310, L_000001deb07934f0, C4<0>, C4<0>;
L_000001deb086ef40 .functor AND 1, L_000001deb08582d0, L_000001deb08598b0, C4<1>, C4<1>;
L_000001deb086e220 .functor AND 1, L_000001deb086ef40, L_000001deb0859f90, C4<1>, C4<1>;
L_000001deb086e990 .functor OR 1, L_000001deb0793790, L_000001deb086e220, C4<0>, C4<0>;
L_000001deb086e290 .functor AND 1, L_000001deb0858ff0, L_000001deb0858730, C4<1>, C4<1>;
L_000001deb086e0d0 .functor AND 1, L_000001deb086e290, L_000001deb0858d70, C4<1>, C4<1>;
L_000001deb086e680 .functor AND 1, L_000001deb086e0d0, L_000001deb0859130, C4<1>, C4<1>;
L_000001deb086f5d0 .functor OR 1, L_000001deb086e990, L_000001deb086e680, C4<0>, C4<0>;
L_000001deb086f480 .functor AND 1, L_000001deb0858e10, L_000001deb0858c30, C4<1>, C4<1>;
L_000001deb086f9c0 .functor AND 1, L_000001deb086f480, L_000001deb0859270, C4<1>, C4<1>;
L_000001deb086f250 .functor AND 1, L_000001deb086f9c0, L_000001deb0859ef0, C4<1>, C4<1>;
L_000001deb086e760 .functor AND 1, L_000001deb086f250, L_000001deb0858550, C4<1>, C4<1>;
L_000001deb086ed10 .functor OR 1, L_000001deb086f5d0, L_000001deb086e760, C4<0>, C4<0>;
L_000001deb086fa30 .functor AND 1, L_000001deb08593b0, L_000001deb085a030, C4<1>, C4<1>;
L_000001deb086ed80 .functor AND 1, L_000001deb086fa30, L_000001deb085a0d0, C4<1>, C4<1>;
L_000001deb086edf0 .functor AND 1, L_000001deb086ed80, L_000001deb085a490, C4<1>, C4<1>;
L_000001deb086f090 .functor AND 1, L_000001deb085a170, L_000001deb085a210, C4<1>, C4<1>;
L_000001deb086e530 .functor OR 1, L_000001deb08594f0, L_000001deb086f090, C4<0>, C4<0>;
L_000001deb086f800 .functor AND 1, L_000001deb0858410, L_000001deb08585f0, C4<1>, C4<1>;
L_000001deb086faa0 .functor AND 1, L_000001deb086f800, L_000001deb0859590, C4<1>, C4<1>;
L_000001deb086ebc0 .functor OR 1, L_000001deb086e530, L_000001deb086faa0, C4<0>, C4<0>;
L_000001deb086ee60 .functor AND 1, L_000001deb0859630, L_000001deb085a530, C4<1>, C4<1>;
L_000001deb086f330 .functor AND 1, L_000001deb086ee60, L_000001deb0858690, C4<1>, C4<1>;
L_000001deb086efb0 .functor AND 1, L_000001deb086f330, L_000001deb08596d0, C4<1>, C4<1>;
L_000001deb086e450 .functor OR 1, L_000001deb086ebc0, L_000001deb086efb0, C4<0>, C4<0>;
L_000001deb086f3a0 .functor XOR 4, L_000001deb07c6860, L_000001deb0859950, C4<0000>, C4<0000>;
v000001deb0824000_0 .net *"_ivl_100", 0 0, L_000001deb08598b0;  1 drivers
v000001deb08240a0_0 .net *"_ivl_101", 0 0, L_000001deb086ef40;  1 drivers
v000001deb0824280_0 .net *"_ivl_104", 0 0, L_000001deb0859f90;  1 drivers
v000001deb0824460_0 .net *"_ivl_105", 0 0, L_000001deb086e220;  1 drivers
v000001deb0824640_0 .net *"_ivl_107", 0 0, L_000001deb086e990;  1 drivers
v000001deb08246e0_0 .net *"_ivl_11", 0 0, L_000001deb08591d0;  1 drivers
v000001deb0824f00_0 .net *"_ivl_110", 0 0, L_000001deb0858ff0;  1 drivers
v000001deb0825180_0 .net *"_ivl_112", 0 0, L_000001deb0858730;  1 drivers
v000001deb0825400_0 .net *"_ivl_113", 0 0, L_000001deb086e290;  1 drivers
v000001deb0825220_0 .net *"_ivl_116", 0 0, L_000001deb0858d70;  1 drivers
v000001deb0824d20_0 .net *"_ivl_117", 0 0, L_000001deb086e0d0;  1 drivers
v000001deb0824dc0_0 .net *"_ivl_120", 0 0, L_000001deb0859130;  1 drivers
v000001deb0825360_0 .net *"_ivl_121", 0 0, L_000001deb086e680;  1 drivers
v000001deb08252c0_0 .net *"_ivl_123", 0 0, L_000001deb086f5d0;  1 drivers
v000001deb0824fa0_0 .net *"_ivl_126", 0 0, L_000001deb0858e10;  1 drivers
v000001deb0825040_0 .net *"_ivl_128", 0 0, L_000001deb0858c30;  1 drivers
v000001deb0824e60_0 .net *"_ivl_129", 0 0, L_000001deb086f480;  1 drivers
v000001deb08250e0_0 .net *"_ivl_13", 0 0, L_000001deb0859450;  1 drivers
v000001deb081d8e0_0 .net *"_ivl_132", 0 0, L_000001deb0859270;  1 drivers
v000001deb081e9c0_0 .net *"_ivl_133", 0 0, L_000001deb086f9c0;  1 drivers
v000001deb081d980_0 .net *"_ivl_136", 0 0, L_000001deb0859ef0;  1 drivers
v000001deb081d7a0_0 .net *"_ivl_137", 0 0, L_000001deb086f250;  1 drivers
v000001deb081fa00_0 .net *"_ivl_140", 0 0, L_000001deb0858550;  1 drivers
v000001deb081ec40_0 .net *"_ivl_141", 0 0, L_000001deb086e760;  1 drivers
v000001deb081e560_0 .net *"_ivl_143", 0 0, L_000001deb086ed10;  1 drivers
v000001deb081d840_0 .net *"_ivl_146", 0 0, L_000001deb08593b0;  1 drivers
v000001deb081da20_0 .net *"_ivl_148", 0 0, L_000001deb085a030;  1 drivers
v000001deb081dc00_0 .net *"_ivl_149", 0 0, L_000001deb086fa30;  1 drivers
v000001deb081f500_0 .net *"_ivl_15", 0 0, L_000001deb085a3f0;  1 drivers
v000001deb081e6a0_0 .net *"_ivl_152", 0 0, L_000001deb085a0d0;  1 drivers
v000001deb081ee20_0 .net *"_ivl_153", 0 0, L_000001deb086ed80;  1 drivers
v000001deb081dac0_0 .net *"_ivl_156", 0 0, L_000001deb085a490;  1 drivers
v000001deb081e4c0_0 .net *"_ivl_16", 0 0, L_000001deb07c6940;  1 drivers
v000001deb081db60_0 .net *"_ivl_160", 0 0, L_000001deb08594f0;  1 drivers
v000001deb081dca0_0 .net *"_ivl_162", 0 0, L_000001deb085a170;  1 drivers
v000001deb081dd40_0 .net *"_ivl_164", 0 0, L_000001deb085a210;  1 drivers
v000001deb081ece0_0 .net *"_ivl_165", 0 0, L_000001deb086f090;  1 drivers
v000001deb081dde0_0 .net *"_ivl_167", 0 0, L_000001deb086e530;  1 drivers
v000001deb081f780_0 .net *"_ivl_170", 0 0, L_000001deb0858410;  1 drivers
v000001deb081fbe0_0 .net *"_ivl_172", 0 0, L_000001deb08585f0;  1 drivers
v000001deb081de80_0 .net *"_ivl_173", 0 0, L_000001deb086f800;  1 drivers
v000001deb081e380_0 .net *"_ivl_176", 0 0, L_000001deb0859590;  1 drivers
v000001deb081df20_0 .net *"_ivl_177", 0 0, L_000001deb086faa0;  1 drivers
v000001deb081ed80_0 .net *"_ivl_179", 0 0, L_000001deb086ebc0;  1 drivers
v000001deb081f5a0_0 .net *"_ivl_18", 0 0, L_000001deb07c6b70;  1 drivers
v000001deb081dfc0_0 .net *"_ivl_182", 0 0, L_000001deb0859630;  1 drivers
v000001deb081e740_0 .net *"_ivl_184", 0 0, L_000001deb085a530;  1 drivers
v000001deb081e060_0 .net *"_ivl_185", 0 0, L_000001deb086ee60;  1 drivers
v000001deb081e7e0_0 .net *"_ivl_188", 0 0, L_000001deb0858690;  1 drivers
v000001deb081f820_0 .net *"_ivl_189", 0 0, L_000001deb086f330;  1 drivers
v000001deb081e100_0 .net *"_ivl_192", 0 0, L_000001deb08596d0;  1 drivers
v000001deb081f320_0 .net *"_ivl_193", 0 0, L_000001deb086efb0;  1 drivers
v000001deb081ea60_0 .net *"_ivl_198", 3 0, L_000001deb0859950;  1 drivers
v000001deb081d520_0 .net *"_ivl_23", 0 0, L_000001deb0858370;  1 drivers
v000001deb081e2e0_0 .net *"_ivl_25", 0 0, L_000001deb0858230;  1 drivers
v000001deb081e1a0_0 .net *"_ivl_27", 0 0, L_000001deb0859c70;  1 drivers
v000001deb081f1e0_0 .net *"_ivl_28", 0 0, L_000001deb07c6be0;  1 drivers
v000001deb081f8c0_0 .net *"_ivl_30", 0 0, L_000001deb07c6c50;  1 drivers
v000001deb081eec0_0 .net *"_ivl_33", 0 0, L_000001deb0858cd0;  1 drivers
v000001deb081fc80_0 .net *"_ivl_35", 0 0, L_000001deb0858af0;  1 drivers
v000001deb081e240_0 .net *"_ivl_36", 0 0, L_000001deb07c6da0;  1 drivers
v000001deb081e420_0 .net *"_ivl_39", 0 0, L_000001deb0859090;  1 drivers
v000001deb081d5c0_0 .net *"_ivl_40", 0 0, L_000001deb07c6e80;  1 drivers
v000001deb081e880_0 .net *"_ivl_42", 0 0, L_000001deb07c6e10;  1 drivers
v000001deb081e600_0 .net *"_ivl_47", 0 0, L_000001deb0858870;  1 drivers
v000001deb081fb40_0 .net *"_ivl_49", 0 0, L_000001deb0859770;  1 drivers
v000001deb081f3c0_0 .net *"_ivl_51", 0 0, L_000001deb0858eb0;  1 drivers
v000001deb081f960_0 .net *"_ivl_52", 0 0, L_000001deb07c7270;  1 drivers
v000001deb081d660_0 .net *"_ivl_54", 0 0, L_000001deb07c7350;  1 drivers
v000001deb081d700_0 .net *"_ivl_57", 0 0, L_000001deb085a350;  1 drivers
v000001deb081e920_0 .net *"_ivl_59", 0 0, L_000001deb0858910;  1 drivers
v000001deb081eb00_0 .net *"_ivl_60", 0 0, L_000001deb07c72e0;  1 drivers
v000001deb081eba0_0 .net *"_ivl_63", 0 0, L_000001deb0858050;  1 drivers
v000001deb081f460_0 .net *"_ivl_64", 0 0, L_000001deb07c7510;  1 drivers
v000001deb081ef60_0 .net *"_ivl_66", 0 0, L_000001deb07c73c0;  1 drivers
v000001deb081f000_0 .net *"_ivl_69", 0 0, L_000001deb085a670;  1 drivers
v000001deb081f0a0_0 .net *"_ivl_7", 0 0, L_000001deb07c68d0;  1 drivers
v000001deb081f140_0 .net *"_ivl_71", 0 0, L_000001deb0859810;  1 drivers
v000001deb081f280_0 .net *"_ivl_72", 0 0, L_000001deb07c7430;  1 drivers
v000001deb081f640_0 .net *"_ivl_75", 0 0, L_000001deb0859e50;  1 drivers
v000001deb081f6e0_0 .net *"_ivl_76", 0 0, L_000001deb07c74a0;  1 drivers
v000001deb081faa0_0 .net *"_ivl_79", 0 0, L_000001deb08584b0;  1 drivers
v000001deb0821580_0 .net *"_ivl_80", 0 0, L_000001deb07c7580;  1 drivers
v000001deb0822340_0 .net *"_ivl_82", 0 0, L_000001deb07c6f60;  1 drivers
v000001deb08219e0_0 .net *"_ivl_88", 0 0, L_000001deb0859310;  1 drivers
v000001deb0821bc0_0 .net *"_ivl_90", 0 0, L_000001deb085a5d0;  1 drivers
v000001deb08200e0_0 .net *"_ivl_92", 0 0, L_000001deb0859a90;  1 drivers
v000001deb08205e0_0 .net *"_ivl_93", 0 0, L_000001deb07934f0;  1 drivers
v000001deb0821f80_0 .net *"_ivl_95", 0 0, L_000001deb0793790;  1 drivers
v000001deb08222a0_0 .net *"_ivl_98", 0 0, L_000001deb08582d0;  1 drivers
v000001deb08202c0_0 .net "a", 3 0, L_000001deb08599f0;  1 drivers
v000001deb0820180_0 .net "b", 3 0, L_000001deb0859bd0;  1 drivers
v000001deb08223e0_0 .net "c", 4 0, L_000001deb0859db0;  1 drivers
v000001deb0822020_0 .net "cin", 0 0, L_000001deb08587d0;  1 drivers
v000001deb0821120_0 .net "cout", 0 0, L_000001deb0859b30;  1 drivers
v000001deb08211c0_0 .net "g", 3 0, L_000001deb07c6ef0;  1 drivers
v000001deb0820220_0 .net "group_G", 0 0, L_000001deb086e450;  1 drivers
v000001deb0821940_0 .net "group_P", 0 0, L_000001deb086edf0;  1 drivers
v000001deb08213a0_0 .net "p", 3 0, L_000001deb07c6860;  1 drivers
v000001deb0820b80_0 .net "sum", 3 0, L_000001deb086f3a0;  1 drivers
L_000001deb08591d0 .part L_000001deb07c6ef0, 0, 1;
L_000001deb0859450 .part L_000001deb07c6860, 0, 1;
L_000001deb085a3f0 .part L_000001deb0859db0, 0, 1;
L_000001deb0858370 .part L_000001deb07c6ef0, 1, 1;
L_000001deb0858230 .part L_000001deb07c6860, 1, 1;
L_000001deb0859c70 .part L_000001deb07c6ef0, 0, 1;
L_000001deb0858cd0 .part L_000001deb07c6860, 1, 1;
L_000001deb0858af0 .part L_000001deb07c6860, 0, 1;
L_000001deb0859090 .part L_000001deb0859db0, 0, 1;
L_000001deb0858870 .part L_000001deb07c6ef0, 2, 1;
L_000001deb0859770 .part L_000001deb07c6860, 2, 1;
L_000001deb0858eb0 .part L_000001deb07c6ef0, 1, 1;
L_000001deb085a350 .part L_000001deb07c6860, 2, 1;
L_000001deb0858910 .part L_000001deb07c6860, 1, 1;
L_000001deb0858050 .part L_000001deb07c6ef0, 0, 1;
L_000001deb085a670 .part L_000001deb07c6860, 2, 1;
L_000001deb0859810 .part L_000001deb07c6860, 1, 1;
L_000001deb0859e50 .part L_000001deb07c6860, 0, 1;
L_000001deb08584b0 .part L_000001deb0859db0, 0, 1;
LS_000001deb0859db0_0_0 .concat8 [ 1 1 1 1], L_000001deb07c68d0, L_000001deb07c6b70, L_000001deb07c6e10, L_000001deb07c6f60;
LS_000001deb0859db0_0_4 .concat8 [ 1 0 0 0], L_000001deb086ed10;
L_000001deb0859db0 .concat8 [ 4 1 0 0], LS_000001deb0859db0_0_0, LS_000001deb0859db0_0_4;
L_000001deb0859310 .part L_000001deb07c6ef0, 3, 1;
L_000001deb085a5d0 .part L_000001deb07c6860, 3, 1;
L_000001deb0859a90 .part L_000001deb07c6ef0, 2, 1;
L_000001deb08582d0 .part L_000001deb07c6860, 3, 1;
L_000001deb08598b0 .part L_000001deb07c6860, 2, 1;
L_000001deb0859f90 .part L_000001deb07c6ef0, 1, 1;
L_000001deb0858ff0 .part L_000001deb07c6860, 3, 1;
L_000001deb0858730 .part L_000001deb07c6860, 2, 1;
L_000001deb0858d70 .part L_000001deb07c6860, 1, 1;
L_000001deb0859130 .part L_000001deb07c6ef0, 0, 1;
L_000001deb0858e10 .part L_000001deb07c6860, 3, 1;
L_000001deb0858c30 .part L_000001deb07c6860, 2, 1;
L_000001deb0859270 .part L_000001deb07c6860, 1, 1;
L_000001deb0859ef0 .part L_000001deb07c6860, 0, 1;
L_000001deb0858550 .part L_000001deb0859db0, 0, 1;
L_000001deb08593b0 .part L_000001deb07c6860, 3, 1;
L_000001deb085a030 .part L_000001deb07c6860, 2, 1;
L_000001deb085a0d0 .part L_000001deb07c6860, 1, 1;
L_000001deb085a490 .part L_000001deb07c6860, 0, 1;
L_000001deb08594f0 .part L_000001deb07c6ef0, 3, 1;
L_000001deb085a170 .part L_000001deb07c6860, 3, 1;
L_000001deb085a210 .part L_000001deb07c6ef0, 2, 1;
L_000001deb0858410 .part L_000001deb07c6860, 3, 1;
L_000001deb08585f0 .part L_000001deb07c6860, 2, 1;
L_000001deb0859590 .part L_000001deb07c6ef0, 1, 1;
L_000001deb0859630 .part L_000001deb07c6860, 3, 1;
L_000001deb085a530 .part L_000001deb07c6860, 2, 1;
L_000001deb0858690 .part L_000001deb07c6860, 1, 1;
L_000001deb08596d0 .part L_000001deb07c6ef0, 0, 1;
L_000001deb0859950 .part L_000001deb0859db0, 0, 4;
L_000001deb0859b30 .part L_000001deb0859db0, 4, 1;
S_000001deb065abe0 .scope generate, "cla4_blocks[2]" "cla4_blocks[2]" 3 32, 3 32 0, S_000001deb067c6b0;
 .timescale -9 -12;
P_000001deb07b9c90 .param/l "i" 0 3 32, +C4<010>;
S_000001deb08254d0 .scope module, "block" "cla_4bit" 3 33, 4 3 0, S_000001deb065abe0;
 .timescale -9 -12;
    .port_info 0 /INPUT 4 "a";
    .port_info 1 /INPUT 4 "b";
    .port_info 2 /INPUT 1 "cin";
    .port_info 3 /OUTPUT 4 "sum";
    .port_info 4 /OUTPUT 1 "group_G";
    .port_info 5 /OUTPUT 1 "group_P";
    .port_info 6 /OUTPUT 1 "cout";
L_000001deb086e840 .functor AND 4, L_000001deb085b890, L_000001deb085b070, C4<1111>, C4<1111>;
L_000001deb086e6f0 .functor XOR 4, L_000001deb085b890, L_000001deb085b070, C4<0000>, C4<0000>;
L_000001deb086f100 .functor BUFZ 1, L_000001deb085cab0, C4<0>, C4<0>, C4<0>;
L_000001deb086e5a0 .functor AND 1, L_000001deb085a7b0, L_000001deb0858b90, C4<1>, C4<1>;
L_000001deb086ea00 .functor OR 1, L_000001deb085a2b0, L_000001deb086e5a0, C4<0>, C4<0>;
L_000001deb086fb10 .functor AND 1, L_000001deb0858a50, L_000001deb085a710, C4<1>, C4<1>;
L_000001deb086e7d0 .functor OR 1, L_000001deb08589b0, L_000001deb086fb10, C4<0>, C4<0>;
L_000001deb086e060 .functor AND 1, L_000001deb08580f0, L_000001deb085ca10, C4<1>, C4<1>;
L_000001deb086e8b0 .functor AND 1, L_000001deb086e060, L_000001deb085adf0, C4<1>, C4<1>;
L_000001deb086f2c0 .functor OR 1, L_000001deb086e7d0, L_000001deb086e8b0, C4<0>, C4<0>;
L_000001deb086e1b0 .functor AND 1, L_000001deb085a990, L_000001deb085b570, C4<1>, C4<1>;
L_000001deb086f560 .functor OR 1, L_000001deb085bbb0, L_000001deb086e1b0, C4<0>, C4<0>;
L_000001deb086ea70 .functor AND 1, L_000001deb085c010, L_000001deb085ce70, C4<1>, C4<1>;
L_000001deb086e920 .functor AND 1, L_000001deb086ea70, L_000001deb085be30, C4<1>, C4<1>;
L_000001deb086df80 .functor OR 1, L_000001deb086f560, L_000001deb086e920, C4<0>, C4<0>;
L_000001deb086f410 .functor AND 1, L_000001deb085b610, L_000001deb085cf10, C4<1>, C4<1>;
L_000001deb086eca0 .functor AND 1, L_000001deb086f410, L_000001deb085cbf0, C4<1>, C4<1>;
L_000001deb086eae0 .functor AND 1, L_000001deb086eca0, L_000001deb085a8f0, C4<1>, C4<1>;
L_000001deb086e300 .functor OR 1, L_000001deb086df80, L_000001deb086eae0, C4<0>, C4<0>;
L_000001deb086eb50 .functor AND 1, L_000001deb085b750, L_000001deb085bed0, C4<1>, C4<1>;
L_000001deb086f8e0 .functor OR 1, L_000001deb085aad0, L_000001deb086eb50, C4<0>, C4<0>;
L_000001deb086ec30 .functor AND 1, L_000001deb085ab70, L_000001deb085b390, C4<1>, C4<1>;
L_000001deb086eed0 .functor AND 1, L_000001deb086ec30, L_000001deb085c8d0, C4<1>, C4<1>;
L_000001deb086f4f0 .functor OR 1, L_000001deb086f8e0, L_000001deb086eed0, C4<0>, C4<0>;
L_000001deb086f790 .functor AND 1, L_000001deb085cb50, L_000001deb085c3d0, C4<1>, C4<1>;
L_000001deb086f020 .functor AND 1, L_000001deb086f790, L_000001deb085ba70, C4<1>, C4<1>;
L_000001deb086f170 .functor AND 1, L_000001deb086f020, L_000001deb085cfb0, C4<1>, C4<1>;
L_000001deb086f1e0 .functor OR 1, L_000001deb086f4f0, L_000001deb086f170, C4<0>, C4<0>;
L_000001deb086f950 .functor AND 1, L_000001deb085c470, L_000001deb085c0b0, C4<1>, C4<1>;
L_000001deb086dff0 .functor AND 1, L_000001deb086f950, L_000001deb085bb10, C4<1>, C4<1>;
L_000001deb086f640 .functor AND 1, L_000001deb086dff0, L_000001deb085aa30, C4<1>, C4<1>;
L_000001deb086f6b0 .functor AND 1, L_000001deb086f640, L_000001deb085c330, C4<1>, C4<1>;
L_000001deb086f720 .functor OR 1, L_000001deb086f1e0, L_000001deb086f6b0, C4<0>, C4<0>;
L_000001deb086f870 .functor AND 1, L_000001deb085b4d0, L_000001deb085ad50, C4<1>, C4<1>;
L_000001deb086e140 .functor AND 1, L_000001deb086f870, L_000001deb085a850, C4<1>, C4<1>;
L_000001deb086e4c0 .functor AND 1, L_000001deb086e140, L_000001deb085ac10, C4<1>, C4<1>;
L_000001deb086e610 .functor AND 1, L_000001deb085b2f0, L_000001deb085ae90, C4<1>, C4<1>;
L_000001deb086e370 .functor OR 1, L_000001deb085acb0, L_000001deb086e610, C4<0>, C4<0>;
L_000001deb086e3e0 .functor AND 1, L_000001deb085cc90, L_000001deb085bc50, C4<1>, C4<1>;
L_000001deb0870b40 .functor AND 1, L_000001deb086e3e0, L_000001deb085c510, C4<1>, C4<1>;
L_000001deb0870bb0 .functor OR 1, L_000001deb086e370, L_000001deb0870b40, C4<0>, C4<0>;
L_000001deb086fc60 .functor AND 1, L_000001deb085af30, L_000001deb085bcf0, C4<1>, C4<1>;
L_000001deb0870e50 .functor AND 1, L_000001deb086fc60, L_000001deb085c150, C4<1>, C4<1>;
L_000001deb0870a60 .functor AND 1, L_000001deb0870e50, L_000001deb085c1f0, C4<1>, C4<1>;
L_000001deb0870440 .functor OR 1, L_000001deb0870bb0, L_000001deb0870a60, C4<0>, C4<0>;
L_000001deb0870c20 .functor XOR 4, L_000001deb086e6f0, L_000001deb085afd0, C4<0000>, C4<0000>;
v000001deb08209a0_0 .net *"_ivl_100", 0 0, L_000001deb085b390;  1 drivers
v000001deb0820360_0 .net *"_ivl_101", 0 0, L_000001deb086ec30;  1 drivers
v000001deb0820a40_0 .net *"_ivl_104", 0 0, L_000001deb085c8d0;  1 drivers
v000001deb08207c0_0 .net *"_ivl_105", 0 0, L_000001deb086eed0;  1 drivers
v000001deb0821440_0 .net *"_ivl_107", 0 0, L_000001deb086f4f0;  1 drivers
v000001deb08214e0_0 .net *"_ivl_11", 0 0, L_000001deb085a2b0;  1 drivers
v000001deb0820400_0 .net *"_ivl_110", 0 0, L_000001deb085cb50;  1 drivers
v000001deb08220c0_0 .net *"_ivl_112", 0 0, L_000001deb085c3d0;  1 drivers
v000001deb0822480_0 .net *"_ivl_113", 0 0, L_000001deb086f790;  1 drivers
v000001deb0821300_0 .net *"_ivl_116", 0 0, L_000001deb085ba70;  1 drivers
v000001deb08204a0_0 .net *"_ivl_117", 0 0, L_000001deb086f020;  1 drivers
v000001deb0820540_0 .net *"_ivl_120", 0 0, L_000001deb085cfb0;  1 drivers
v000001deb0821760_0 .net *"_ivl_121", 0 0, L_000001deb086f170;  1 drivers
v000001deb0821a80_0 .net *"_ivl_123", 0 0, L_000001deb086f1e0;  1 drivers
v000001deb0821b20_0 .net *"_ivl_126", 0 0, L_000001deb085c470;  1 drivers
v000001deb0820680_0 .net *"_ivl_128", 0 0, L_000001deb085c0b0;  1 drivers
v000001deb0820fe0_0 .net *"_ivl_129", 0 0, L_000001deb086f950;  1 drivers
v000001deb0820ae0_0 .net *"_ivl_13", 0 0, L_000001deb085a7b0;  1 drivers
v000001deb081fd20_0 .net *"_ivl_132", 0 0, L_000001deb085bb10;  1 drivers
v000001deb08218a0_0 .net *"_ivl_133", 0 0, L_000001deb086dff0;  1 drivers
v000001deb0820860_0 .net *"_ivl_136", 0 0, L_000001deb085aa30;  1 drivers
v000001deb0821080_0 .net *"_ivl_137", 0 0, L_000001deb086f640;  1 drivers
v000001deb081fe60_0 .net *"_ivl_140", 0 0, L_000001deb085c330;  1 drivers
v000001deb0820c20_0 .net *"_ivl_141", 0 0, L_000001deb086f6b0;  1 drivers
v000001deb081fdc0_0 .net *"_ivl_143", 0 0, L_000001deb086f720;  1 drivers
v000001deb0821260_0 .net *"_ivl_146", 0 0, L_000001deb085b4d0;  1 drivers
v000001deb0820900_0 .net *"_ivl_148", 0 0, L_000001deb085ad50;  1 drivers
v000001deb081ff00_0 .net *"_ivl_149", 0 0, L_000001deb086f870;  1 drivers
v000001deb0820720_0 .net *"_ivl_15", 0 0, L_000001deb0858b90;  1 drivers
v000001deb081ffa0_0 .net *"_ivl_152", 0 0, L_000001deb085a850;  1 drivers
v000001deb0821620_0 .net *"_ivl_153", 0 0, L_000001deb086e140;  1 drivers
v000001deb0820cc0_0 .net *"_ivl_156", 0 0, L_000001deb085ac10;  1 drivers
v000001deb08216c0_0 .net *"_ivl_16", 0 0, L_000001deb086e5a0;  1 drivers
v000001deb0820d60_0 .net *"_ivl_160", 0 0, L_000001deb085acb0;  1 drivers
v000001deb0820e00_0 .net *"_ivl_162", 0 0, L_000001deb085b2f0;  1 drivers
v000001deb0822160_0 .net *"_ivl_164", 0 0, L_000001deb085ae90;  1 drivers
v000001deb0821c60_0 .net *"_ivl_165", 0 0, L_000001deb086e610;  1 drivers
v000001deb0820ea0_0 .net *"_ivl_167", 0 0, L_000001deb086e370;  1 drivers
v000001deb0820040_0 .net *"_ivl_170", 0 0, L_000001deb085cc90;  1 drivers
v000001deb0821d00_0 .net *"_ivl_172", 0 0, L_000001deb085bc50;  1 drivers
v000001deb0820f40_0 .net *"_ivl_173", 0 0, L_000001deb086e3e0;  1 drivers
v000001deb0822200_0 .net *"_ivl_176", 0 0, L_000001deb085c510;  1 drivers
v000001deb0821800_0 .net *"_ivl_177", 0 0, L_000001deb0870b40;  1 drivers
v000001deb0821da0_0 .net *"_ivl_179", 0 0, L_000001deb0870bb0;  1 drivers
v000001deb0821e40_0 .net *"_ivl_18", 0 0, L_000001deb086ea00;  1 drivers
v000001deb0821ee0_0 .net *"_ivl_182", 0 0, L_000001deb085af30;  1 drivers
v000001deb0827b30_0 .net *"_ivl_184", 0 0, L_000001deb085bcf0;  1 drivers
v000001deb0825a10_0 .net *"_ivl_185", 0 0, L_000001deb086fc60;  1 drivers
v000001deb0825970_0 .net *"_ivl_188", 0 0, L_000001deb085c150;  1 drivers
v000001deb0826b90_0 .net *"_ivl_189", 0 0, L_000001deb0870e50;  1 drivers
v000001deb0826550_0 .net *"_ivl_192", 0 0, L_000001deb085c1f0;  1 drivers
v000001deb0828030_0 .net *"_ivl_193", 0 0, L_000001deb0870a60;  1 drivers
v000001deb0827450_0 .net *"_ivl_198", 3 0, L_000001deb085afd0;  1 drivers
v000001deb0826370_0 .net *"_ivl_23", 0 0, L_000001deb08589b0;  1 drivers
v000001deb0826c30_0 .net *"_ivl_25", 0 0, L_000001deb0858a50;  1 drivers
v000001deb0825ab0_0 .net *"_ivl_27", 0 0, L_000001deb085a710;  1 drivers
v000001deb08265f0_0 .net *"_ivl_28", 0 0, L_000001deb086fb10;  1 drivers
v000001deb0827f90_0 .net *"_ivl_30", 0 0, L_000001deb086e7d0;  1 drivers
v000001deb0826d70_0 .net *"_ivl_33", 0 0, L_000001deb08580f0;  1 drivers
v000001deb0826410_0 .net *"_ivl_35", 0 0, L_000001deb085ca10;  1 drivers
v000001deb0825b50_0 .net *"_ivl_36", 0 0, L_000001deb086e060;  1 drivers
v000001deb0825f10_0 .net *"_ivl_39", 0 0, L_000001deb085adf0;  1 drivers
v000001deb0825bf0_0 .net *"_ivl_40", 0 0, L_000001deb086e8b0;  1 drivers
v000001deb0826f50_0 .net *"_ivl_42", 0 0, L_000001deb086f2c0;  1 drivers
v000001deb0825fb0_0 .net *"_ivl_47", 0 0, L_000001deb085bbb0;  1 drivers
v000001deb0826eb0_0 .net *"_ivl_49", 0 0, L_000001deb085a990;  1 drivers
v000001deb0826690_0 .net *"_ivl_51", 0 0, L_000001deb085b570;  1 drivers
v000001deb0826730_0 .net *"_ivl_52", 0 0, L_000001deb086e1b0;  1 drivers
v000001deb0827c70_0 .net *"_ivl_54", 0 0, L_000001deb086f560;  1 drivers
v000001deb08274f0_0 .net *"_ivl_57", 0 0, L_000001deb085c010;  1 drivers
v000001deb08267d0_0 .net *"_ivl_59", 0 0, L_000001deb085ce70;  1 drivers
v000001deb08258d0_0 .net *"_ivl_60", 0 0, L_000001deb086ea70;  1 drivers
v000001deb0827590_0 .net *"_ivl_63", 0 0, L_000001deb085be30;  1 drivers
v000001deb08264b0_0 .net *"_ivl_64", 0 0, L_000001deb086e920;  1 drivers
v000001deb0827d10_0 .net *"_ivl_66", 0 0, L_000001deb086df80;  1 drivers
v000001deb08278b0_0 .net *"_ivl_69", 0 0, L_000001deb085b610;  1 drivers
v000001deb08269b0_0 .net *"_ivl_7", 0 0, L_000001deb086f100;  1 drivers
v000001deb0827630_0 .net *"_ivl_71", 0 0, L_000001deb085cf10;  1 drivers
v000001deb08262d0_0 .net *"_ivl_72", 0 0, L_000001deb086f410;  1 drivers
v000001deb0827770_0 .net *"_ivl_75", 0 0, L_000001deb085cbf0;  1 drivers
v000001deb0825dd0_0 .net *"_ivl_76", 0 0, L_000001deb086eca0;  1 drivers
v000001deb0825e70_0 .net *"_ivl_79", 0 0, L_000001deb085a8f0;  1 drivers
v000001deb0825c90_0 .net *"_ivl_80", 0 0, L_000001deb086eae0;  1 drivers
v000001deb08271d0_0 .net *"_ivl_82", 0 0, L_000001deb086e300;  1 drivers
v000001deb0826870_0 .net *"_ivl_88", 0 0, L_000001deb085aad0;  1 drivers
v000001deb0825d30_0 .net *"_ivl_90", 0 0, L_000001deb085b750;  1 drivers
v000001deb0826050_0 .net *"_ivl_92", 0 0, L_000001deb085bed0;  1 drivers
v000001deb0826190_0 .net *"_ivl_93", 0 0, L_000001deb086eb50;  1 drivers
v000001deb0826cd0_0 .net *"_ivl_95", 0 0, L_000001deb086f8e0;  1 drivers
v000001deb0826910_0 .net *"_ivl_98", 0 0, L_000001deb085ab70;  1 drivers
v000001deb0826e10_0 .net "a", 3 0, L_000001deb085b890;  1 drivers
v000001deb0826ff0_0 .net "b", 3 0, L_000001deb085b070;  1 drivers
v000001deb0826a50_0 .net "c", 4 0, L_000001deb085bf70;  1 drivers
v000001deb08276d0_0 .net "cin", 0 0, L_000001deb085cab0;  1 drivers
v000001deb0827130_0 .net "cout", 0 0, L_000001deb085c290;  1 drivers
v000001deb0827950_0 .net "g", 3 0, L_000001deb086e840;  1 drivers
v000001deb08260f0_0 .net "group_G", 0 0, L_000001deb0870440;  1 drivers
v000001deb0827810_0 .net "group_P", 0 0, L_000001deb086e4c0;  1 drivers
v000001deb08279f0_0 .net "p", 3 0, L_000001deb086e6f0;  1 drivers
v000001deb0826230_0 .net "sum", 3 0, L_000001deb0870c20;  1 drivers
L_000001deb085a2b0 .part L_000001deb086e840, 0, 1;
L_000001deb085a7b0 .part L_000001deb086e6f0, 0, 1;
L_000001deb0858b90 .part L_000001deb085bf70, 0, 1;
L_000001deb08589b0 .part L_000001deb086e840, 1, 1;
L_000001deb0858a50 .part L_000001deb086e6f0, 1, 1;
L_000001deb085a710 .part L_000001deb086e840, 0, 1;
L_000001deb08580f0 .part L_000001deb086e6f0, 1, 1;
L_000001deb085ca10 .part L_000001deb086e6f0, 0, 1;
L_000001deb085adf0 .part L_000001deb085bf70, 0, 1;
L_000001deb085bbb0 .part L_000001deb086e840, 2, 1;
L_000001deb085a990 .part L_000001deb086e6f0, 2, 1;
L_000001deb085b570 .part L_000001deb086e840, 1, 1;
L_000001deb085c010 .part L_000001deb086e6f0, 2, 1;
L_000001deb085ce70 .part L_000001deb086e6f0, 1, 1;
L_000001deb085be30 .part L_000001deb086e840, 0, 1;
L_000001deb085b610 .part L_000001deb086e6f0, 2, 1;
L_000001deb085cf10 .part L_000001deb086e6f0, 1, 1;
L_000001deb085cbf0 .part L_000001deb086e6f0, 0, 1;
L_000001deb085a8f0 .part L_000001deb085bf70, 0, 1;
LS_000001deb085bf70_0_0 .concat8 [ 1 1 1 1], L_000001deb086f100, L_000001deb086ea00, L_000001deb086f2c0, L_000001deb086e300;
LS_000001deb085bf70_0_4 .concat8 [ 1 0 0 0], L_000001deb086f720;
L_000001deb085bf70 .concat8 [ 4 1 0 0], LS_000001deb085bf70_0_0, LS_000001deb085bf70_0_4;
L_000001deb085aad0 .part L_000001deb086e840, 3, 1;
L_000001deb085b750 .part L_000001deb086e6f0, 3, 1;
L_000001deb085bed0 .part L_000001deb086e840, 2, 1;
L_000001deb085ab70 .part L_000001deb086e6f0, 3, 1;
L_000001deb085b390 .part L_000001deb086e6f0, 2, 1;
L_000001deb085c8d0 .part L_000001deb086e840, 1, 1;
L_000001deb085cb50 .part L_000001deb086e6f0, 3, 1;
L_000001deb085c3d0 .part L_000001deb086e6f0, 2, 1;
L_000001deb085ba70 .part L_000001deb086e6f0, 1, 1;
L_000001deb085cfb0 .part L_000001deb086e840, 0, 1;
L_000001deb085c470 .part L_000001deb086e6f0, 3, 1;
L_000001deb085c0b0 .part L_000001deb086e6f0, 2, 1;
L_000001deb085bb10 .part L_000001deb086e6f0, 1, 1;
L_000001deb085aa30 .part L_000001deb086e6f0, 0, 1;
L_000001deb085c330 .part L_000001deb085bf70, 0, 1;
L_000001deb085b4d0 .part L_000001deb086e6f0, 3, 1;
L_000001deb085ad50 .part L_000001deb086e6f0, 2, 1;
L_000001deb085a850 .part L_000001deb086e6f0, 1, 1;
L_000001deb085ac10 .part L_000001deb086e6f0, 0, 1;
L_000001deb085acb0 .part L_000001deb086e840, 3, 1;
L_000001deb085b2f0 .part L_000001deb086e6f0, 3, 1;
L_000001deb085ae90 .part L_000001deb086e840, 2, 1;
L_000001deb085cc90 .part L_000001deb086e6f0, 3, 1;
L_000001deb085bc50 .part L_000001deb086e6f0, 2, 1;
L_000001deb085c510 .part L_000001deb086e840, 1, 1;
L_000001deb085af30 .part L_000001deb086e6f0, 3, 1;
L_000001deb085bcf0 .part L_000001deb086e6f0, 2, 1;
L_000001deb085c150 .part L_000001deb086e6f0, 1, 1;
L_000001deb085c1f0 .part L_000001deb086e840, 0, 1;
L_000001deb085afd0 .part L_000001deb085bf70, 0, 4;
L_000001deb085c290 .part L_000001deb085bf70, 4, 1;
S_000001deb0825660 .scope generate, "cla4_blocks[3]" "cla4_blocks[3]" 3 32, 3 32 0, S_000001deb067c6b0;
 .timescale -9 -12;
P_000001deb07ba110 .param/l "i" 0 3 32, +C4<011>;
S_000001deb082dc90 .scope module, "block" "cla_4bit" 3 33, 4 3 0, S_000001deb0825660;
 .timescale -9 -12;
    .port_info 0 /INPUT 4 "a";
    .port_info 1 /INPUT 4 "b";
    .port_info 2 /INPUT 1 "cin";
    .port_info 3 /OUTPUT 4 "sum";
    .port_info 4 /OUTPUT 1 "group_G";
    .port_info 5 /OUTPUT 1 "group_P";
    .port_info 6 /OUTPUT 1 "cout";
L_000001deb08716a0 .functor AND 4, L_000001deb085f530, L_000001deb085d190, C4<1111>, C4<1111>;
L_000001deb0870590 .functor XOR 4, L_000001deb085f530, L_000001deb085d190, C4<0000>, C4<0000>;
L_000001deb0870c90 .functor BUFZ 1, L_000001deb085f5d0, C4<0>, C4<0>, C4<0>;
L_000001deb0871160 .functor AND 1, L_000001deb085b110, L_000001deb085bd90, C4<1>, C4<1>;
L_000001deb0870980 .functor OR 1, L_000001deb085c5b0, L_000001deb0871160, C4<0>, C4<0>;
L_000001deb0870d00 .functor AND 1, L_000001deb085c6f0, L_000001deb085cd30, C4<1>, C4<1>;
L_000001deb086fe20 .functor OR 1, L_000001deb085c650, L_000001deb0870d00, C4<0>, C4<0>;
L_000001deb0871080 .functor AND 1, L_000001deb085cdd0, L_000001deb085b7f0, C4<1>, C4<1>;
L_000001deb0871710 .functor AND 1, L_000001deb0871080, L_000001deb085b6b0, C4<1>, C4<1>;
L_000001deb08706e0 .functor OR 1, L_000001deb086fe20, L_000001deb0871710, C4<0>, C4<0>;
L_000001deb086fd40 .functor AND 1, L_000001deb085b930, L_000001deb085c790, C4<1>, C4<1>;
L_000001deb0870830 .functor OR 1, L_000001deb085b1b0, L_000001deb086fd40, C4<0>, C4<0>;
L_000001deb0870ad0 .functor AND 1, L_000001deb085c830, L_000001deb085c970, C4<1>, C4<1>;
L_000001deb0870de0 .functor AND 1, L_000001deb0870ad0, L_000001deb085b250, C4<1>, C4<1>;
L_000001deb08715c0 .functor OR 1, L_000001deb0870830, L_000001deb0870de0, C4<0>, C4<0>;
L_000001deb08714e0 .functor AND 1, L_000001deb085b430, L_000001deb085b9d0, C4<1>, C4<1>;
L_000001deb0871240 .functor AND 1, L_000001deb08714e0, L_000001deb085d370, C4<1>, C4<1>;
L_000001deb0870130 .functor AND 1, L_000001deb0871240, L_000001deb085f0d0, C4<1>, C4<1>;
L_000001deb08701a0 .functor OR 1, L_000001deb08715c0, L_000001deb0870130, C4<0>, C4<0>;
L_000001deb086fb80 .functor AND 1, L_000001deb085f490, L_000001deb085e270, C4<1>, C4<1>;
L_000001deb0870600 .functor OR 1, L_000001deb085e1d0, L_000001deb086fb80, C4<0>, C4<0>;
L_000001deb0871390 .functor AND 1, L_000001deb085e770, L_000001deb085d410, C4<1>, C4<1>;
L_000001deb08709f0 .functor AND 1, L_000001deb0871390, L_000001deb085d230, C4<1>, C4<1>;
L_000001deb08704b0 .functor OR 1, L_000001deb0870600, L_000001deb08709f0, C4<0>, C4<0>;
L_000001deb08702f0 .functor AND 1, L_000001deb085d910, L_000001deb085e450, C4<1>, C4<1>;
L_000001deb0870910 .functor AND 1, L_000001deb08702f0, L_000001deb085d050, C4<1>, C4<1>;
L_000001deb0870d70 .functor AND 1, L_000001deb0870910, L_000001deb085d4b0, C4<1>, C4<1>;
L_000001deb086fcd0 .functor OR 1, L_000001deb08704b0, L_000001deb0870d70, C4<0>, C4<0>;
L_000001deb0871400 .functor AND 1, L_000001deb085e810, L_000001deb085f3f0, C4<1>, C4<1>;
L_000001deb0870670 .functor AND 1, L_000001deb0871400, L_000001deb085ee50, C4<1>, C4<1>;
L_000001deb086fe90 .functor AND 1, L_000001deb0870670, L_000001deb085f710, C4<1>, C4<1>;
L_000001deb0870750 .functor AND 1, L_000001deb086fe90, L_000001deb085eef0, C4<1>, C4<1>;
L_000001deb086fbf0 .functor OR 1, L_000001deb086fcd0, L_000001deb0870750, C4<0>, C4<0>;
L_000001deb0871470 .functor AND 1, L_000001deb085f350, L_000001deb085e6d0, C4<1>, C4<1>;
L_000001deb08708a0 .functor AND 1, L_000001deb0871470, L_000001deb085dc30, C4<1>, C4<1>;
L_000001deb0871550 .functor AND 1, L_000001deb08708a0, L_000001deb085da50, C4<1>, C4<1>;
L_000001deb0870ec0 .functor AND 1, L_000001deb085f170, L_000001deb085d0f0, C4<1>, C4<1>;
L_000001deb0870520 .functor OR 1, L_000001deb085e590, L_000001deb0870ec0, C4<0>, C4<0>;
L_000001deb0871010 .functor AND 1, L_000001deb085daf0, L_000001deb085e630, C4<1>, C4<1>;
L_000001deb0871630 .functor AND 1, L_000001deb0871010, L_000001deb085e3b0, C4<1>, C4<1>;
L_000001deb0870f30 .functor OR 1, L_000001deb0870520, L_000001deb0871630, C4<0>, C4<0>;
L_000001deb0870fa0 .functor AND 1, L_000001deb085db90, L_000001deb085e130, C4<1>, C4<1>;
L_000001deb08707c0 .functor AND 1, L_000001deb0870fa0, L_000001deb085ed10, C4<1>, C4<1>;
L_000001deb0870210 .functor AND 1, L_000001deb08707c0, L_000001deb085f2b0, C4<1>, C4<1>;
L_000001deb08710f0 .functor OR 1, L_000001deb0870f30, L_000001deb0870210, C4<0>, C4<0>;
L_000001deb086ff00 .functor XOR 4, L_000001deb0870590, L_000001deb085dd70, C4<0000>, C4<0000>;
v000001deb0827bd0_0 .net *"_ivl_100", 0 0, L_000001deb085d410;  1 drivers
v000001deb0827090_0 .net *"_ivl_101", 0 0, L_000001deb0871390;  1 drivers
v000001deb0827a90_0 .net *"_ivl_104", 0 0, L_000001deb085d230;  1 drivers
v000001deb0826af0_0 .net *"_ivl_105", 0 0, L_000001deb08709f0;  1 drivers
v000001deb0827270_0 .net *"_ivl_107", 0 0, L_000001deb08704b0;  1 drivers
v000001deb0827310_0 .net *"_ivl_11", 0 0, L_000001deb085c5b0;  1 drivers
v000001deb08273b0_0 .net *"_ivl_110", 0 0, L_000001deb085d910;  1 drivers
v000001deb0827db0_0 .net *"_ivl_112", 0 0, L_000001deb085e450;  1 drivers
v000001deb0827e50_0 .net *"_ivl_113", 0 0, L_000001deb08702f0;  1 drivers
v000001deb0827ef0_0 .net *"_ivl_116", 0 0, L_000001deb085d050;  1 drivers
v000001deb0829750_0 .net *"_ivl_117", 0 0, L_000001deb0870910;  1 drivers
v000001deb082a510_0 .net *"_ivl_120", 0 0, L_000001deb085d4b0;  1 drivers
v000001deb082a150_0 .net *"_ivl_121", 0 0, L_000001deb0870d70;  1 drivers
v000001deb0828d50_0 .net *"_ivl_123", 0 0, L_000001deb086fcd0;  1 drivers
v000001deb0829c50_0 .net *"_ivl_126", 0 0, L_000001deb085e810;  1 drivers
v000001deb0828ad0_0 .net *"_ivl_128", 0 0, L_000001deb085f3f0;  1 drivers
v000001deb082a790_0 .net *"_ivl_129", 0 0, L_000001deb0871400;  1 drivers
v000001deb0829930_0 .net *"_ivl_13", 0 0, L_000001deb085b110;  1 drivers
v000001deb08287b0_0 .net *"_ivl_132", 0 0, L_000001deb085ee50;  1 drivers
v000001deb0828850_0 .net *"_ivl_133", 0 0, L_000001deb0870670;  1 drivers
v000001deb082a830_0 .net *"_ivl_136", 0 0, L_000001deb085f710;  1 drivers
v000001deb08288f0_0 .net *"_ivl_137", 0 0, L_000001deb086fe90;  1 drivers
v000001deb08280d0_0 .net *"_ivl_140", 0 0, L_000001deb085eef0;  1 drivers
v000001deb0828df0_0 .net *"_ivl_141", 0 0, L_000001deb0870750;  1 drivers
v000001deb0829610_0 .net *"_ivl_143", 0 0, L_000001deb086fbf0;  1 drivers
v000001deb0828990_0 .net *"_ivl_146", 0 0, L_000001deb085f350;  1 drivers
v000001deb082a6f0_0 .net *"_ivl_148", 0 0, L_000001deb085e6d0;  1 drivers
v000001deb0828b70_0 .net *"_ivl_149", 0 0, L_000001deb0871470;  1 drivers
v000001deb08297f0_0 .net *"_ivl_15", 0 0, L_000001deb085bd90;  1 drivers
v000001deb0828c10_0 .net *"_ivl_152", 0 0, L_000001deb085dc30;  1 drivers
v000001deb0829110_0 .net *"_ivl_153", 0 0, L_000001deb08708a0;  1 drivers
v000001deb0828490_0 .net *"_ivl_156", 0 0, L_000001deb085da50;  1 drivers
v000001deb0829890_0 .net *"_ivl_16", 0 0, L_000001deb0871160;  1 drivers
v000001deb0828670_0 .net *"_ivl_160", 0 0, L_000001deb085e590;  1 drivers
v000001deb0828cb0_0 .net *"_ivl_162", 0 0, L_000001deb085f170;  1 drivers
v000001deb0829250_0 .net *"_ivl_164", 0 0, L_000001deb085d0f0;  1 drivers
v000001deb0828170_0 .net *"_ivl_165", 0 0, L_000001deb0870ec0;  1 drivers
v000001deb08283f0_0 .net *"_ivl_167", 0 0, L_000001deb0870520;  1 drivers
v000001deb0829e30_0 .net *"_ivl_170", 0 0, L_000001deb085daf0;  1 drivers
v000001deb0828e90_0 .net *"_ivl_172", 0 0, L_000001deb085e630;  1 drivers
v000001deb08294d0_0 .net *"_ivl_173", 0 0, L_000001deb0871010;  1 drivers
v000001deb0828f30_0 .net *"_ivl_176", 0 0, L_000001deb085e3b0;  1 drivers
v000001deb082a010_0 .net *"_ivl_177", 0 0, L_000001deb0871630;  1 drivers
v000001deb0829cf0_0 .net *"_ivl_179", 0 0, L_000001deb0870f30;  1 drivers
v000001deb0829570_0 .net *"_ivl_18", 0 0, L_000001deb0870980;  1 drivers
v000001deb08291b0_0 .net *"_ivl_182", 0 0, L_000001deb085db90;  1 drivers
v000001deb08296b0_0 .net *"_ivl_184", 0 0, L_000001deb085e130;  1 drivers
v000001deb0829430_0 .net *"_ivl_185", 0 0, L_000001deb0870fa0;  1 drivers
v000001deb0828530_0 .net *"_ivl_188", 0 0, L_000001deb085ed10;  1 drivers
v000001deb08299d0_0 .net *"_ivl_189", 0 0, L_000001deb08707c0;  1 drivers
v000001deb0829d90_0 .net *"_ivl_192", 0 0, L_000001deb085f2b0;  1 drivers
v000001deb0829a70_0 .net *"_ivl_193", 0 0, L_000001deb0870210;  1 drivers
v000001deb0828fd0_0 .net *"_ivl_198", 3 0, L_000001deb085dd70;  1 drivers
v000001deb0829b10_0 .net *"_ivl_23", 0 0, L_000001deb085c650;  1 drivers
v000001deb0828210_0 .net *"_ivl_25", 0 0, L_000001deb085c6f0;  1 drivers
v000001deb0829f70_0 .net *"_ivl_27", 0 0, L_000001deb085cd30;  1 drivers
v000001deb08285d0_0 .net *"_ivl_28", 0 0, L_000001deb0870d00;  1 drivers
v000001deb0829bb0_0 .net *"_ivl_30", 0 0, L_000001deb086fe20;  1 drivers
v000001deb08282b0_0 .net *"_ivl_33", 0 0, L_000001deb085cdd0;  1 drivers
v000001deb0828710_0 .net *"_ivl_35", 0 0, L_000001deb085b7f0;  1 drivers
v000001deb0828350_0 .net *"_ivl_36", 0 0, L_000001deb0871080;  1 drivers
v000001deb0828a30_0 .net *"_ivl_39", 0 0, L_000001deb085b6b0;  1 drivers
v000001deb082a3d0_0 .net *"_ivl_40", 0 0, L_000001deb0871710;  1 drivers
v000001deb0829070_0 .net *"_ivl_42", 0 0, L_000001deb08706e0;  1 drivers
v000001deb08292f0_0 .net *"_ivl_47", 0 0, L_000001deb085b1b0;  1 drivers
v000001deb0829ed0_0 .net *"_ivl_49", 0 0, L_000001deb085b930;  1 drivers
v000001deb0829390_0 .net *"_ivl_51", 0 0, L_000001deb085c790;  1 drivers
v000001deb082a0b0_0 .net *"_ivl_52", 0 0, L_000001deb086fd40;  1 drivers
v000001deb082a1f0_0 .net *"_ivl_54", 0 0, L_000001deb0870830;  1 drivers
v000001deb082a470_0 .net *"_ivl_57", 0 0, L_000001deb085c830;  1 drivers
v000001deb082a290_0 .net *"_ivl_59", 0 0, L_000001deb085c970;  1 drivers
v000001deb082a330_0 .net *"_ivl_60", 0 0, L_000001deb0870ad0;  1 drivers
v000001deb082a5b0_0 .net *"_ivl_63", 0 0, L_000001deb085b250;  1 drivers
v000001deb082a650_0 .net *"_ivl_64", 0 0, L_000001deb0870de0;  1 drivers
v000001deb082b410_0 .net *"_ivl_66", 0 0, L_000001deb08715c0;  1 drivers
v000001deb082c090_0 .net *"_ivl_69", 0 0, L_000001deb085b430;  1 drivers
v000001deb082b4b0_0 .net *"_ivl_7", 0 0, L_000001deb0870c90;  1 drivers
v000001deb082ce50_0 .net *"_ivl_71", 0 0, L_000001deb085b9d0;  1 drivers
v000001deb082bb90_0 .net *"_ivl_72", 0 0, L_000001deb08714e0;  1 drivers
v000001deb082b0f0_0 .net *"_ivl_75", 0 0, L_000001deb085d370;  1 drivers
v000001deb082aa10_0 .net *"_ivl_76", 0 0, L_000001deb0871240;  1 drivers
v000001deb082cd10_0 .net *"_ivl_79", 0 0, L_000001deb085f0d0;  1 drivers
v000001deb082b190_0 .net *"_ivl_80", 0 0, L_000001deb0870130;  1 drivers
v000001deb082abf0_0 .net *"_ivl_82", 0 0, L_000001deb08701a0;  1 drivers
v000001deb082c950_0 .net *"_ivl_88", 0 0, L_000001deb085e1d0;  1 drivers
v000001deb082b9b0_0 .net *"_ivl_90", 0 0, L_000001deb085f490;  1 drivers
v000001deb082c9f0_0 .net *"_ivl_92", 0 0, L_000001deb085e270;  1 drivers
v000001deb082b230_0 .net *"_ivl_93", 0 0, L_000001deb086fb80;  1 drivers
v000001deb082ba50_0 .net *"_ivl_95", 0 0, L_000001deb0870600;  1 drivers
v000001deb082b2d0_0 .net *"_ivl_98", 0 0, L_000001deb085e770;  1 drivers
v000001deb082cbd0_0 .net "a", 3 0, L_000001deb085f530;  1 drivers
v000001deb082b7d0_0 .net "b", 3 0, L_000001deb085d190;  1 drivers
v000001deb082bd70_0 .net "c", 4 0, L_000001deb085dff0;  1 drivers
v000001deb082baf0_0 .net "cin", 0 0, L_000001deb085f5d0;  1 drivers
v000001deb082b5f0_0 .net "cout", 0 0, L_000001deb085e310;  1 drivers
v000001deb082ac90_0 .net "g", 3 0, L_000001deb08716a0;  1 drivers
v000001deb082cef0_0 .net "group_G", 0 0, L_000001deb08710f0;  1 drivers
v000001deb082bcd0_0 .net "group_P", 0 0, L_000001deb0871550;  1 drivers
v000001deb082ad30_0 .net "p", 3 0, L_000001deb0870590;  1 drivers
v000001deb082be10_0 .net "sum", 3 0, L_000001deb086ff00;  1 drivers
L_000001deb085c5b0 .part L_000001deb08716a0, 0, 1;
L_000001deb085b110 .part L_000001deb0870590, 0, 1;
L_000001deb085bd90 .part L_000001deb085dff0, 0, 1;
L_000001deb085c650 .part L_000001deb08716a0, 1, 1;
L_000001deb085c6f0 .part L_000001deb0870590, 1, 1;
L_000001deb085cd30 .part L_000001deb08716a0, 0, 1;
L_000001deb085cdd0 .part L_000001deb0870590, 1, 1;
L_000001deb085b7f0 .part L_000001deb0870590, 0, 1;
L_000001deb085b6b0 .part L_000001deb085dff0, 0, 1;
L_000001deb085b1b0 .part L_000001deb08716a0, 2, 1;
L_000001deb085b930 .part L_000001deb0870590, 2, 1;
L_000001deb085c790 .part L_000001deb08716a0, 1, 1;
L_000001deb085c830 .part L_000001deb0870590, 2, 1;
L_000001deb085c970 .part L_000001deb0870590, 1, 1;
L_000001deb085b250 .part L_000001deb08716a0, 0, 1;
L_000001deb085b430 .part L_000001deb0870590, 2, 1;
L_000001deb085b9d0 .part L_000001deb0870590, 1, 1;
L_000001deb085d370 .part L_000001deb0870590, 0, 1;
L_000001deb085f0d0 .part L_000001deb085dff0, 0, 1;
LS_000001deb085dff0_0_0 .concat8 [ 1 1 1 1], L_000001deb0870c90, L_000001deb0870980, L_000001deb08706e0, L_000001deb08701a0;
LS_000001deb085dff0_0_4 .concat8 [ 1 0 0 0], L_000001deb086fbf0;
L_000001deb085dff0 .concat8 [ 4 1 0 0], LS_000001deb085dff0_0_0, LS_000001deb085dff0_0_4;
L_000001deb085e1d0 .part L_000001deb08716a0, 3, 1;
L_000001deb085f490 .part L_000001deb0870590, 3, 1;
L_000001deb085e270 .part L_000001deb08716a0, 2, 1;
L_000001deb085e770 .part L_000001deb0870590, 3, 1;
L_000001deb085d410 .part L_000001deb0870590, 2, 1;
L_000001deb085d230 .part L_000001deb08716a0, 1, 1;
L_000001deb085d910 .part L_000001deb0870590, 3, 1;
L_000001deb085e450 .part L_000001deb0870590, 2, 1;
L_000001deb085d050 .part L_000001deb0870590, 1, 1;
L_000001deb085d4b0 .part L_000001deb08716a0, 0, 1;
L_000001deb085e810 .part L_000001deb0870590, 3, 1;
L_000001deb085f3f0 .part L_000001deb0870590, 2, 1;
L_000001deb085ee50 .part L_000001deb0870590, 1, 1;
L_000001deb085f710 .part L_000001deb0870590, 0, 1;
L_000001deb085eef0 .part L_000001deb085dff0, 0, 1;
L_000001deb085f350 .part L_000001deb0870590, 3, 1;
L_000001deb085e6d0 .part L_000001deb0870590, 2, 1;
L_000001deb085dc30 .part L_000001deb0870590, 1, 1;
L_000001deb085da50 .part L_000001deb0870590, 0, 1;
L_000001deb085e590 .part L_000001deb08716a0, 3, 1;
L_000001deb085f170 .part L_000001deb0870590, 3, 1;
L_000001deb085d0f0 .part L_000001deb08716a0, 2, 1;
L_000001deb085daf0 .part L_000001deb0870590, 3, 1;
L_000001deb085e630 .part L_000001deb0870590, 2, 1;
L_000001deb085e3b0 .part L_000001deb08716a0, 1, 1;
L_000001deb085db90 .part L_000001deb0870590, 3, 1;
L_000001deb085e130 .part L_000001deb0870590, 2, 1;
L_000001deb085ed10 .part L_000001deb0870590, 1, 1;
L_000001deb085f2b0 .part L_000001deb08716a0, 0, 1;
L_000001deb085dd70 .part L_000001deb085dff0, 0, 4;
L_000001deb085e310 .part L_000001deb085dff0, 4, 1;
S_000001deb082de20 .scope module, "cla_upper" "cla_16bit" 2 38, 3 3 0, S_000001deb0663db0;
 .timescale -9 -12;
    .port_info 0 /INPUT 16 "a";
    .port_info 1 /INPUT 16 "b";
    .port_info 2 /INPUT 1 "cin";
    .port_info 3 /OUTPUT 16 "sum";
    .port_info 4 /OUTPUT 1 "group_G";
    .port_info 5 /OUTPUT 1 "group_P";
    .port_info 6 /OUTPUT 1 "cout";
    .port_info 7 /OUTPUT 1 "overflow";
L_000001deb0894d10 .functor BUFZ 1, L_000001deb07c5910, C4<0>, C4<0>, C4<0>;
L_000001deb0894d80 .functor AND 1, L_000001deb088a0b0, L_000001deb0889610, C4<1>, C4<1>;
L_000001deb0893b20 .functor OR 1, L_000001deb088a5b0, L_000001deb0894d80, C4<0>, C4<0>;
L_000001deb0893ce0 .functor AND 1, L_000001deb0889070, L_000001deb088af10, C4<1>, C4<1>;
L_000001deb0893e30 .functor OR 1, L_000001deb08897f0, L_000001deb0893ce0, C4<0>, C4<0>;
L_000001deb0894a70 .functor AND 1, L_000001deb08899d0, L_000001deb088b4b0, C4<1>, C4<1>;
L_000001deb0894060 .functor AND 1, L_000001deb0894a70, L_000001deb088a8d0, C4<1>, C4<1>;
L_000001deb0894ae0 .functor OR 1, L_000001deb0893e30, L_000001deb0894060, C4<0>, C4<0>;
L_000001deb0894bc0 .functor AND 1, L_000001deb088a510, L_000001deb08896b0, C4<1>, C4<1>;
L_000001deb0894e60 .functor OR 1, L_000001deb0888fd0, L_000001deb0894bc0, C4<0>, C4<0>;
L_000001deb0895410 .functor AND 1, L_000001deb0889890, L_000001deb0889110, C4<1>, C4<1>;
L_000001deb0895100 .functor AND 1, L_000001deb0895410, L_000001deb0889930, C4<1>, C4<1>;
L_000001deb08953a0 .functor OR 1, L_000001deb0894e60, L_000001deb0895100, C4<0>, C4<0>;
L_000001deb0895090 .functor AND 1, L_000001deb0889a70, L_000001deb0889b10, C4<1>, C4<1>;
L_000001deb0895480 .functor AND 1, L_000001deb0895090, L_000001deb088a790, C4<1>, C4<1>;
L_000001deb08955d0 .functor AND 1, L_000001deb0895480, L_000001deb0889bb0, C4<1>, C4<1>;
L_000001deb08954f0 .functor OR 1, L_000001deb08953a0, L_000001deb08955d0, C4<0>, C4<0>;
L_000001deb08956b0 .functor AND 1, L_000001deb0889d90, L_000001deb0889ed0, C4<1>, C4<1>;
L_000001deb0895560 .functor OR 1, L_000001deb088a970, L_000001deb08956b0, C4<0>, C4<0>;
L_000001deb0895640 .functor AND 1, L_000001deb088a3d0, L_000001deb088a470, C4<1>, C4<1>;
L_000001deb0895720 .functor AND 1, L_000001deb0895640, L_000001deb088a010, C4<1>, C4<1>;
L_000001deb0895790 .functor OR 1, L_000001deb0895560, L_000001deb0895720, C4<0>, C4<0>;
L_000001deb0895170 .functor AND 1, L_000001deb088aab0, L_000001deb088ab50, C4<1>, C4<1>;
L_000001deb08951e0 .functor AND 1, L_000001deb0895170, L_000001deb088abf0, C4<1>, C4<1>;
L_000001deb0895250 .functor AND 1, L_000001deb08951e0, L_000001deb088ac90, C4<1>, C4<1>;
L_000001deb08952c0 .functor OR 1, L_000001deb0895790, L_000001deb0895250, C4<0>, C4<0>;
L_000001deb0895330 .functor AND 1, L_000001deb088ad30, L_000001deb088add0, C4<1>, C4<1>;
L_000001deb0892000 .functor AND 1, L_000001deb0895330, L_000001deb088baf0, C4<1>, C4<1>;
L_000001deb0892930 .functor AND 1, L_000001deb0892000, L_000001deb088dcb0, C4<1>, C4<1>;
L_000001deb0891dd0 .functor AND 1, L_000001deb0892930, L_000001deb088b9b0, C4<1>, C4<1>;
L_000001deb08932d0 .functor OR 1, L_000001deb08952c0, L_000001deb0891dd0, C4<0>, C4<0>;
L_000001deb08930a0 .functor AND 1, L_000001deb088cd10, L_000001deb088b910, C4<1>, C4<1>;
L_000001deb08919e0 .functor OR 1, L_000001deb088bd70, L_000001deb08930a0, C4<0>, C4<0>;
L_000001deb0893110 .functor AND 1, L_000001deb088c130, L_000001deb088c270, C4<1>, C4<1>;
L_000001deb0892070 .functor AND 1, L_000001deb0893110, L_000001deb088c9f0, C4<1>, C4<1>;
L_000001deb0891890 .functor OR 1, L_000001deb08919e0, L_000001deb0892070, C4<0>, C4<0>;
L_000001deb08928c0 .functor AND 1, L_000001deb088d7b0, L_000001deb088ba50, C4<1>, C4<1>;
L_000001deb08920e0 .functor AND 1, L_000001deb08928c0, L_000001deb088c8b0, C4<1>, C4<1>;
L_000001deb0892150 .functor AND 1, L_000001deb08920e0, L_000001deb088c810, C4<1>, C4<1>;
L_000001deb0891b30 .functor OR 1, L_000001deb0891890, L_000001deb0892150, C4<0>, C4<0>;
L_000001deb0893340 .functor XNOR 1, L_000001deb088b7d0, L_000001deb088dd50, C4<0>, C4<0>;
L_000001deb0891ba0 .functor XOR 1, L_000001deb088db70, L_000001deb088d5d0, C4<0>, C4<0>;
L_000001deb08921c0 .functor AND 1, L_000001deb0893340, L_000001deb0891ba0, C4<1>, C4<1>;
v000001deb084ade0_0 .net *"_ivl_101", 0 0, L_000001deb08953a0;  1 drivers
v000001deb084b880_0 .net *"_ivl_104", 0 0, L_000001deb0889a70;  1 drivers
v000001deb084bba0_0 .net *"_ivl_106", 0 0, L_000001deb0889b10;  1 drivers
v000001deb084cd20_0 .net *"_ivl_107", 0 0, L_000001deb0895090;  1 drivers
v000001deb084d040_0 .net *"_ivl_110", 0 0, L_000001deb088a790;  1 drivers
v000001deb084bc40_0 .net *"_ivl_111", 0 0, L_000001deb0895480;  1 drivers
v000001deb084cfa0_0 .net *"_ivl_114", 0 0, L_000001deb0889bb0;  1 drivers
v000001deb084bd80_0 .net *"_ivl_115", 0 0, L_000001deb08955d0;  1 drivers
v000001deb084d400_0 .net *"_ivl_117", 0 0, L_000001deb08954f0;  1 drivers
v000001deb084ae80_0 .net *"_ivl_123", 0 0, L_000001deb088a970;  1 drivers
v000001deb084f3e0_0 .net *"_ivl_125", 0 0, L_000001deb0889d90;  1 drivers
v000001deb084ea80_0 .net *"_ivl_127", 0 0, L_000001deb0889ed0;  1 drivers
v000001deb084d5e0_0 .net *"_ivl_128", 0 0, L_000001deb08956b0;  1 drivers
v000001deb084e3a0_0 .net *"_ivl_130", 0 0, L_000001deb0895560;  1 drivers
v000001deb084dea0_0 .net *"_ivl_133", 0 0, L_000001deb088a3d0;  1 drivers
v000001deb084f2a0_0 .net *"_ivl_135", 0 0, L_000001deb088a470;  1 drivers
v000001deb084f840_0 .net *"_ivl_136", 0 0, L_000001deb0895640;  1 drivers
v000001deb084ed00_0 .net *"_ivl_139", 0 0, L_000001deb088a010;  1 drivers
v000001deb084fd40_0 .net *"_ivl_140", 0 0, L_000001deb0895720;  1 drivers
v000001deb084f980_0 .net *"_ivl_142", 0 0, L_000001deb0895790;  1 drivers
v000001deb084de00_0 .net *"_ivl_145", 0 0, L_000001deb088aab0;  1 drivers
v000001deb084dcc0_0 .net *"_ivl_147", 0 0, L_000001deb088ab50;  1 drivers
v000001deb084e440_0 .net *"_ivl_148", 0 0, L_000001deb0895170;  1 drivers
v000001deb084dfe0_0 .net *"_ivl_151", 0 0, L_000001deb088abf0;  1 drivers
v000001deb084d7c0_0 .net *"_ivl_152", 0 0, L_000001deb08951e0;  1 drivers
v000001deb084f660_0 .net *"_ivl_155", 0 0, L_000001deb088ac90;  1 drivers
v000001deb084f480_0 .net *"_ivl_156", 0 0, L_000001deb0895250;  1 drivers
v000001deb084fb60_0 .net *"_ivl_158", 0 0, L_000001deb08952c0;  1 drivers
v000001deb084f5c0_0 .net *"_ivl_161", 0 0, L_000001deb088ad30;  1 drivers
v000001deb084da40_0 .net *"_ivl_163", 0 0, L_000001deb088add0;  1 drivers
v000001deb084f8e0_0 .net *"_ivl_164", 0 0, L_000001deb0895330;  1 drivers
v000001deb084f520_0 .net *"_ivl_167", 0 0, L_000001deb088baf0;  1 drivers
v000001deb084e8a0_0 .net *"_ivl_168", 0 0, L_000001deb0892000;  1 drivers
v000001deb084e1c0_0 .net *"_ivl_171", 0 0, L_000001deb088dcb0;  1 drivers
v000001deb084f020_0 .net *"_ivl_172", 0 0, L_000001deb0892930;  1 drivers
v000001deb084f700_0 .net *"_ivl_175", 0 0, L_000001deb088b9b0;  1 drivers
v000001deb084fa20_0 .net *"_ivl_176", 0 0, L_000001deb0891dd0;  1 drivers
v000001deb084fca0_0 .net *"_ivl_178", 0 0, L_000001deb08932d0;  1 drivers
v000001deb084e120_0 .net *"_ivl_183", 0 0, L_000001deb088bd70;  1 drivers
v000001deb084d680_0 .net *"_ivl_185", 0 0, L_000001deb088cd10;  1 drivers
v000001deb084df40_0 .net *"_ivl_187", 0 0, L_000001deb088b910;  1 drivers
v000001deb084e080_0 .net *"_ivl_188", 0 0, L_000001deb08930a0;  1 drivers
v000001deb084f7a0_0 .net *"_ivl_190", 0 0, L_000001deb08919e0;  1 drivers
v000001deb084e620_0 .net *"_ivl_193", 0 0, L_000001deb088c130;  1 drivers
v000001deb084dae0_0 .net *"_ivl_195", 0 0, L_000001deb088c270;  1 drivers
v000001deb084eb20_0 .net *"_ivl_196", 0 0, L_000001deb0893110;  1 drivers
v000001deb084e940_0 .net *"_ivl_199", 0 0, L_000001deb088c9f0;  1 drivers
v000001deb084eda0_0 .net *"_ivl_200", 0 0, L_000001deb0892070;  1 drivers
v000001deb084d900_0 .net *"_ivl_202", 0 0, L_000001deb0891890;  1 drivers
v000001deb084e4e0_0 .net *"_ivl_205", 0 0, L_000001deb088d7b0;  1 drivers
v000001deb084e260_0 .net *"_ivl_207", 0 0, L_000001deb088ba50;  1 drivers
v000001deb084ee40_0 .net *"_ivl_208", 0 0, L_000001deb08928c0;  1 drivers
v000001deb084fc00_0 .net *"_ivl_211", 0 0, L_000001deb088c8b0;  1 drivers
v000001deb084f340_0 .net *"_ivl_212", 0 0, L_000001deb08920e0;  1 drivers
v000001deb084fac0_0 .net *"_ivl_215", 0 0, L_000001deb088c810;  1 drivers
v000001deb084d9a0_0 .net *"_ivl_216", 0 0, L_000001deb0892150;  1 drivers
v000001deb084e300_0 .net *"_ivl_223", 0 0, L_000001deb088b7d0;  1 drivers
v000001deb084d720_0 .net *"_ivl_225", 0 0, L_000001deb088dd50;  1 drivers
v000001deb084d860_0 .net *"_ivl_226", 0 0, L_000001deb0893340;  1 drivers
v000001deb084e800_0 .net *"_ivl_229", 0 0, L_000001deb088db70;  1 drivers
v000001deb084e760_0 .net *"_ivl_231", 0 0, L_000001deb088d5d0;  1 drivers
v000001deb084db80_0 .net *"_ivl_232", 0 0, L_000001deb0891ba0;  1 drivers
v000001deb084e9e0_0 .net *"_ivl_42", 0 0, L_000001deb0894d10;  1 drivers
v000001deb084dc20_0 .net *"_ivl_46", 0 0, L_000001deb088a5b0;  1 drivers
v000001deb084ebc0_0 .net *"_ivl_48", 0 0, L_000001deb088a0b0;  1 drivers
v000001deb084dd60_0 .net *"_ivl_50", 0 0, L_000001deb0889610;  1 drivers
v000001deb084e580_0 .net *"_ivl_51", 0 0, L_000001deb0894d80;  1 drivers
v000001deb084e6c0_0 .net *"_ivl_53", 0 0, L_000001deb0893b20;  1 drivers
v000001deb084ec60_0 .net *"_ivl_58", 0 0, L_000001deb08897f0;  1 drivers
v000001deb084eee0_0 .net *"_ivl_60", 0 0, L_000001deb0889070;  1 drivers
v000001deb084ef80_0 .net *"_ivl_62", 0 0, L_000001deb088af10;  1 drivers
v000001deb084f0c0_0 .net *"_ivl_63", 0 0, L_000001deb0893ce0;  1 drivers
v000001deb084f160_0 .net *"_ivl_65", 0 0, L_000001deb0893e30;  1 drivers
v000001deb084f200_0 .net *"_ivl_68", 0 0, L_000001deb08899d0;  1 drivers
v000001deb0851000_0 .net *"_ivl_70", 0 0, L_000001deb088b4b0;  1 drivers
v000001deb0850f60_0 .net *"_ivl_71", 0 0, L_000001deb0894a70;  1 drivers
v000001deb0852220_0 .net *"_ivl_74", 0 0, L_000001deb088a8d0;  1 drivers
v000001deb08511e0_0 .net *"_ivl_75", 0 0, L_000001deb0894060;  1 drivers
v000001deb0851280_0 .net *"_ivl_77", 0 0, L_000001deb0894ae0;  1 drivers
v000001deb0852360_0 .net *"_ivl_82", 0 0, L_000001deb0888fd0;  1 drivers
v000001deb0851aa0_0 .net *"_ivl_84", 0 0, L_000001deb088a510;  1 drivers
v000001deb0851460_0 .net *"_ivl_86", 0 0, L_000001deb08896b0;  1 drivers
v000001deb0850c40_0 .net *"_ivl_87", 0 0, L_000001deb0894bc0;  1 drivers
v000001deb0851e60_0 .net *"_ivl_89", 0 0, L_000001deb0894e60;  1 drivers
v000001deb08522c0_0 .net *"_ivl_92", 0 0, L_000001deb0889890;  1 drivers
v000001deb0851140_0 .net *"_ivl_94", 0 0, L_000001deb0889110;  1 drivers
v000001deb08510a0_0 .net *"_ivl_95", 0 0, L_000001deb0895410;  1 drivers
v000001deb0850100_0 .net *"_ivl_98", 0 0, L_000001deb0889930;  1 drivers
v000001deb08518c0_0 .net *"_ivl_99", 0 0, L_000001deb0895100;  1 drivers
v000001deb0851500_0 .net "a", 15 0, L_000001deb088c950;  1 drivers
v000001deb0852400_0 .net "b", 15 0, L_000001deb088c1d0;  1 drivers
v000001deb0851f00_0 .net "c", 4 0, L_000001deb0889c50;  1 drivers
v000001deb0850a60_0 .net "cin", 0 0, L_000001deb07c5910;  alias, 1 drivers
v000001deb08502e0_0 .net "cout", 0 0, L_000001deb088c310;  1 drivers
v000001deb0850880_0 .net "gg", 3 0, L_000001deb0888df0;  1 drivers
v000001deb08515a0_0 .net "gp", 3 0, L_000001deb088a290;  1 drivers
v000001deb0850920_0 .net "group_G", 0 0, L_000001deb0891b30;  1 drivers
v000001deb0851640_0 .net "group_P", 0 0, L_000001deb088c770;  1 drivers
v000001deb0850380_0 .net "overflow", 0 0, L_000001deb08921c0;  1 drivers
v000001deb08501a0_0 .net "sum", 15 0, L_000001deb088a1f0;  1 drivers
L_000001deb0862d70 .part L_000001deb088c950, 0, 4;
L_000001deb0863450 .part L_000001deb088c1d0, 0, 4;
L_000001deb0862b90 .part L_000001deb0889c50, 0, 1;
L_000001deb0865070 .part L_000001deb088c950, 4, 4;
L_000001deb0864850 .part L_000001deb088c1d0, 4, 4;
L_000001deb0864c10 .part L_000001deb0889c50, 1, 1;
L_000001deb0887590 .part L_000001deb088c950, 8, 4;
L_000001deb0888990 .part L_000001deb088c1d0, 8, 4;
L_000001deb0888a30 .part L_000001deb0889c50, 2, 1;
L_000001deb088a830 .part L_000001deb088c950, 12, 4;
L_000001deb088b190 .part L_000001deb088c1d0, 12, 4;
L_000001deb0888f30 .part L_000001deb0889c50, 3, 1;
L_000001deb088a1f0 .concat8 [ 4 4 4 4], L_000001deb0874aa0, L_000001deb0876630, L_000001deb0893ea0, L_000001deb0894990;
L_000001deb0888df0 .concat8 [ 1 1 1 1], L_000001deb0874a30, L_000001deb08765c0, L_000001deb0893dc0, L_000001deb0894b50;
L_000001deb088a290 .concat8 [ 1 1 1 1], L_000001deb0875750, L_000001deb0876c50, L_000001deb0877820, L_000001deb0894290;
L_000001deb088a5b0 .part L_000001deb0888df0, 0, 1;
L_000001deb088a0b0 .part L_000001deb088a290, 0, 1;
L_000001deb0889610 .part L_000001deb0889c50, 0, 1;
L_000001deb08897f0 .part L_000001deb0888df0, 1, 1;
L_000001deb0889070 .part L_000001deb088a290, 1, 1;
L_000001deb088af10 .part L_000001deb0888df0, 0, 1;
L_000001deb08899d0 .part L_000001deb088a290, 1, 1;
L_000001deb088b4b0 .part L_000001deb088a290, 0, 1;
L_000001deb088a8d0 .part L_000001deb0889c50, 0, 1;
L_000001deb0888fd0 .part L_000001deb0888df0, 2, 1;
L_000001deb088a510 .part L_000001deb088a290, 2, 1;
L_000001deb08896b0 .part L_000001deb0888df0, 1, 1;
L_000001deb0889890 .part L_000001deb088a290, 2, 1;
L_000001deb0889110 .part L_000001deb088a290, 1, 1;
L_000001deb0889930 .part L_000001deb0888df0, 0, 1;
L_000001deb0889a70 .part L_000001deb088a290, 2, 1;
L_000001deb0889b10 .part L_000001deb088a290, 1, 1;
L_000001deb088a790 .part L_000001deb088a290, 0, 1;
L_000001deb0889bb0 .part L_000001deb0889c50, 0, 1;
LS_000001deb0889c50_0_0 .concat8 [ 1 1 1 1], L_000001deb0894d10, L_000001deb0893b20, L_000001deb0894ae0, L_000001deb08954f0;
LS_000001deb0889c50_0_4 .concat8 [ 1 0 0 0], L_000001deb08932d0;
L_000001deb0889c50 .concat8 [ 4 1 0 0], LS_000001deb0889c50_0_0, LS_000001deb0889c50_0_4;
L_000001deb088a970 .part L_000001deb0888df0, 3, 1;
L_000001deb0889d90 .part L_000001deb088a290, 3, 1;
L_000001deb0889ed0 .part L_000001deb0888df0, 2, 1;
L_000001deb088a3d0 .part L_000001deb088a290, 3, 1;
L_000001deb088a470 .part L_000001deb088a290, 2, 1;
L_000001deb088a010 .part L_000001deb0888df0, 1, 1;
L_000001deb088aab0 .part L_000001deb088a290, 3, 1;
L_000001deb088ab50 .part L_000001deb088a290, 2, 1;
L_000001deb088abf0 .part L_000001deb088a290, 1, 1;
L_000001deb088ac90 .part L_000001deb0888df0, 0, 1;
L_000001deb088ad30 .part L_000001deb088a290, 3, 1;
L_000001deb088add0 .part L_000001deb088a290, 2, 1;
L_000001deb088baf0 .part L_000001deb088a290, 1, 1;
L_000001deb088dcb0 .part L_000001deb088a290, 0, 1;
L_000001deb088b9b0 .part L_000001deb0889c50, 0, 1;
L_000001deb088c770 .reduce/and L_000001deb088a290;
L_000001deb088bd70 .part L_000001deb0888df0, 3, 1;
L_000001deb088cd10 .part L_000001deb088a290, 3, 1;
L_000001deb088b910 .part L_000001deb0888df0, 2, 1;
L_000001deb088c130 .part L_000001deb088a290, 3, 1;
L_000001deb088c270 .part L_000001deb088a290, 2, 1;
L_000001deb088c9f0 .part L_000001deb0888df0, 1, 1;
L_000001deb088d7b0 .part L_000001deb088a290, 3, 1;
L_000001deb088ba50 .part L_000001deb088a290, 2, 1;
L_000001deb088c8b0 .part L_000001deb088a290, 1, 1;
L_000001deb088c810 .part L_000001deb0888df0, 0, 1;
L_000001deb088c310 .part L_000001deb0889c50, 4, 1;
L_000001deb088b7d0 .part L_000001deb088c950, 15, 1;
L_000001deb088dd50 .part L_000001deb088c1d0, 15, 1;
L_000001deb088db70 .part L_000001deb088a1f0, 15, 1;
L_000001deb088d5d0 .part L_000001deb088c950, 15, 1;
S_000001deb083a870 .scope generate, "cla4_blocks[0]" "cla4_blocks[0]" 3 32, 3 32 0, S_000001deb082de20;
 .timescale -9 -12;
P_000001deb07ba7d0 .param/l "i" 0 3 32, +C4<00>;
S_000001deb083aa00 .scope module, "block" "cla_4bit" 3 33, 4 3 0, S_000001deb083a870;
 .timescale -9 -12;
    .port_info 0 /INPUT 4 "a";
    .port_info 1 /INPUT 4 "b";
    .port_info 2 /INPUT 1 "cin";
    .port_info 3 /OUTPUT 4 "sum";
    .port_info 4 /OUTPUT 1 "group_G";
    .port_info 5 /OUTPUT 1 "group_P";
    .port_info 6 /OUTPUT 1 "cout";
L_000001deb0874100 .functor AND 4, L_000001deb0862d70, L_000001deb0863450, C4<1111>, C4<1111>;
L_000001deb0875520 .functor XOR 4, L_000001deb0862d70, L_000001deb0863450, C4<0000>, C4<0000>;
L_000001deb0874090 .functor BUFZ 1, L_000001deb0862b90, C4<0>, C4<0>, C4<0>;
L_000001deb0874db0 .functor AND 1, L_000001deb085fad0, L_000001deb0860930, C4<1>, C4<1>;
L_000001deb0875980 .functor OR 1, L_000001deb0861bf0, L_000001deb0874db0, C4<0>, C4<0>;
L_000001deb0874170 .functor AND 1, L_000001deb0861f10, L_000001deb08604d0, C4<1>, C4<1>;
L_000001deb0874250 .functor OR 1, L_000001deb08611f0, L_000001deb0874170, C4<0>, C4<0>;
L_000001deb08742c0 .functor AND 1, L_000001deb08601b0, L_000001deb0861290, C4<1>, C4<1>;
L_000001deb0874560 .functor AND 1, L_000001deb08742c0, L_000001deb0861fb0, C4<1>, C4<1>;
L_000001deb0873e60 .functor OR 1, L_000001deb0874250, L_000001deb0874560, C4<0>, C4<0>;
L_000001deb08745d0 .functor AND 1, L_000001deb0860570, L_000001deb0860cf0, C4<1>, C4<1>;
L_000001deb0875130 .functor OR 1, L_000001deb08615b0, L_000001deb08745d0, C4<0>, C4<0>;
L_000001deb0874e20 .functor AND 1, L_000001deb0860a70, L_000001deb0860e30, C4<1>, C4<1>;
L_000001deb0874800 .functor AND 1, L_000001deb0874e20, L_000001deb0860ed0, C4<1>, C4<1>;
L_000001deb0874fe0 .functor OR 1, L_000001deb0875130, L_000001deb0874800, C4<0>, C4<0>;
L_000001deb0874330 .functor AND 1, L_000001deb0861ab0, L_000001deb0861330, C4<1>, C4<1>;
L_000001deb0875910 .functor AND 1, L_000001deb0874330, L_000001deb085f850, C4<1>, C4<1>;
L_000001deb0875670 .functor AND 1, L_000001deb0875910, L_000001deb0861470, C4<1>, C4<1>;
L_000001deb0874720 .functor OR 1, L_000001deb0874fe0, L_000001deb0875670, C4<0>, C4<0>;
L_000001deb08749c0 .functor AND 1, L_000001deb085fcb0, L_000001deb0861a10, C4<1>, C4<1>;
L_000001deb08756e0 .functor OR 1, L_000001deb0861510, L_000001deb08749c0, C4<0>, C4<0>;
L_000001deb08752f0 .functor AND 1, L_000001deb0861650, L_000001deb0861830, C4<1>, C4<1>;
L_000001deb0875830 .functor AND 1, L_000001deb08752f0, L_000001deb0861d30, C4<1>, C4<1>;
L_000001deb0875590 .functor OR 1, L_000001deb08756e0, L_000001deb0875830, C4<0>, C4<0>;
L_000001deb0874640 .functor AND 1, L_000001deb0861dd0, L_000001deb085fd50, C4<1>, C4<1>;
L_000001deb0874f70 .functor AND 1, L_000001deb0874640, L_000001deb0861e70, C4<1>, C4<1>;
L_000001deb08758a0 .functor AND 1, L_000001deb0874f70, L_000001deb085fdf0, C4<1>, C4<1>;
L_000001deb08746b0 .functor OR 1, L_000001deb0875590, L_000001deb08758a0, C4<0>, C4<0>;
L_000001deb08743a0 .functor AND 1, L_000001deb0860250, L_000001deb085fe90, C4<1>, C4<1>;
L_000001deb0874790 .functor AND 1, L_000001deb08743a0, L_000001deb085ff30, C4<1>, C4<1>;
L_000001deb0874870 .functor AND 1, L_000001deb0874790, L_000001deb085ffd0, C4<1>, C4<1>;
L_000001deb0873ed0 .functor AND 1, L_000001deb0874870, L_000001deb08602f0, C4<1>, C4<1>;
L_000001deb0875600 .functor OR 1, L_000001deb08746b0, L_000001deb0873ed0, C4<0>, C4<0>;
L_000001deb08748e0 .functor AND 1, L_000001deb08645d0, L_000001deb0863270, C4<1>, C4<1>;
L_000001deb0874e90 .functor AND 1, L_000001deb08748e0, L_000001deb0864670, C4<1>, C4<1>;
L_000001deb0875750 .functor AND 1, L_000001deb0874e90, L_000001deb08634f0, C4<1>, C4<1>;
L_000001deb08757c0 .functor AND 1, L_000001deb0864530, L_000001deb0862190, C4<1>, C4<1>;
L_000001deb0874020 .functor OR 1, L_000001deb08636d0, L_000001deb08757c0, C4<0>, C4<0>;
L_000001deb0873f40 .functor AND 1, L_000001deb0863310, L_000001deb0862370, C4<1>, C4<1>;
L_000001deb0873fb0 .functor AND 1, L_000001deb0873f40, L_000001deb0862cd0, C4<1>, C4<1>;
L_000001deb0874950 .functor OR 1, L_000001deb0874020, L_000001deb0873fb0, C4<0>, C4<0>;
L_000001deb0874410 .functor AND 1, L_000001deb0862af0, L_000001deb0862a50, C4<1>, C4<1>;
L_000001deb0874480 .functor AND 1, L_000001deb0874410, L_000001deb0863090, C4<1>, C4<1>;
L_000001deb08744f0 .functor AND 1, L_000001deb0874480, L_000001deb0864710, C4<1>, C4<1>;
L_000001deb0874a30 .functor OR 1, L_000001deb0874950, L_000001deb08744f0, C4<0>, C4<0>;
L_000001deb0874aa0 .functor XOR 4, L_000001deb0875520, L_000001deb0863770, C4<0000>, C4<0000>;
v000001deb082fd00_0 .net *"_ivl_100", 0 0, L_000001deb0861830;  1 drivers
v000001deb082f120_0 .net *"_ivl_101", 0 0, L_000001deb08752f0;  1 drivers
v000001deb082eae0_0 .net *"_ivl_104", 0 0, L_000001deb0861d30;  1 drivers
v000001deb082eb80_0 .net *"_ivl_105", 0 0, L_000001deb0875830;  1 drivers
v000001deb0830020_0 .net *"_ivl_107", 0 0, L_000001deb0875590;  1 drivers
v000001deb082fe40_0 .net *"_ivl_11", 0 0, L_000001deb0861bf0;  1 drivers
v000001deb082fee0_0 .net *"_ivl_110", 0 0, L_000001deb0861dd0;  1 drivers
v000001deb08300c0_0 .net *"_ivl_112", 0 0, L_000001deb085fd50;  1 drivers
v000001deb082ec20_0 .net *"_ivl_113", 0 0, L_000001deb0874640;  1 drivers
v000001deb082f1c0_0 .net *"_ivl_116", 0 0, L_000001deb0861e70;  1 drivers
v000001deb082f260_0 .net *"_ivl_117", 0 0, L_000001deb0874f70;  1 drivers
v000001deb082f300_0 .net *"_ivl_120", 0 0, L_000001deb085fdf0;  1 drivers
v000001deb0830160_0 .net *"_ivl_121", 0 0, L_000001deb08758a0;  1 drivers
v000001deb0830200_0 .net *"_ivl_123", 0 0, L_000001deb08746b0;  1 drivers
v000001deb0830de0_0 .net *"_ivl_126", 0 0, L_000001deb0860250;  1 drivers
v000001deb0831f60_0 .net *"_ivl_128", 0 0, L_000001deb085fe90;  1 drivers
v000001deb0831380_0 .net *"_ivl_129", 0 0, L_000001deb08743a0;  1 drivers
v000001deb0831920_0 .net *"_ivl_13", 0 0, L_000001deb085fad0;  1 drivers
v000001deb08319c0_0 .net *"_ivl_132", 0 0, L_000001deb085ff30;  1 drivers
v000001deb0831420_0 .net *"_ivl_133", 0 0, L_000001deb0874790;  1 drivers
v000001deb0833360_0 .net *"_ivl_136", 0 0, L_000001deb085ffd0;  1 drivers
v000001deb0831a60_0 .net *"_ivl_137", 0 0, L_000001deb0874870;  1 drivers
v000001deb08321e0_0 .net *"_ivl_140", 0 0, L_000001deb08602f0;  1 drivers
v000001deb08314c0_0 .net *"_ivl_141", 0 0, L_000001deb0873ed0;  1 drivers
v000001deb08332c0_0 .net *"_ivl_143", 0 0, L_000001deb0875600;  1 drivers
v000001deb0831740_0 .net *"_ivl_146", 0 0, L_000001deb08645d0;  1 drivers
v000001deb08323c0_0 .net *"_ivl_148", 0 0, L_000001deb0863270;  1 drivers
v000001deb08317e0_0 .net *"_ivl_149", 0 0, L_000001deb08748e0;  1 drivers
v000001deb0831ce0_0 .net *"_ivl_15", 0 0, L_000001deb0860930;  1 drivers
v000001deb0831060_0 .net *"_ivl_152", 0 0, L_000001deb0864670;  1 drivers
v000001deb0832460_0 .net *"_ivl_153", 0 0, L_000001deb0874e90;  1 drivers
v000001deb0831240_0 .net *"_ivl_156", 0 0, L_000001deb08634f0;  1 drivers
v000001deb0831880_0 .net *"_ivl_16", 0 0, L_000001deb0874db0;  1 drivers
v000001deb0831e20_0 .net *"_ivl_160", 0 0, L_000001deb08636d0;  1 drivers
v000001deb0833400_0 .net *"_ivl_162", 0 0, L_000001deb0864530;  1 drivers
v000001deb0830fc0_0 .net *"_ivl_164", 0 0, L_000001deb0862190;  1 drivers
v000001deb0832a00_0 .net *"_ivl_165", 0 0, L_000001deb08757c0;  1 drivers
v000001deb0831b00_0 .net *"_ivl_167", 0 0, L_000001deb0874020;  1 drivers
v000001deb08320a0_0 .net *"_ivl_170", 0 0, L_000001deb0863310;  1 drivers
v000001deb0831ba0_0 .net *"_ivl_172", 0 0, L_000001deb0862370;  1 drivers
v000001deb0832be0_0 .net *"_ivl_173", 0 0, L_000001deb0873f40;  1 drivers
v000001deb0832820_0 .net *"_ivl_176", 0 0, L_000001deb0862cd0;  1 drivers
v000001deb0832140_0 .net *"_ivl_177", 0 0, L_000001deb0873fb0;  1 drivers
v000001deb0831d80_0 .net *"_ivl_179", 0 0, L_000001deb0874950;  1 drivers
v000001deb0832280_0 .net *"_ivl_18", 0 0, L_000001deb0875980;  1 drivers
v000001deb0832000_0 .net *"_ivl_182", 0 0, L_000001deb0862af0;  1 drivers
v000001deb0831100_0 .net *"_ivl_184", 0 0, L_000001deb0862a50;  1 drivers
v000001deb0832320_0 .net *"_ivl_185", 0 0, L_000001deb0874410;  1 drivers
v000001deb08328c0_0 .net *"_ivl_188", 0 0, L_000001deb0863090;  1 drivers
v000001deb0832500_0 .net *"_ivl_189", 0 0, L_000001deb0874480;  1 drivers
v000001deb0831c40_0 .net *"_ivl_192", 0 0, L_000001deb0864710;  1 drivers
v000001deb08325a0_0 .net *"_ivl_193", 0 0, L_000001deb08744f0;  1 drivers
v000001deb0830e80_0 .net *"_ivl_198", 3 0, L_000001deb0863770;  1 drivers
v000001deb0832b40_0 .net *"_ivl_23", 0 0, L_000001deb08611f0;  1 drivers
v000001deb08311a0_0 .net *"_ivl_25", 0 0, L_000001deb0861f10;  1 drivers
v000001deb08326e0_0 .net *"_ivl_27", 0 0, L_000001deb08604d0;  1 drivers
v000001deb0830ca0_0 .net *"_ivl_28", 0 0, L_000001deb0874170;  1 drivers
v000001deb0830d40_0 .net *"_ivl_30", 0 0, L_000001deb0874250;  1 drivers
v000001deb0831ec0_0 .net *"_ivl_33", 0 0, L_000001deb08601b0;  1 drivers
v000001deb0832640_0 .net *"_ivl_35", 0 0, L_000001deb0861290;  1 drivers
v000001deb0832fa0_0 .net *"_ivl_36", 0 0, L_000001deb08742c0;  1 drivers
v000001deb08312e0_0 .net *"_ivl_39", 0 0, L_000001deb0861fb0;  1 drivers
v000001deb0832780_0 .net *"_ivl_40", 0 0, L_000001deb0874560;  1 drivers
v000001deb0832960_0 .net *"_ivl_42", 0 0, L_000001deb0873e60;  1 drivers
v000001deb0830f20_0 .net *"_ivl_47", 0 0, L_000001deb08615b0;  1 drivers
v000001deb0832aa0_0 .net *"_ivl_49", 0 0, L_000001deb0860570;  1 drivers
v000001deb0833220_0 .net *"_ivl_51", 0 0, L_000001deb0860cf0;  1 drivers
v000001deb0832c80_0 .net *"_ivl_52", 0 0, L_000001deb08745d0;  1 drivers
v000001deb0831560_0 .net *"_ivl_54", 0 0, L_000001deb0875130;  1 drivers
v000001deb0833040_0 .net *"_ivl_57", 0 0, L_000001deb0860a70;  1 drivers
v000001deb0832d20_0 .net *"_ivl_59", 0 0, L_000001deb0860e30;  1 drivers
v000001deb0832dc0_0 .net *"_ivl_60", 0 0, L_000001deb0874e20;  1 drivers
v000001deb0832e60_0 .net *"_ivl_63", 0 0, L_000001deb0860ed0;  1 drivers
v000001deb0831600_0 .net *"_ivl_64", 0 0, L_000001deb0874800;  1 drivers
v000001deb08316a0_0 .net *"_ivl_66", 0 0, L_000001deb0874fe0;  1 drivers
v000001deb0832f00_0 .net *"_ivl_69", 0 0, L_000001deb0861ab0;  1 drivers
v000001deb08330e0_0 .net *"_ivl_7", 0 0, L_000001deb0874090;  1 drivers
v000001deb0833180_0 .net *"_ivl_71", 0 0, L_000001deb0861330;  1 drivers
v000001deb0834bc0_0 .net *"_ivl_72", 0 0, L_000001deb0874330;  1 drivers
v000001deb0834da0_0 .net *"_ivl_75", 0 0, L_000001deb085f850;  1 drivers
v000001deb0834260_0 .net *"_ivl_76", 0 0, L_000001deb0875910;  1 drivers
v000001deb0833680_0 .net *"_ivl_79", 0 0, L_000001deb0861470;  1 drivers
v000001deb0833c20_0 .net *"_ivl_80", 0 0, L_000001deb0875670;  1 drivers
v000001deb0833d60_0 .net *"_ivl_82", 0 0, L_000001deb0874720;  1 drivers
v000001deb0834760_0 .net *"_ivl_88", 0 0, L_000001deb0861510;  1 drivers
v000001deb0833ea0_0 .net *"_ivl_90", 0 0, L_000001deb085fcb0;  1 drivers
v000001deb0834800_0 .net *"_ivl_92", 0 0, L_000001deb0861a10;  1 drivers
v000001deb0834c60_0 .net *"_ivl_93", 0 0, L_000001deb08749c0;  1 drivers
v000001deb0833fe0_0 .net *"_ivl_95", 0 0, L_000001deb08756e0;  1 drivers
v000001deb08350c0_0 .net *"_ivl_98", 0 0, L_000001deb0861650;  1 drivers
v000001deb0834d00_0 .net "a", 3 0, L_000001deb0862d70;  1 drivers
v000001deb08343a0_0 .net "b", 3 0, L_000001deb0863450;  1 drivers
v000001deb0835160_0 .net "c", 4 0, L_000001deb085fc10;  1 drivers
v000001deb08335e0_0 .net "cin", 0 0, L_000001deb0862b90;  1 drivers
v000001deb0833860_0 .net "cout", 0 0, L_000001deb0862230;  1 drivers
v000001deb08357a0_0 .net "g", 3 0, L_000001deb0874100;  1 drivers
v000001deb0834440_0 .net "group_G", 0 0, L_000001deb0874a30;  1 drivers
v000001deb08348a0_0 .net "group_P", 0 0, L_000001deb0875750;  1 drivers
v000001deb0835a20_0 .net "p", 3 0, L_000001deb0875520;  1 drivers
v000001deb0833a40_0 .net "sum", 3 0, L_000001deb0874aa0;  1 drivers
L_000001deb0861bf0 .part L_000001deb0874100, 0, 1;
L_000001deb085fad0 .part L_000001deb0875520, 0, 1;
L_000001deb0860930 .part L_000001deb085fc10, 0, 1;
L_000001deb08611f0 .part L_000001deb0874100, 1, 1;
L_000001deb0861f10 .part L_000001deb0875520, 1, 1;
L_000001deb08604d0 .part L_000001deb0874100, 0, 1;
L_000001deb08601b0 .part L_000001deb0875520, 1, 1;
L_000001deb0861290 .part L_000001deb0875520, 0, 1;
L_000001deb0861fb0 .part L_000001deb085fc10, 0, 1;
L_000001deb08615b0 .part L_000001deb0874100, 2, 1;
L_000001deb0860570 .part L_000001deb0875520, 2, 1;
L_000001deb0860cf0 .part L_000001deb0874100, 1, 1;
L_000001deb0860a70 .part L_000001deb0875520, 2, 1;
L_000001deb0860e30 .part L_000001deb0875520, 1, 1;
L_000001deb0860ed0 .part L_000001deb0874100, 0, 1;
L_000001deb0861ab0 .part L_000001deb0875520, 2, 1;
L_000001deb0861330 .part L_000001deb0875520, 1, 1;
L_000001deb085f850 .part L_000001deb0875520, 0, 1;
L_000001deb0861470 .part L_000001deb085fc10, 0, 1;
LS_000001deb085fc10_0_0 .concat8 [ 1 1 1 1], L_000001deb0874090, L_000001deb0875980, L_000001deb0873e60, L_000001deb0874720;
LS_000001deb085fc10_0_4 .concat8 [ 1 0 0 0], L_000001deb0875600;
L_000001deb085fc10 .concat8 [ 4 1 0 0], LS_000001deb085fc10_0_0, LS_000001deb085fc10_0_4;
L_000001deb0861510 .part L_000001deb0874100, 3, 1;
L_000001deb085fcb0 .part L_000001deb0875520, 3, 1;
L_000001deb0861a10 .part L_000001deb0874100, 2, 1;
L_000001deb0861650 .part L_000001deb0875520, 3, 1;
L_000001deb0861830 .part L_000001deb0875520, 2, 1;
L_000001deb0861d30 .part L_000001deb0874100, 1, 1;
L_000001deb0861dd0 .part L_000001deb0875520, 3, 1;
L_000001deb085fd50 .part L_000001deb0875520, 2, 1;
L_000001deb0861e70 .part L_000001deb0875520, 1, 1;
L_000001deb085fdf0 .part L_000001deb0874100, 0, 1;
L_000001deb0860250 .part L_000001deb0875520, 3, 1;
L_000001deb085fe90 .part L_000001deb0875520, 2, 1;
L_000001deb085ff30 .part L_000001deb0875520, 1, 1;
L_000001deb085ffd0 .part L_000001deb0875520, 0, 1;
L_000001deb08602f0 .part L_000001deb085fc10, 0, 1;
L_000001deb08645d0 .part L_000001deb0875520, 3, 1;
L_000001deb0863270 .part L_000001deb0875520, 2, 1;
L_000001deb0864670 .part L_000001deb0875520, 1, 1;
L_000001deb08634f0 .part L_000001deb0875520, 0, 1;
L_000001deb08636d0 .part L_000001deb0874100, 3, 1;
L_000001deb0864530 .part L_000001deb0875520, 3, 1;
L_000001deb0862190 .part L_000001deb0874100, 2, 1;
L_000001deb0863310 .part L_000001deb0875520, 3, 1;
L_000001deb0862370 .part L_000001deb0875520, 2, 1;
L_000001deb0862cd0 .part L_000001deb0874100, 1, 1;
L_000001deb0862af0 .part L_000001deb0875520, 3, 1;
L_000001deb0862a50 .part L_000001deb0875520, 2, 1;
L_000001deb0863090 .part L_000001deb0875520, 1, 1;
L_000001deb0864710 .part L_000001deb0874100, 0, 1;
L_000001deb0863770 .part L_000001deb085fc10, 0, 4;
L_000001deb0862230 .part L_000001deb085fc10, 4, 1;
S_000001deb083ab90 .scope generate, "cla4_blocks[1]" "cla4_blocks[1]" 3 32, 3 32 0, S_000001deb082de20;
 .timescale -9 -12;
P_000001deb07bb590 .param/l "i" 0 3 32, +C4<01>;
S_000001deb08431c0 .scope module, "block" "cla_4bit" 3 33, 4 3 0, S_000001deb083ab90;
 .timescale -9 -12;
    .port_info 0 /INPUT 4 "a";
    .port_info 1 /INPUT 4 "b";
    .port_info 2 /INPUT 1 "cin";
    .port_info 3 /OUTPUT 4 "sum";
    .port_info 4 /OUTPUT 1 "group_G";
    .port_info 5 /OUTPUT 1 "group_P";
    .port_info 6 /OUTPUT 1 "cout";
L_000001deb0874f00 .functor AND 4, L_000001deb0865070, L_000001deb0864850, C4<1111>, C4<1111>;
L_000001deb0875050 .functor XOR 4, L_000001deb0865070, L_000001deb0864850, C4<0000>, C4<0000>;
L_000001deb08750c0 .functor BUFZ 1, L_000001deb0864c10, C4<0>, C4<0>, C4<0>;
L_000001deb0876be0 .functor AND 1, L_000001deb0863810, L_000001deb0863f90, C4<1>, C4<1>;
L_000001deb0877200 .functor OR 1, L_000001deb0864210, L_000001deb0876be0, C4<0>, C4<0>;
L_000001deb08767f0 .functor AND 1, L_000001deb0862e10, L_000001deb08647b0, C4<1>, C4<1>;
L_000001deb0876940 .functor OR 1, L_000001deb0862410, L_000001deb08767f0, C4<0>, C4<0>;
L_000001deb08774a0 .functor AND 1, L_000001deb08642b0, L_000001deb08638b0, C4<1>, C4<1>;
L_000001deb0877510 .functor AND 1, L_000001deb08774a0, L_000001deb08631d0, C4<1>, C4<1>;
L_000001deb0876ef0 .functor OR 1, L_000001deb0876940, L_000001deb0877510, C4<0>, C4<0>;
L_000001deb08760f0 .functor AND 1, L_000001deb08624b0, L_000001deb0862050, C4<1>, C4<1>;
L_000001deb0877580 .functor OR 1, L_000001deb0862eb0, L_000001deb08760f0, C4<0>, C4<0>;
L_000001deb0876710 .functor AND 1, L_000001deb0862c30, L_000001deb08643f0, C4<1>, C4<1>;
L_000001deb0876160 .functor AND 1, L_000001deb0876710, L_000001deb08620f0, C4<1>, C4<1>;
L_000001deb0875d70 .functor OR 1, L_000001deb0877580, L_000001deb0876160, C4<0>, C4<0>;
L_000001deb0876390 .functor AND 1, L_000001deb0863950, L_000001deb08639f0, C4<1>, C4<1>;
L_000001deb0876080 .functor AND 1, L_000001deb0876390, L_000001deb0862f50, C4<1>, C4<1>;
L_000001deb0876780 .functor AND 1, L_000001deb0876080, L_000001deb0862ff0, C4<1>, C4<1>;
L_000001deb08761d0 .functor OR 1, L_000001deb0875d70, L_000001deb0876780, C4<0>, C4<0>;
L_000001deb0876470 .functor AND 1, L_000001deb0863590, L_000001deb0862690, C4<1>, C4<1>;
L_000001deb08766a0 .functor OR 1, L_000001deb0864350, L_000001deb0876470, C4<0>, C4<0>;
L_000001deb0877270 .functor AND 1, L_000001deb0864490, L_000001deb08633b0, C4<1>, C4<1>;
L_000001deb0875d00 .functor AND 1, L_000001deb0877270, L_000001deb08622d0, C4<1>, C4<1>;
L_000001deb0876550 .functor OR 1, L_000001deb08766a0, L_000001deb0875d00, C4<0>, C4<0>;
L_000001deb0875ec0 .functor AND 1, L_000001deb08640d0, L_000001deb0863130, C4<1>, C4<1>;
L_000001deb0876da0 .functor AND 1, L_000001deb0875ec0, L_000001deb0863630, C4<1>, C4<1>;
L_000001deb08769b0 .functor AND 1, L_000001deb0876da0, L_000001deb0862550, C4<1>, C4<1>;
L_000001deb0875c90 .functor OR 1, L_000001deb0876550, L_000001deb08769b0, C4<0>, C4<0>;
L_000001deb0875de0 .functor AND 1, L_000001deb08625f0, L_000001deb0863c70, C4<1>, C4<1>;
L_000001deb0876b00 .functor AND 1, L_000001deb0875de0, L_000001deb0863a90, C4<1>, C4<1>;
L_000001deb0876a20 .functor AND 1, L_000001deb0876b00, L_000001deb0862730, C4<1>, C4<1>;
L_000001deb0876400 .functor AND 1, L_000001deb0876a20, L_000001deb0863b30, C4<1>, C4<1>;
L_000001deb08759f0 .functor OR 1, L_000001deb0875c90, L_000001deb0876400, C4<0>, C4<0>;
L_000001deb08762b0 .functor AND 1, L_000001deb08627d0, L_000001deb0862870, C4<1>, C4<1>;
L_000001deb0876b70 .functor AND 1, L_000001deb08762b0, L_000001deb0863d10, C4<1>, C4<1>;
L_000001deb0876c50 .functor AND 1, L_000001deb0876b70, L_000001deb0863db0, C4<1>, C4<1>;
L_000001deb0876240 .functor AND 1, L_000001deb0863e50, L_000001deb08629b0, C4<1>, C4<1>;
L_000001deb0875a60 .functor OR 1, L_000001deb0862910, L_000001deb0876240, C4<0>, C4<0>;
L_000001deb0875f30 .functor AND 1, L_000001deb0863ef0, L_000001deb0864030, C4<1>, C4<1>;
L_000001deb0876320 .functor AND 1, L_000001deb0875f30, L_000001deb0864170, C4<1>, C4<1>;
L_000001deb0875fa0 .functor OR 1, L_000001deb0875a60, L_000001deb0876320, C4<0>, C4<0>;
L_000001deb0875ad0 .functor AND 1, L_000001deb0864d50, L_000001deb08652f0, C4<1>, C4<1>;
L_000001deb08764e0 .functor AND 1, L_000001deb0875ad0, L_000001deb0864a30, C4<1>, C4<1>;
L_000001deb0876010 .functor AND 1, L_000001deb08764e0, L_000001deb08656b0, C4<1>, C4<1>;
L_000001deb08765c0 .functor OR 1, L_000001deb0875fa0, L_000001deb0876010, C4<0>, C4<0>;
L_000001deb0876630 .functor XOR 4, L_000001deb0875050, L_000001deb08648f0, C4<0000>, C4<0000>;
v000001deb0835980_0 .net *"_ivl_100", 0 0, L_000001deb08633b0;  1 drivers
v000001deb0835520_0 .net *"_ivl_101", 0 0, L_000001deb0877270;  1 drivers
v000001deb0833b80_0 .net *"_ivl_104", 0 0, L_000001deb08622d0;  1 drivers
v000001deb08339a0_0 .net *"_ivl_105", 0 0, L_000001deb0875d00;  1 drivers
v000001deb0833cc0_0 .net *"_ivl_107", 0 0, L_000001deb0876550;  1 drivers
v000001deb0834f80_0 .net *"_ivl_11", 0 0, L_000001deb0864210;  1 drivers
v000001deb0834b20_0 .net *"_ivl_110", 0 0, L_000001deb08640d0;  1 drivers
v000001deb08358e0_0 .net *"_ivl_112", 0 0, L_000001deb0863130;  1 drivers
v000001deb08355c0_0 .net *"_ivl_113", 0 0, L_000001deb0875ec0;  1 drivers
v000001deb0835ac0_0 .net *"_ivl_116", 0 0, L_000001deb0863630;  1 drivers
v000001deb0833f40_0 .net *"_ivl_117", 0 0, L_000001deb0876da0;  1 drivers
v000001deb0834e40_0 .net *"_ivl_120", 0 0, L_000001deb0862550;  1 drivers
v000001deb0834080_0 .net *"_ivl_121", 0 0, L_000001deb08769b0;  1 drivers
v000001deb08344e0_0 .net *"_ivl_123", 0 0, L_000001deb0875c90;  1 drivers
v000001deb0833900_0 .net *"_ivl_126", 0 0, L_000001deb08625f0;  1 drivers
v000001deb0834ee0_0 .net *"_ivl_128", 0 0, L_000001deb0863c70;  1 drivers
v000001deb0833ae0_0 .net *"_ivl_129", 0 0, L_000001deb0875de0;  1 drivers
v000001deb0834120_0 .net *"_ivl_13", 0 0, L_000001deb0863810;  1 drivers
v000001deb0834620_0 .net *"_ivl_132", 0 0, L_000001deb0863a90;  1 drivers
v000001deb0835c00_0 .net *"_ivl_133", 0 0, L_000001deb0876b00;  1 drivers
v000001deb08337c0_0 .net *"_ivl_136", 0 0, L_000001deb0862730;  1 drivers
v000001deb0835200_0 .net *"_ivl_137", 0 0, L_000001deb0876a20;  1 drivers
v000001deb08341c0_0 .net *"_ivl_140", 0 0, L_000001deb0863b30;  1 drivers
v000001deb0834940_0 .net *"_ivl_141", 0 0, L_000001deb0876400;  1 drivers
v000001deb0834300_0 .net *"_ivl_143", 0 0, L_000001deb08759f0;  1 drivers
v000001deb08353e0_0 .net *"_ivl_146", 0 0, L_000001deb08627d0;  1 drivers
v000001deb0835020_0 .net *"_ivl_148", 0 0, L_000001deb0862870;  1 drivers
v000001deb08349e0_0 .net *"_ivl_149", 0 0, L_000001deb08762b0;  1 drivers
v000001deb0834580_0 .net *"_ivl_15", 0 0, L_000001deb0863f90;  1 drivers
v000001deb0834a80_0 .net *"_ivl_152", 0 0, L_000001deb0863d10;  1 drivers
v000001deb08352a0_0 .net *"_ivl_153", 0 0, L_000001deb0876b70;  1 drivers
v000001deb0833e00_0 .net *"_ivl_156", 0 0, L_000001deb0863db0;  1 drivers
v000001deb0835340_0 .net *"_ivl_16", 0 0, L_000001deb0876be0;  1 drivers
v000001deb0835480_0 .net *"_ivl_160", 0 0, L_000001deb0862910;  1 drivers
v000001deb0835660_0 .net *"_ivl_162", 0 0, L_000001deb0863e50;  1 drivers
v000001deb08346c0_0 .net *"_ivl_164", 0 0, L_000001deb08629b0;  1 drivers
v000001deb0835700_0 .net *"_ivl_165", 0 0, L_000001deb0876240;  1 drivers
v000001deb0833720_0 .net *"_ivl_167", 0 0, L_000001deb0875a60;  1 drivers
v000001deb0835840_0 .net *"_ivl_170", 0 0, L_000001deb0863ef0;  1 drivers
v000001deb0835b60_0 .net *"_ivl_172", 0 0, L_000001deb0864030;  1 drivers
v000001deb08334a0_0 .net *"_ivl_173", 0 0, L_000001deb0875f30;  1 drivers
v000001deb0833540_0 .net *"_ivl_176", 0 0, L_000001deb0864170;  1 drivers
v000001deb0836380_0 .net *"_ivl_177", 0 0, L_000001deb0876320;  1 drivers
v000001deb0835fc0_0 .net *"_ivl_179", 0 0, L_000001deb0875fa0;  1 drivers
v000001deb0836060_0 .net *"_ivl_18", 0 0, L_000001deb0877200;  1 drivers
v000001deb0836100_0 .net *"_ivl_182", 0 0, L_000001deb0864d50;  1 drivers
v000001deb08361a0_0 .net *"_ivl_184", 0 0, L_000001deb08652f0;  1 drivers
v000001deb0836240_0 .net *"_ivl_185", 0 0, L_000001deb0875ad0;  1 drivers
v000001deb0835d40_0 .net *"_ivl_188", 0 0, L_000001deb0864a30;  1 drivers
v000001deb08362e0_0 .net *"_ivl_189", 0 0, L_000001deb08764e0;  1 drivers
v000001deb0835ca0_0 .net *"_ivl_192", 0 0, L_000001deb08656b0;  1 drivers
v000001deb0835de0_0 .net *"_ivl_193", 0 0, L_000001deb0876010;  1 drivers
v000001deb0835e80_0 .net *"_ivl_198", 3 0, L_000001deb08648f0;  1 drivers
v000001deb0835f20_0 .net *"_ivl_23", 0 0, L_000001deb0862410;  1 drivers
v000001deb0843e00_0 .net *"_ivl_25", 0 0, L_000001deb0862e10;  1 drivers
v000001deb0843cc0_0 .net *"_ivl_27", 0 0, L_000001deb08647b0;  1 drivers
v000001deb0844440_0 .net *"_ivl_28", 0 0, L_000001deb08767f0;  1 drivers
v000001deb0843fe0_0 .net *"_ivl_30", 0 0, L_000001deb0876940;  1 drivers
v000001deb08437c0_0 .net *"_ivl_33", 0 0, L_000001deb08642b0;  1 drivers
v000001deb0845660_0 .net *"_ivl_35", 0 0, L_000001deb08638b0;  1 drivers
v000001deb0845480_0 .net *"_ivl_36", 0 0, L_000001deb08774a0;  1 drivers
v000001deb0845b60_0 .net *"_ivl_39", 0 0, L_000001deb08631d0;  1 drivers
v000001deb08455c0_0 .net *"_ivl_40", 0 0, L_000001deb0877510;  1 drivers
v000001deb0843a40_0 .net *"_ivl_42", 0 0, L_000001deb0876ef0;  1 drivers
v000001deb08458e0_0 .net *"_ivl_47", 0 0, L_000001deb0862eb0;  1 drivers
v000001deb08453e0_0 .net *"_ivl_49", 0 0, L_000001deb08624b0;  1 drivers
v000001deb08448a0_0 .net *"_ivl_51", 0 0, L_000001deb0862050;  1 drivers
v000001deb08441c0_0 .net *"_ivl_52", 0 0, L_000001deb08760f0;  1 drivers
v000001deb0845020_0 .net *"_ivl_54", 0 0, L_000001deb0877580;  1 drivers
v000001deb0845520_0 .net *"_ivl_57", 0 0, L_000001deb0862c30;  1 drivers
v000001deb0845a20_0 .net *"_ivl_59", 0 0, L_000001deb08643f0;  1 drivers
v000001deb0845ca0_0 .net *"_ivl_60", 0 0, L_000001deb0876710;  1 drivers
v000001deb0844120_0 .net *"_ivl_63", 0 0, L_000001deb08620f0;  1 drivers
v000001deb0843680_0 .net *"_ivl_64", 0 0, L_000001deb0876160;  1 drivers
v000001deb0843ea0_0 .net *"_ivl_66", 0 0, L_000001deb0875d70;  1 drivers
v000001deb0844080_0 .net *"_ivl_69", 0 0, L_000001deb0863950;  1 drivers
v000001deb0845700_0 .net *"_ivl_7", 0 0, L_000001deb08750c0;  1 drivers
v000001deb0844620_0 .net *"_ivl_71", 0 0, L_000001deb08639f0;  1 drivers
v000001deb0843ae0_0 .net *"_ivl_72", 0 0, L_000001deb0876390;  1 drivers
v000001deb0844a80_0 .net *"_ivl_75", 0 0, L_000001deb0862f50;  1 drivers
v000001deb0844940_0 .net *"_ivl_76", 0 0, L_000001deb0876080;  1 drivers
v000001deb0844da0_0 .net *"_ivl_79", 0 0, L_000001deb0862ff0;  1 drivers
v000001deb0843900_0 .net *"_ivl_80", 0 0, L_000001deb0876780;  1 drivers
v000001deb08443a0_0 .net *"_ivl_82", 0 0, L_000001deb08761d0;  1 drivers
v000001deb0844260_0 .net *"_ivl_88", 0 0, L_000001deb0864350;  1 drivers
v000001deb0844e40_0 .net *"_ivl_90", 0 0, L_000001deb0863590;  1 drivers
v000001deb0845c00_0 .net *"_ivl_92", 0 0, L_000001deb0862690;  1 drivers
v000001deb08452a0_0 .net *"_ivl_93", 0 0, L_000001deb0876470;  1 drivers
v000001deb08457a0_0 .net *"_ivl_95", 0 0, L_000001deb08766a0;  1 drivers
v000001deb08439a0_0 .net *"_ivl_98", 0 0, L_000001deb0864490;  1 drivers
v000001deb0843f40_0 .net "a", 3 0, L_000001deb0865070;  1 drivers
v000001deb0845840_0 .net "b", 3 0, L_000001deb0864850;  1 drivers
v000001deb0845d40_0 .net "c", 4 0, L_000001deb0863bd0;  1 drivers
v000001deb0843b80_0 .net "cin", 0 0, L_000001deb0864c10;  1 drivers
v000001deb0844760_0 .net "cout", 0 0, L_000001deb0864990;  1 drivers
v000001deb0845980_0 .net "g", 3 0, L_000001deb0874f00;  1 drivers
v000001deb0844800_0 .net "group_G", 0 0, L_000001deb08765c0;  1 drivers
v000001deb0845ac0_0 .net "group_P", 0 0, L_000001deb0876c50;  1 drivers
v000001deb08449e0_0 .net "p", 3 0, L_000001deb0875050;  1 drivers
v000001deb08435e0_0 .net "sum", 3 0, L_000001deb0876630;  1 drivers
L_000001deb0864210 .part L_000001deb0874f00, 0, 1;
L_000001deb0863810 .part L_000001deb0875050, 0, 1;
L_000001deb0863f90 .part L_000001deb0863bd0, 0, 1;
L_000001deb0862410 .part L_000001deb0874f00, 1, 1;
L_000001deb0862e10 .part L_000001deb0875050, 1, 1;
L_000001deb08647b0 .part L_000001deb0874f00, 0, 1;
L_000001deb08642b0 .part L_000001deb0875050, 1, 1;
L_000001deb08638b0 .part L_000001deb0875050, 0, 1;
L_000001deb08631d0 .part L_000001deb0863bd0, 0, 1;
L_000001deb0862eb0 .part L_000001deb0874f00, 2, 1;
L_000001deb08624b0 .part L_000001deb0875050, 2, 1;
L_000001deb0862050 .part L_000001deb0874f00, 1, 1;
L_000001deb0862c30 .part L_000001deb0875050, 2, 1;
L_000001deb08643f0 .part L_000001deb0875050, 1, 1;
L_000001deb08620f0 .part L_000001deb0874f00, 0, 1;
L_000001deb0863950 .part L_000001deb0875050, 2, 1;
L_000001deb08639f0 .part L_000001deb0875050, 1, 1;
L_000001deb0862f50 .part L_000001deb0875050, 0, 1;
L_000001deb0862ff0 .part L_000001deb0863bd0, 0, 1;
LS_000001deb0863bd0_0_0 .concat8 [ 1 1 1 1], L_000001deb08750c0, L_000001deb0877200, L_000001deb0876ef0, L_000001deb08761d0;
LS_000001deb0863bd0_0_4 .concat8 [ 1 0 0 0], L_000001deb08759f0;
L_000001deb0863bd0 .concat8 [ 4 1 0 0], LS_000001deb0863bd0_0_0, LS_000001deb0863bd0_0_4;
L_000001deb0864350 .part L_000001deb0874f00, 3, 1;
L_000001deb0863590 .part L_000001deb0875050, 3, 1;
L_000001deb0862690 .part L_000001deb0874f00, 2, 1;
L_000001deb0864490 .part L_000001deb0875050, 3, 1;
L_000001deb08633b0 .part L_000001deb0875050, 2, 1;
L_000001deb08622d0 .part L_000001deb0874f00, 1, 1;
L_000001deb08640d0 .part L_000001deb0875050, 3, 1;
L_000001deb0863130 .part L_000001deb0875050, 2, 1;
L_000001deb0863630 .part L_000001deb0875050, 1, 1;
L_000001deb0862550 .part L_000001deb0874f00, 0, 1;
L_000001deb08625f0 .part L_000001deb0875050, 3, 1;
L_000001deb0863c70 .part L_000001deb0875050, 2, 1;
L_000001deb0863a90 .part L_000001deb0875050, 1, 1;
L_000001deb0862730 .part L_000001deb0875050, 0, 1;
L_000001deb0863b30 .part L_000001deb0863bd0, 0, 1;
L_000001deb08627d0 .part L_000001deb0875050, 3, 1;
L_000001deb0862870 .part L_000001deb0875050, 2, 1;
L_000001deb0863d10 .part L_000001deb0875050, 1, 1;
L_000001deb0863db0 .part L_000001deb0875050, 0, 1;
L_000001deb0862910 .part L_000001deb0874f00, 3, 1;
L_000001deb0863e50 .part L_000001deb0875050, 3, 1;
L_000001deb08629b0 .part L_000001deb0874f00, 2, 1;
L_000001deb0863ef0 .part L_000001deb0875050, 3, 1;
L_000001deb0864030 .part L_000001deb0875050, 2, 1;
L_000001deb0864170 .part L_000001deb0874f00, 1, 1;
L_000001deb0864d50 .part L_000001deb0875050, 3, 1;
L_000001deb08652f0 .part L_000001deb0875050, 2, 1;
L_000001deb0864a30 .part L_000001deb0875050, 1, 1;
L_000001deb08656b0 .part L_000001deb0874f00, 0, 1;
L_000001deb08648f0 .part L_000001deb0863bd0, 0, 4;
L_000001deb0864990 .part L_000001deb0863bd0, 4, 1;
S_000001deb0843350 .scope generate, "cla4_blocks[2]" "cla4_blocks[2]" 3 32, 3 32 0, S_000001deb082de20;
 .timescale -9 -12;
P_000001deb07bad10 .param/l "i" 0 3 32, +C4<010>;
S_000001deb08547e0 .scope module, "block" "cla_4bit" 3 33, 4 3 0, S_000001deb0843350;
 .timescale -9 -12;
    .port_info 0 /INPUT 4 "a";
    .port_info 1 /INPUT 4 "b";
    .port_info 2 /INPUT 1 "cin";
    .port_info 3 /OUTPUT 4 "sum";
    .port_info 4 /OUTPUT 1 "group_G";
    .port_info 5 /OUTPUT 1 "group_P";
    .port_info 6 /OUTPUT 1 "cout";
L_000001deb0876a90 .functor AND 4, L_000001deb0887590, L_000001deb0888990, C4<1111>, C4<1111>;
L_000001deb0876860 .functor XOR 4, L_000001deb0887590, L_000001deb0888990, C4<0000>, C4<0000>;
L_000001deb0876cc0 .functor BUFZ 1, L_000001deb0888a30, C4<0>, C4<0>, C4<0>;
L_000001deb0877040 .functor AND 1, L_000001deb0864ad0, L_000001deb0865250, C4<1>, C4<1>;
L_000001deb08772e0 .functor OR 1, L_000001deb0864b70, L_000001deb0877040, C4<0>, C4<0>;
L_000001deb08768d0 .functor AND 1, L_000001deb0865110, L_000001deb0864cb0, C4<1>, C4<1>;
L_000001deb0875e50 .functor OR 1, L_000001deb0865390, L_000001deb08768d0, C4<0>, C4<0>;
L_000001deb0876d30 .functor AND 1, L_000001deb0864df0, L_000001deb0864e90, C4<1>, C4<1>;
L_000001deb08773c0 .functor AND 1, L_000001deb0876d30, L_000001deb0864f30, C4<1>, C4<1>;
L_000001deb0876e10 .functor OR 1, L_000001deb0875e50, L_000001deb08773c0, C4<0>, C4<0>;
L_000001deb0875b40 .functor AND 1, L_000001deb0865430, L_000001deb0864fd0, C4<1>, C4<1>;
L_000001deb0877120 .functor OR 1, L_000001deb08654d0, L_000001deb0875b40, C4<0>, C4<0>;
L_000001deb0877430 .functor AND 1, L_000001deb0865570, L_000001deb08651b0, C4<1>, C4<1>;
L_000001deb0875bb0 .functor AND 1, L_000001deb0877430, L_000001deb0865610, C4<1>, C4<1>;
L_000001deb0875c20 .functor OR 1, L_000001deb0877120, L_000001deb0875bb0, C4<0>, C4<0>;
L_000001deb0876e80 .functor AND 1, L_000001deb0888cb0, L_000001deb0887e50, C4<1>, C4<1>;
L_000001deb0876f60 .functor AND 1, L_000001deb0876e80, L_000001deb0886910, C4<1>, C4<1>;
L_000001deb0876fd0 .functor AND 1, L_000001deb0876f60, L_000001deb08865f0, C4<1>, C4<1>;
L_000001deb0877350 .functor OR 1, L_000001deb0875c20, L_000001deb0876fd0, C4<0>, C4<0>;
L_000001deb08770b0 .functor AND 1, L_000001deb0886af0, L_000001deb0887130, C4<1>, C4<1>;
L_000001deb0877190 .functor OR 1, L_000001deb0888490, L_000001deb08770b0, C4<0>, C4<0>;
L_000001deb0877a50 .functor AND 1, L_000001deb0888c10, L_000001deb0886ff0, C4<1>, C4<1>;
L_000001deb08777b0 .functor AND 1, L_000001deb0877a50, L_000001deb0886730, C4<1>, C4<1>;
L_000001deb0877660 .functor OR 1, L_000001deb0877190, L_000001deb08777b0, C4<0>, C4<0>;
L_000001deb0877ac0 .functor AND 1, L_000001deb0888670, L_000001deb0888210, C4<1>, C4<1>;
L_000001deb0877b30 .functor AND 1, L_000001deb0877ac0, L_000001deb0886e10, C4<1>, C4<1>;
L_000001deb0877ba0 .functor AND 1, L_000001deb0877b30, L_000001deb0887bd0, C4<1>, C4<1>;
L_000001deb0877970 .functor OR 1, L_000001deb0877660, L_000001deb0877ba0, C4<0>, C4<0>;
L_000001deb0877c10 .functor AND 1, L_000001deb0886b90, L_000001deb0887770, C4<1>, C4<1>;
L_000001deb08779e0 .functor AND 1, L_000001deb0877c10, L_000001deb08888f0, C4<1>, C4<1>;
L_000001deb0877c80 .functor AND 1, L_000001deb08779e0, L_000001deb0888850, C4<1>, C4<1>;
L_000001deb0877cf0 .functor AND 1, L_000001deb0877c80, L_000001deb08879f0, C4<1>, C4<1>;
L_000001deb08776d0 .functor OR 1, L_000001deb0877970, L_000001deb0877cf0, C4<0>, C4<0>;
L_000001deb08775f0 .functor AND 1, L_000001deb0887810, L_000001deb08882b0, C4<1>, C4<1>;
L_000001deb0877740 .functor AND 1, L_000001deb08775f0, L_000001deb0887c70, C4<1>, C4<1>;
L_000001deb0877820 .functor AND 1, L_000001deb0877740, L_000001deb0886cd0, C4<1>, C4<1>;
L_000001deb0877890 .functor AND 1, L_000001deb0887d10, L_000001deb0888d50, C4<1>, C4<1>;
L_000001deb0877900 .functor OR 1, L_000001deb08869b0, L_000001deb0877890, C4<0>, C4<0>;
L_000001deb08940d0 .functor AND 1, L_000001deb0886690, L_000001deb0886a50, C4<1>, C4<1>;
L_000001deb08946f0 .functor AND 1, L_000001deb08940d0, L_000001deb08867d0, C4<1>, C4<1>;
L_000001deb0893570 .functor OR 1, L_000001deb0877900, L_000001deb08946f0, C4<0>, C4<0>;
L_000001deb0894140 .functor AND 1, L_000001deb0887a90, L_000001deb08878b0, C4<1>, C4<1>;
L_000001deb08947d0 .functor AND 1, L_000001deb0894140, L_000001deb0888170, C4<1>, C4<1>;
L_000001deb08943e0 .functor AND 1, L_000001deb08947d0, L_000001deb0887b30, C4<1>, C4<1>;
L_000001deb0893dc0 .functor OR 1, L_000001deb0893570, L_000001deb08943e0, C4<0>, C4<0>;
L_000001deb0893ea0 .functor XOR 4, L_000001deb0876860, L_000001deb0887db0, C4<0000>, C4<0000>;
v000001deb0843c20_0 .net *"_ivl_100", 0 0, L_000001deb0886ff0;  1 drivers
v000001deb0843720_0 .net *"_ivl_101", 0 0, L_000001deb0877a50;  1 drivers
v000001deb0844ee0_0 .net *"_ivl_104", 0 0, L_000001deb0886730;  1 drivers
v000001deb0843860_0 .net *"_ivl_105", 0 0, L_000001deb08777b0;  1 drivers
v000001deb0844300_0 .net *"_ivl_107", 0 0, L_000001deb0877660;  1 drivers
v000001deb08444e0_0 .net *"_ivl_11", 0 0, L_000001deb0864b70;  1 drivers
v000001deb0844d00_0 .net *"_ivl_110", 0 0, L_000001deb0888670;  1 drivers
v000001deb0844580_0 .net *"_ivl_112", 0 0, L_000001deb0888210;  1 drivers
v000001deb08446c0_0 .net *"_ivl_113", 0 0, L_000001deb0877ac0;  1 drivers
v000001deb0843d60_0 .net *"_ivl_116", 0 0, L_000001deb0886e10;  1 drivers
v000001deb0844b20_0 .net *"_ivl_117", 0 0, L_000001deb0877b30;  1 drivers
v000001deb0844bc0_0 .net *"_ivl_120", 0 0, L_000001deb0887bd0;  1 drivers
v000001deb0844c60_0 .net *"_ivl_121", 0 0, L_000001deb0877ba0;  1 drivers
v000001deb0844f80_0 .net *"_ivl_123", 0 0, L_000001deb0877970;  1 drivers
v000001deb08450c0_0 .net *"_ivl_126", 0 0, L_000001deb0886b90;  1 drivers
v000001deb0845160_0 .net *"_ivl_128", 0 0, L_000001deb0887770;  1 drivers
v000001deb0845200_0 .net *"_ivl_129", 0 0, L_000001deb0877c10;  1 drivers
v000001deb0845340_0 .net *"_ivl_13", 0 0, L_000001deb0864ad0;  1 drivers
v000001deb0846380_0 .net *"_ivl_132", 0 0, L_000001deb08888f0;  1 drivers
v000001deb0846f60_0 .net *"_ivl_133", 0 0, L_000001deb08779e0;  1 drivers
v000001deb08480e0_0 .net *"_ivl_136", 0 0, L_000001deb0888850;  1 drivers
v000001deb08466a0_0 .net *"_ivl_137", 0 0, L_000001deb0877c80;  1 drivers
v000001deb0848180_0 .net *"_ivl_140", 0 0, L_000001deb08879f0;  1 drivers
v000001deb0847a00_0 .net *"_ivl_141", 0 0, L_000001deb0877cf0;  1 drivers
v000001deb0846e20_0 .net *"_ivl_143", 0 0, L_000001deb08776d0;  1 drivers
v000001deb0845f20_0 .net *"_ivl_146", 0 0, L_000001deb0887810;  1 drivers
v000001deb08470a0_0 .net *"_ivl_148", 0 0, L_000001deb08882b0;  1 drivers
v000001deb08464c0_0 .net *"_ivl_149", 0 0, L_000001deb08775f0;  1 drivers
v000001deb0848540_0 .net *"_ivl_15", 0 0, L_000001deb0865250;  1 drivers
v000001deb0847140_0 .net *"_ivl_152", 0 0, L_000001deb0887c70;  1 drivers
v000001deb08476e0_0 .net *"_ivl_153", 0 0, L_000001deb0877740;  1 drivers
v000001deb08484a0_0 .net *"_ivl_156", 0 0, L_000001deb0886cd0;  1 drivers
v000001deb0846a60_0 .net *"_ivl_16", 0 0, L_000001deb0877040;  1 drivers
v000001deb0847320_0 .net *"_ivl_160", 0 0, L_000001deb08869b0;  1 drivers
v000001deb0846560_0 .net *"_ivl_162", 0 0, L_000001deb0887d10;  1 drivers
v000001deb0848400_0 .net *"_ivl_164", 0 0, L_000001deb0888d50;  1 drivers
v000001deb0846880_0 .net *"_ivl_165", 0 0, L_000001deb0877890;  1 drivers
v000001deb0847500_0 .net *"_ivl_167", 0 0, L_000001deb0877900;  1 drivers
v000001deb0846920_0 .net *"_ivl_170", 0 0, L_000001deb0886690;  1 drivers
v000001deb0846ec0_0 .net *"_ivl_172", 0 0, L_000001deb0886a50;  1 drivers
v000001deb08461a0_0 .net *"_ivl_173", 0 0, L_000001deb08940d0;  1 drivers
v000001deb08475a0_0 .net *"_ivl_176", 0 0, L_000001deb08867d0;  1 drivers
v000001deb0846420_0 .net *"_ivl_177", 0 0, L_000001deb08946f0;  1 drivers
v000001deb08469c0_0 .net *"_ivl_179", 0 0, L_000001deb0893570;  1 drivers
v000001deb0847000_0 .net *"_ivl_18", 0 0, L_000001deb08772e0;  1 drivers
v000001deb0845de0_0 .net *"_ivl_182", 0 0, L_000001deb0887a90;  1 drivers
v000001deb0846100_0 .net *"_ivl_184", 0 0, L_000001deb08878b0;  1 drivers
v000001deb0847b40_0 .net *"_ivl_185", 0 0, L_000001deb0894140;  1 drivers
v000001deb0846b00_0 .net *"_ivl_188", 0 0, L_000001deb0888170;  1 drivers
v000001deb08471e0_0 .net *"_ivl_189", 0 0, L_000001deb08947d0;  1 drivers
v000001deb0846ba0_0 .net *"_ivl_192", 0 0, L_000001deb0887b30;  1 drivers
v000001deb0847d20_0 .net *"_ivl_193", 0 0, L_000001deb08943e0;  1 drivers
v000001deb0847960_0 .net *"_ivl_198", 3 0, L_000001deb0887db0;  1 drivers
v000001deb0847280_0 .net *"_ivl_23", 0 0, L_000001deb0865390;  1 drivers
v000001deb08473c0_0 .net *"_ivl_25", 0 0, L_000001deb0865110;  1 drivers
v000001deb0847460_0 .net *"_ivl_27", 0 0, L_000001deb0864cb0;  1 drivers
v000001deb0847640_0 .net *"_ivl_28", 0 0, L_000001deb08768d0;  1 drivers
v000001deb0846240_0 .net *"_ivl_30", 0 0, L_000001deb0875e50;  1 drivers
v000001deb0847780_0 .net *"_ivl_33", 0 0, L_000001deb0864df0;  1 drivers
v000001deb0847aa0_0 .net *"_ivl_35", 0 0, L_000001deb0864e90;  1 drivers
v000001deb0847820_0 .net *"_ivl_36", 0 0, L_000001deb0876d30;  1 drivers
v000001deb0846c40_0 .net *"_ivl_39", 0 0, L_000001deb0864f30;  1 drivers
v000001deb08478c0_0 .net *"_ivl_40", 0 0, L_000001deb08773c0;  1 drivers
v000001deb0848040_0 .net *"_ivl_42", 0 0, L_000001deb0876e10;  1 drivers
v000001deb0846ce0_0 .net *"_ivl_47", 0 0, L_000001deb08654d0;  1 drivers
v000001deb08462e0_0 .net *"_ivl_49", 0 0, L_000001deb0865430;  1 drivers
v000001deb0847be0_0 .net *"_ivl_51", 0 0, L_000001deb0864fd0;  1 drivers
v000001deb0845e80_0 .net *"_ivl_52", 0 0, L_000001deb0875b40;  1 drivers
v000001deb0845fc0_0 .net *"_ivl_54", 0 0, L_000001deb0877120;  1 drivers
v000001deb0847c80_0 .net *"_ivl_57", 0 0, L_000001deb0865570;  1 drivers
v000001deb0847dc0_0 .net *"_ivl_59", 0 0, L_000001deb08651b0;  1 drivers
v000001deb0848220_0 .net *"_ivl_60", 0 0, L_000001deb0877430;  1 drivers
v000001deb0846600_0 .net *"_ivl_63", 0 0, L_000001deb0865610;  1 drivers
v000001deb0846d80_0 .net *"_ivl_64", 0 0, L_000001deb0875bb0;  1 drivers
v000001deb0847e60_0 .net *"_ivl_66", 0 0, L_000001deb0875c20;  1 drivers
v000001deb0846060_0 .net *"_ivl_69", 0 0, L_000001deb0888cb0;  1 drivers
v000001deb0847f00_0 .net *"_ivl_7", 0 0, L_000001deb0876cc0;  1 drivers
v000001deb0847fa0_0 .net *"_ivl_71", 0 0, L_000001deb0887e50;  1 drivers
v000001deb0846740_0 .net *"_ivl_72", 0 0, L_000001deb0876e80;  1 drivers
v000001deb08482c0_0 .net *"_ivl_75", 0 0, L_000001deb0886910;  1 drivers
v000001deb0848360_0 .net *"_ivl_76", 0 0, L_000001deb0876f60;  1 drivers
v000001deb08467e0_0 .net *"_ivl_79", 0 0, L_000001deb08865f0;  1 drivers
v000001deb0848720_0 .net *"_ivl_80", 0 0, L_000001deb0876fd0;  1 drivers
v000001deb0849940_0 .net *"_ivl_82", 0 0, L_000001deb0877350;  1 drivers
v000001deb0849da0_0 .net *"_ivl_88", 0 0, L_000001deb0888490;  1 drivers
v000001deb0849120_0 .net *"_ivl_90", 0 0, L_000001deb0886af0;  1 drivers
v000001deb084ab60_0 .net *"_ivl_92", 0 0, L_000001deb0887130;  1 drivers
v000001deb08498a0_0 .net *"_ivl_93", 0 0, L_000001deb08770b0;  1 drivers
v000001deb0848e00_0 .net *"_ivl_95", 0 0, L_000001deb0877190;  1 drivers
v000001deb08487c0_0 .net *"_ivl_98", 0 0, L_000001deb0888c10;  1 drivers
v000001deb084aa20_0 .net "a", 3 0, L_000001deb0887590;  1 drivers
v000001deb0848ea0_0 .net "b", 3 0, L_000001deb0888990;  1 drivers
v000001deb0848900_0 .net "c", 4 0, L_000001deb0888b70;  1 drivers
v000001deb084a660_0 .net "cin", 0 0, L_000001deb0888a30;  1 drivers
v000001deb084a200_0 .net "cout", 0 0, L_000001deb0888350;  1 drivers
v000001deb0849e40_0 .net "g", 3 0, L_000001deb0876a90;  1 drivers
v000001deb084ac00_0 .net "group_G", 0 0, L_000001deb0893dc0;  1 drivers
v000001deb0848f40_0 .net "group_P", 0 0, L_000001deb0877820;  1 drivers
v000001deb084a2a0_0 .net "p", 3 0, L_000001deb0876860;  1 drivers
v000001deb0848860_0 .net "sum", 3 0, L_000001deb0893ea0;  1 drivers
L_000001deb0864b70 .part L_000001deb0876a90, 0, 1;
L_000001deb0864ad0 .part L_000001deb0876860, 0, 1;
L_000001deb0865250 .part L_000001deb0888b70, 0, 1;
L_000001deb0865390 .part L_000001deb0876a90, 1, 1;
L_000001deb0865110 .part L_000001deb0876860, 1, 1;
L_000001deb0864cb0 .part L_000001deb0876a90, 0, 1;
L_000001deb0864df0 .part L_000001deb0876860, 1, 1;
L_000001deb0864e90 .part L_000001deb0876860, 0, 1;
L_000001deb0864f30 .part L_000001deb0888b70, 0, 1;
L_000001deb08654d0 .part L_000001deb0876a90, 2, 1;
L_000001deb0865430 .part L_000001deb0876860, 2, 1;
L_000001deb0864fd0 .part L_000001deb0876a90, 1, 1;
L_000001deb0865570 .part L_000001deb0876860, 2, 1;
L_000001deb08651b0 .part L_000001deb0876860, 1, 1;
L_000001deb0865610 .part L_000001deb0876a90, 0, 1;
L_000001deb0888cb0 .part L_000001deb0876860, 2, 1;
L_000001deb0887e50 .part L_000001deb0876860, 1, 1;
L_000001deb0886910 .part L_000001deb0876860, 0, 1;
L_000001deb08865f0 .part L_000001deb0888b70, 0, 1;
LS_000001deb0888b70_0_0 .concat8 [ 1 1 1 1], L_000001deb0876cc0, L_000001deb08772e0, L_000001deb0876e10, L_000001deb0877350;
LS_000001deb0888b70_0_4 .concat8 [ 1 0 0 0], L_000001deb08776d0;
L_000001deb0888b70 .concat8 [ 4 1 0 0], LS_000001deb0888b70_0_0, LS_000001deb0888b70_0_4;
L_000001deb0888490 .part L_000001deb0876a90, 3, 1;
L_000001deb0886af0 .part L_000001deb0876860, 3, 1;
L_000001deb0887130 .part L_000001deb0876a90, 2, 1;
L_000001deb0888c10 .part L_000001deb0876860, 3, 1;
L_000001deb0886ff0 .part L_000001deb0876860, 2, 1;
L_000001deb0886730 .part L_000001deb0876a90, 1, 1;
L_000001deb0888670 .part L_000001deb0876860, 3, 1;
L_000001deb0888210 .part L_000001deb0876860, 2, 1;
L_000001deb0886e10 .part L_000001deb0876860, 1, 1;
L_000001deb0887bd0 .part L_000001deb0876a90, 0, 1;
L_000001deb0886b90 .part L_000001deb0876860, 3, 1;
L_000001deb0887770 .part L_000001deb0876860, 2, 1;
L_000001deb08888f0 .part L_000001deb0876860, 1, 1;
L_000001deb0888850 .part L_000001deb0876860, 0, 1;
L_000001deb08879f0 .part L_000001deb0888b70, 0, 1;
L_000001deb0887810 .part L_000001deb0876860, 3, 1;
L_000001deb08882b0 .part L_000001deb0876860, 2, 1;
L_000001deb0887c70 .part L_000001deb0876860, 1, 1;
L_000001deb0886cd0 .part L_000001deb0876860, 0, 1;
L_000001deb08869b0 .part L_000001deb0876a90, 3, 1;
L_000001deb0887d10 .part L_000001deb0876860, 3, 1;
L_000001deb0888d50 .part L_000001deb0876a90, 2, 1;
L_000001deb0886690 .part L_000001deb0876860, 3, 1;
L_000001deb0886a50 .part L_000001deb0876860, 2, 1;
L_000001deb08867d0 .part L_000001deb0876a90, 1, 1;
L_000001deb0887a90 .part L_000001deb0876860, 3, 1;
L_000001deb08878b0 .part L_000001deb0876860, 2, 1;
L_000001deb0888170 .part L_000001deb0876860, 1, 1;
L_000001deb0887b30 .part L_000001deb0876a90, 0, 1;
L_000001deb0887db0 .part L_000001deb0888b70, 0, 4;
L_000001deb0888350 .part L_000001deb0888b70, 4, 1;
S_000001deb08539d0 .scope generate, "cla4_blocks[3]" "cla4_blocks[3]" 3 32, 3 32 0, S_000001deb082de20;
 .timescale -9 -12;
P_000001deb07ba910 .param/l "i" 0 3 32, +C4<011>;
S_000001deb0853b60 .scope module, "block" "cla_4bit" 3 33, 4 3 0, S_000001deb08539d0;
 .timescale -9 -12;
    .port_info 0 /INPUT 4 "a";
    .port_info 1 /INPUT 4 "b";
    .port_info 2 /INPUT 1 "cin";
    .port_info 3 /OUTPUT 4 "sum";
    .port_info 4 /OUTPUT 1 "group_G";
    .port_info 5 /OUTPUT 1 "group_P";
    .port_info 6 /OUTPUT 1 "cout";
L_000001deb0893f10 .functor AND 4, L_000001deb088a830, L_000001deb088b190, C4<1111>, C4<1111>;
L_000001deb0894760 .functor XOR 4, L_000001deb088a830, L_000001deb088b190, C4<0000>, C4<0000>;
L_000001deb0894fb0 .functor BUFZ 1, L_000001deb0888f30, C4<0>, C4<0>, C4<0>;
L_000001deb0894ca0 .functor AND 1, L_000001deb0888ad0, L_000001deb0886870, C4<1>, C4<1>;
L_000001deb08945a0 .functor OR 1, L_000001deb0887090, L_000001deb0894ca0, C4<0>, C4<0>;
L_000001deb08936c0 .functor AND 1, L_000001deb0886c30, L_000001deb0886d70, C4<1>, C4<1>;
L_000001deb0894450 .functor OR 1, L_000001deb0887630, L_000001deb08936c0, C4<0>, C4<0>;
L_000001deb0893c00 .functor AND 1, L_000001deb0888710, L_000001deb0886eb0, C4<1>, C4<1>;
L_000001deb0893810 .functor AND 1, L_000001deb0893c00, L_000001deb08871d0, C4<1>, C4<1>;
L_000001deb0894df0 .functor OR 1, L_000001deb0894450, L_000001deb0893810, C4<0>, C4<0>;
L_000001deb0893f80 .functor AND 1, L_000001deb0886f50, L_000001deb0887ef0, C4<1>, C4<1>;
L_000001deb08935e0 .functor OR 1, L_000001deb0887950, L_000001deb0893f80, C4<0>, C4<0>;
L_000001deb0893ab0 .functor AND 1, L_000001deb0887f90, L_000001deb0887270, C4<1>, C4<1>;
L_000001deb0893490 .functor AND 1, L_000001deb0893ab0, L_000001deb0888030, C4<1>, C4<1>;
L_000001deb08944c0 .functor OR 1, L_000001deb08935e0, L_000001deb0893490, C4<0>, C4<0>;
L_000001deb0893880 .functor AND 1, L_000001deb0887310, L_000001deb08880d0, C4<1>, C4<1>;
L_000001deb0893960 .functor AND 1, L_000001deb0893880, L_000001deb08873b0, C4<1>, C4<1>;
L_000001deb0893650 .functor AND 1, L_000001deb0893960, L_000001deb0887450, C4<1>, C4<1>;
L_000001deb0894a00 .functor OR 1, L_000001deb08944c0, L_000001deb0893650, C4<0>, C4<0>;
L_000001deb0894ed0 .functor AND 1, L_000001deb0888530, L_000001deb08887b0, C4<1>, C4<1>;
L_000001deb0893b90 .functor OR 1, L_000001deb08883f0, L_000001deb0894ed0, C4<0>, C4<0>;
L_000001deb0893730 .functor AND 1, L_000001deb08874f0, L_000001deb08876d0, C4<1>, C4<1>;
L_000001deb0893c70 .functor AND 1, L_000001deb0893730, L_000001deb088a6f0, C4<1>, C4<1>;
L_000001deb0894f40 .functor OR 1, L_000001deb0893b90, L_000001deb0893c70, C4<0>, C4<0>;
L_000001deb08937a0 .functor AND 1, L_000001deb0889750, L_000001deb088b2d0, C4<1>, C4<1>;
L_000001deb08938f0 .functor AND 1, L_000001deb08937a0, L_000001deb088a150, C4<1>, C4<1>;
L_000001deb0894840 .functor AND 1, L_000001deb08938f0, L_000001deb088ae70, C4<1>, C4<1>;
L_000001deb0895020 .functor OR 1, L_000001deb0894f40, L_000001deb0894840, C4<0>, C4<0>;
L_000001deb0894530 .functor AND 1, L_000001deb088afb0, L_000001deb088b050, C4<1>, C4<1>;
L_000001deb08941b0 .functor AND 1, L_000001deb0894530, L_000001deb0889cf0, C4<1>, C4<1>;
L_000001deb0894220 .functor AND 1, L_000001deb08941b0, L_000001deb0889390, C4<1>, C4<1>;
L_000001deb0893500 .functor AND 1, L_000001deb0894220, L_000001deb0889f70, C4<1>, C4<1>;
L_000001deb0894c30 .functor OR 1, L_000001deb0895020, L_000001deb0893500, C4<0>, C4<0>;
L_000001deb0893ff0 .functor AND 1, L_000001deb088a330, L_000001deb0889430, C4<1>, C4<1>;
L_000001deb08939d0 .functor AND 1, L_000001deb0893ff0, L_000001deb0889250, C4<1>, C4<1>;
L_000001deb0894290 .functor AND 1, L_000001deb08939d0, L_000001deb088b230, C4<1>, C4<1>;
L_000001deb08948b0 .functor AND 1, L_000001deb088b370, L_000001deb088b0f0, C4<1>, C4<1>;
L_000001deb0894300 .functor OR 1, L_000001deb0888e90, L_000001deb08948b0, C4<0>, C4<0>;
L_000001deb0894370 .functor AND 1, L_000001deb0889e30, L_000001deb08894d0, C4<1>, C4<1>;
L_000001deb0894610 .functor AND 1, L_000001deb0894370, L_000001deb088aa10, C4<1>, C4<1>;
L_000001deb0894680 .functor OR 1, L_000001deb0894300, L_000001deb0894610, C4<0>, C4<0>;
L_000001deb0893d50 .functor AND 1, L_000001deb08891b0, L_000001deb0889570, C4<1>, C4<1>;
L_000001deb0894920 .functor AND 1, L_000001deb0893d50, L_000001deb08892f0, C4<1>, C4<1>;
L_000001deb0893a40 .functor AND 1, L_000001deb0894920, L_000001deb088a650, C4<1>, C4<1>;
L_000001deb0894b50 .functor OR 1, L_000001deb0894680, L_000001deb0893a40, C4<0>, C4<0>;
L_000001deb0894990 .functor XOR 4, L_000001deb0894760, L_000001deb088b410, C4<0000>, C4<0000>;
v000001deb084a8e0_0 .net *"_ivl_100", 0 0, L_000001deb08876d0;  1 drivers
v000001deb08499e0_0 .net *"_ivl_101", 0 0, L_000001deb0893730;  1 drivers
v000001deb0848680_0 .net *"_ivl_104", 0 0, L_000001deb088a6f0;  1 drivers
v000001deb0848a40_0 .net *"_ivl_105", 0 0, L_000001deb0893c70;  1 drivers
v000001deb08489a0_0 .net *"_ivl_107", 0 0, L_000001deb0894f40;  1 drivers
v000001deb0849440_0 .net *"_ivl_11", 0 0, L_000001deb0887090;  1 drivers
v000001deb084a700_0 .net *"_ivl_110", 0 0, L_000001deb0889750;  1 drivers
v000001deb084aac0_0 .net *"_ivl_112", 0 0, L_000001deb088b2d0;  1 drivers
v000001deb0849a80_0 .net *"_ivl_113", 0 0, L_000001deb08937a0;  1 drivers
v000001deb0849b20_0 .net *"_ivl_116", 0 0, L_000001deb088a150;  1 drivers
v000001deb0849ee0_0 .net *"_ivl_117", 0 0, L_000001deb08938f0;  1 drivers
v000001deb084aca0_0 .net *"_ivl_120", 0 0, L_000001deb088ae70;  1 drivers
v000001deb0849260_0 .net *"_ivl_121", 0 0, L_000001deb0894840;  1 drivers
v000001deb0849bc0_0 .net *"_ivl_123", 0 0, L_000001deb0895020;  1 drivers
v000001deb0848cc0_0 .net *"_ivl_126", 0 0, L_000001deb088afb0;  1 drivers
v000001deb084ad40_0 .net *"_ivl_128", 0 0, L_000001deb088b050;  1 drivers
v000001deb0849080_0 .net *"_ivl_129", 0 0, L_000001deb0894530;  1 drivers
v000001deb0849d00_0 .net *"_ivl_13", 0 0, L_000001deb0888ad0;  1 drivers
v000001deb08491c0_0 .net *"_ivl_132", 0 0, L_000001deb0889cf0;  1 drivers
v000001deb0849620_0 .net *"_ivl_133", 0 0, L_000001deb08941b0;  1 drivers
v000001deb0848ae0_0 .net *"_ivl_136", 0 0, L_000001deb0889390;  1 drivers
v000001deb0849f80_0 .net *"_ivl_137", 0 0, L_000001deb0894220;  1 drivers
v000001deb0848b80_0 .net *"_ivl_140", 0 0, L_000001deb0889f70;  1 drivers
v000001deb0849300_0 .net *"_ivl_141", 0 0, L_000001deb0893500;  1 drivers
v000001deb0849760_0 .net *"_ivl_143", 0 0, L_000001deb0894c30;  1 drivers
v000001deb08485e0_0 .net *"_ivl_146", 0 0, L_000001deb088a330;  1 drivers
v000001deb0848c20_0 .net *"_ivl_148", 0 0, L_000001deb0889430;  1 drivers
v000001deb084a340_0 .net *"_ivl_149", 0 0, L_000001deb0893ff0;  1 drivers
v000001deb08493a0_0 .net *"_ivl_15", 0 0, L_000001deb0886870;  1 drivers
v000001deb0849c60_0 .net *"_ivl_152", 0 0, L_000001deb0889250;  1 drivers
v000001deb08494e0_0 .net *"_ivl_153", 0 0, L_000001deb08939d0;  1 drivers
v000001deb084a520_0 .net *"_ivl_156", 0 0, L_000001deb088b230;  1 drivers
v000001deb084a160_0 .net *"_ivl_16", 0 0, L_000001deb0894ca0;  1 drivers
v000001deb084a020_0 .net *"_ivl_160", 0 0, L_000001deb0888e90;  1 drivers
v000001deb08496c0_0 .net *"_ivl_162", 0 0, L_000001deb088b370;  1 drivers
v000001deb084a0c0_0 .net *"_ivl_164", 0 0, L_000001deb088b0f0;  1 drivers
v000001deb084a3e0_0 .net *"_ivl_165", 0 0, L_000001deb08948b0;  1 drivers
v000001deb0848d60_0 .net *"_ivl_167", 0 0, L_000001deb0894300;  1 drivers
v000001deb084a480_0 .net *"_ivl_170", 0 0, L_000001deb0889e30;  1 drivers
v000001deb084a5c0_0 .net *"_ivl_172", 0 0, L_000001deb08894d0;  1 drivers
v000001deb084a7a0_0 .net *"_ivl_173", 0 0, L_000001deb0894370;  1 drivers
v000001deb0849580_0 .net *"_ivl_176", 0 0, L_000001deb088aa10;  1 drivers
v000001deb084a840_0 .net *"_ivl_177", 0 0, L_000001deb0894610;  1 drivers
v000001deb084a980_0 .net *"_ivl_179", 0 0, L_000001deb0894680;  1 drivers
v000001deb0849800_0 .net *"_ivl_18", 0 0, L_000001deb08945a0;  1 drivers
v000001deb0848fe0_0 .net *"_ivl_182", 0 0, L_000001deb08891b0;  1 drivers
v000001deb084c820_0 .net *"_ivl_184", 0 0, L_000001deb0889570;  1 drivers
v000001deb084d4a0_0 .net *"_ivl_185", 0 0, L_000001deb0893d50;  1 drivers
v000001deb084d540_0 .net *"_ivl_188", 0 0, L_000001deb08892f0;  1 drivers
v000001deb084bec0_0 .net *"_ivl_189", 0 0, L_000001deb0894920;  1 drivers
v000001deb084be20_0 .net *"_ivl_192", 0 0, L_000001deb088a650;  1 drivers
v000001deb084d0e0_0 .net *"_ivl_193", 0 0, L_000001deb0893a40;  1 drivers
v000001deb084b1a0_0 .net *"_ivl_198", 3 0, L_000001deb088b410;  1 drivers
v000001deb084bb00_0 .net *"_ivl_23", 0 0, L_000001deb0887630;  1 drivers
v000001deb084c460_0 .net *"_ivl_25", 0 0, L_000001deb0886c30;  1 drivers
v000001deb084b060_0 .net *"_ivl_27", 0 0, L_000001deb0886d70;  1 drivers
v000001deb084c000_0 .net *"_ivl_28", 0 0, L_000001deb08936c0;  1 drivers
v000001deb084c0a0_0 .net *"_ivl_30", 0 0, L_000001deb0894450;  1 drivers
v000001deb084afc0_0 .net *"_ivl_33", 0 0, L_000001deb0888710;  1 drivers
v000001deb084c8c0_0 .net *"_ivl_35", 0 0, L_000001deb0886eb0;  1 drivers
v000001deb084cc80_0 .net *"_ivl_36", 0 0, L_000001deb0893c00;  1 drivers
v000001deb084c320_0 .net *"_ivl_39", 0 0, L_000001deb08871d0;  1 drivers
v000001deb084af20_0 .net *"_ivl_40", 0 0, L_000001deb0893810;  1 drivers
v000001deb084c140_0 .net *"_ivl_42", 0 0, L_000001deb0894df0;  1 drivers
v000001deb084c5a0_0 .net *"_ivl_47", 0 0, L_000001deb0887950;  1 drivers
v000001deb084b920_0 .net *"_ivl_49", 0 0, L_000001deb0886f50;  1 drivers
v000001deb084d360_0 .net *"_ivl_51", 0 0, L_000001deb0887ef0;  1 drivers
v000001deb084c1e0_0 .net *"_ivl_52", 0 0, L_000001deb0893f80;  1 drivers
v000001deb084b600_0 .net *"_ivl_54", 0 0, L_000001deb08935e0;  1 drivers
v000001deb084b100_0 .net *"_ivl_57", 0 0, L_000001deb0887f90;  1 drivers
v000001deb084d220_0 .net *"_ivl_59", 0 0, L_000001deb0887270;  1 drivers
v000001deb084b6a0_0 .net *"_ivl_60", 0 0, L_000001deb0893ab0;  1 drivers
v000001deb084b240_0 .net *"_ivl_63", 0 0, L_000001deb0888030;  1 drivers
v000001deb084ce60_0 .net *"_ivl_64", 0 0, L_000001deb0893490;  1 drivers
v000001deb084bf60_0 .net *"_ivl_66", 0 0, L_000001deb08944c0;  1 drivers
v000001deb084cf00_0 .net *"_ivl_69", 0 0, L_000001deb0887310;  1 drivers
v000001deb084b740_0 .net *"_ivl_7", 0 0, L_000001deb0894fb0;  1 drivers
v000001deb084c280_0 .net *"_ivl_71", 0 0, L_000001deb08880d0;  1 drivers
v000001deb084b7e0_0 .net *"_ivl_72", 0 0, L_000001deb0893880;  1 drivers
v000001deb084d180_0 .net *"_ivl_75", 0 0, L_000001deb08873b0;  1 drivers
v000001deb084bce0_0 .net *"_ivl_76", 0 0, L_000001deb0893960;  1 drivers
v000001deb084c3c0_0 .net *"_ivl_79", 0 0, L_000001deb0887450;  1 drivers
v000001deb084c500_0 .net *"_ivl_80", 0 0, L_000001deb0893650;  1 drivers
v000001deb084c640_0 .net *"_ivl_82", 0 0, L_000001deb0894a00;  1 drivers
v000001deb084d2c0_0 .net *"_ivl_88", 0 0, L_000001deb08883f0;  1 drivers
v000001deb084c6e0_0 .net *"_ivl_90", 0 0, L_000001deb0888530;  1 drivers
v000001deb084c780_0 .net *"_ivl_92", 0 0, L_000001deb08887b0;  1 drivers
v000001deb084b2e0_0 .net *"_ivl_93", 0 0, L_000001deb0894ed0;  1 drivers
v000001deb084b380_0 .net *"_ivl_95", 0 0, L_000001deb0893b90;  1 drivers
v000001deb084ca00_0 .net *"_ivl_98", 0 0, L_000001deb08874f0;  1 drivers
v000001deb084cdc0_0 .net "a", 3 0, L_000001deb088a830;  1 drivers
v000001deb084c960_0 .net "b", 3 0, L_000001deb088b190;  1 drivers
v000001deb084caa0_0 .net "c", 4 0, L_000001deb08885d0;  1 drivers
v000001deb084b420_0 .net "cin", 0 0, L_000001deb0888f30;  1 drivers
v000001deb084b4c0_0 .net "cout", 0 0, L_000001deb088b550;  1 drivers
v000001deb084ba60_0 .net "g", 3 0, L_000001deb0893f10;  1 drivers
v000001deb084cb40_0 .net "group_G", 0 0, L_000001deb0894b50;  1 drivers
v000001deb084b560_0 .net "group_P", 0 0, L_000001deb0894290;  1 drivers
v000001deb084cbe0_0 .net "p", 3 0, L_000001deb0894760;  1 drivers
v000001deb084b9c0_0 .net "sum", 3 0, L_000001deb0894990;  1 drivers
L_000001deb0887090 .part L_000001deb0893f10, 0, 1;
L_000001deb0888ad0 .part L_000001deb0894760, 0, 1;
L_000001deb0886870 .part L_000001deb08885d0, 0, 1;
L_000001deb0887630 .part L_000001deb0893f10, 1, 1;
L_000001deb0886c30 .part L_000001deb0894760, 1, 1;
L_000001deb0886d70 .part L_000001deb0893f10, 0, 1;
L_000001deb0888710 .part L_000001deb0894760, 1, 1;
L_000001deb0886eb0 .part L_000001deb0894760, 0, 1;
L_000001deb08871d0 .part L_000001deb08885d0, 0, 1;
L_000001deb0887950 .part L_000001deb0893f10, 2, 1;
L_000001deb0886f50 .part L_000001deb0894760, 2, 1;
L_000001deb0887ef0 .part L_000001deb0893f10, 1, 1;
L_000001deb0887f90 .part L_000001deb0894760, 2, 1;
L_000001deb0887270 .part L_000001deb0894760, 1, 1;
L_000001deb0888030 .part L_000001deb0893f10, 0, 1;
L_000001deb0887310 .part L_000001deb0894760, 2, 1;
L_000001deb08880d0 .part L_000001deb0894760, 1, 1;
L_000001deb08873b0 .part L_000001deb0894760, 0, 1;
L_000001deb0887450 .part L_000001deb08885d0, 0, 1;
LS_000001deb08885d0_0_0 .concat8 [ 1 1 1 1], L_000001deb0894fb0, L_000001deb08945a0, L_000001deb0894df0, L_000001deb0894a00;
LS_000001deb08885d0_0_4 .concat8 [ 1 0 0 0], L_000001deb0894c30;
L_000001deb08885d0 .concat8 [ 4 1 0 0], LS_000001deb08885d0_0_0, LS_000001deb08885d0_0_4;
L_000001deb08883f0 .part L_000001deb0893f10, 3, 1;
L_000001deb0888530 .part L_000001deb0894760, 3, 1;
L_000001deb08887b0 .part L_000001deb0893f10, 2, 1;
L_000001deb08874f0 .part L_000001deb0894760, 3, 1;
L_000001deb08876d0 .part L_000001deb0894760, 2, 1;
L_000001deb088a6f0 .part L_000001deb0893f10, 1, 1;
L_000001deb0889750 .part L_000001deb0894760, 3, 1;
L_000001deb088b2d0 .part L_000001deb0894760, 2, 1;
L_000001deb088a150 .part L_000001deb0894760, 1, 1;
L_000001deb088ae70 .part L_000001deb0893f10, 0, 1;
L_000001deb088afb0 .part L_000001deb0894760, 3, 1;
L_000001deb088b050 .part L_000001deb0894760, 2, 1;
L_000001deb0889cf0 .part L_000001deb0894760, 1, 1;
L_000001deb0889390 .part L_000001deb0894760, 0, 1;
L_000001deb0889f70 .part L_000001deb08885d0, 0, 1;
L_000001deb088a330 .part L_000001deb0894760, 3, 1;
L_000001deb0889430 .part L_000001deb0894760, 2, 1;
L_000001deb0889250 .part L_000001deb0894760, 1, 1;
L_000001deb088b230 .part L_000001deb0894760, 0, 1;
L_000001deb0888e90 .part L_000001deb0893f10, 3, 1;
L_000001deb088b370 .part L_000001deb0894760, 3, 1;
L_000001deb088b0f0 .part L_000001deb0893f10, 2, 1;
L_000001deb0889e30 .part L_000001deb0894760, 3, 1;
L_000001deb08894d0 .part L_000001deb0894760, 2, 1;
L_000001deb088aa10 .part L_000001deb0893f10, 1, 1;
L_000001deb08891b0 .part L_000001deb0894760, 3, 1;
L_000001deb0889570 .part L_000001deb0894760, 2, 1;
L_000001deb08892f0 .part L_000001deb0894760, 1, 1;
L_000001deb088a650 .part L_000001deb0893f10, 0, 1;
L_000001deb088b410 .part L_000001deb08885d0, 0, 4;
L_000001deb088b550 .part L_000001deb08885d0, 4, 1;
S_000001deb0663f40 .scope module, "tb_booth_multiplier" "tb_booth_multiplier" 5 3;
 .timescale -9 -12;
v000001deb0856f70_0 .var "a", 31 0;
v000001deb08578d0_0 .var "b", 31 0;
v000001deb08570b0_0 .var "clk", 0 0;
v000001deb0857e70_0 .net "done", 0 0, v000001deb0853260_0;  1 drivers
v000001deb0856070_0 .net "product", 63 0, v000001deb0853080_0;  1 drivers
v000001deb08576f0_0 .var "rst", 0 0;
v000001deb0856110_0 .var "start", 0 0;
S_000001deb0853cf0 .scope task, "run_mul" "run_mul" 5 35, 5 35 0, S_000001deb0663f40;
 .timescale -9 -12;
v000001deb0850ec0_0 .var "in_a", 31 0;
v000001deb0852540_0 .var "in_b", 31 0;
v000001deb084fe80_0 .var "label", 80 1;
E_000001deb07b9910 .event posedge, v000001deb0852cc0_0;
TD_tb_booth_multiplier.run_mul ;
    %load/vec4 v000001deb0850ec0_0;
    %store/vec4 v000001deb0856f70_0, 0, 32;
    %load/vec4 v000001deb0852540_0;
    %store/vec4 v000001deb08578d0_0, 0, 32;
    %pushi/vec4 1, 0, 1;
    %store/vec4 v000001deb0856110_0, 0, 1;
    %wait E_000001deb07b9910;
T_0.0 ;
    %load/vec4 v000001deb0857e70_0;
    %nor/r;
    %flag_set/vec4 8;
    %jmp/0xz T_0.1, 8;
    %wait E_000001deb07b9910;
    %jmp T_0.0;
T_0.1 ;
    %pushi/vec4 0, 0, 1;
    %store/vec4 v000001deb0856110_0, 0, 1;
    %load/vec4 v000001deb0856f70_0;
    %load/vec4 v000001deb08578d0_0;
    %load/vec4 v000001deb0856070_0;
    %vpi_call 5 42 "$display", "[%s] A:%d * B:%d = %0d (Hex: %h)", v000001deb084fe80_0, S<2,vec4,s32>, S<1,vec4,s32>, S<0,vec4,s64>, v000001deb0856070_0 {3 0 0};
    %wait E_000001deb07b9910;
    %end;
S_000001deb0854330 .scope module, "uut" "booth_multiplier" 5 9, 6 3 0, S_000001deb0663f40;
 .timescale -9 -12;
    .port_info 0 /INPUT 1 "clk";
    .port_info 1 /INPUT 1 "rst";
    .port_info 2 /INPUT 1 "start";
    .port_info 3 /INPUT 32 "a";
    .port_info 4 /INPUT 32 "b";
    .port_info 5 /OUTPUT 64 "product";
    .port_info 6 /OUTPUT 1 "done";
P_000001deb0794ae0 .param/l "COMPUTE" 1 6 18, C4<01>;
P_000001deb0794b18 .param/l "DONE" 1 6 18, C4<10>;
P_000001deb0794b50 .param/l "IDLE" 1 6 18, C4<00>;
v000001deb0852fe0_0 .net "a", 31 0, v000001deb0856f70_0;  1 drivers
v000001deb0852900_0 .var "acc", 64 0;
v000001deb0852a40_0 .net "b", 31 0, v000001deb08578d0_0;  1 drivers
v000001deb08529a0_0 .net "b_code", 2 0, v000001deb0851fa0_0;  1 drivers
v000001deb0852cc0_0 .net "clk", 0 0, v000001deb08570b0_0;  1 drivers
v000001deb0853260_0 .var "done", 0 0;
v000001deb0852ea0_0 .var "mcand", 31 0;
v000001deb0852f40_0 .net "next_acc", 64 0, L_000001deb088d850;  1 drivers
v000001deb0853080_0 .var "product", 63 0;
v000001deb08531c0_0 .net "rst", 0 0, v000001deb08576f0_0;  1 drivers
v000001deb0853300_0 .net "start", 0 0, v000001deb0856110_0;  1 drivers
v000001deb0856d90_0 .var "state", 1 0;
v000001deb0856430_0 .var "step_count", 4 0;
E_000001deb07ba750 .event posedge, v000001deb08531c0_0, v000001deb0852cc0_0;
L_000001deb088b730 .part v000001deb0852900_0, 0, 3;
S_000001deb0853e80 .scope module, "enc" "booth_encoder" 6 23, 7 3 0, S_000001deb0854330;
 .timescale -9 -12;
    .port_info 0 /INPUT 3 "window";
    .port_info 1 /OUTPUT 3 "pp_select";
v000001deb0851fa0_0 .var "pp_select", 2 0;
v000001deb0851c80_0 .net "window", 2 0, L_000001deb088b730;  1 drivers
E_000001deb07ba950 .event anyedge, v000001deb0851c80_0;
S_000001deb0854010 .scope module, "step_logic" "booth_step" 6 24, 8 3 0, S_000001deb0854330;
 .timescale -9 -12;
    .port_info 0 /INPUT 65 "acc";
    .port_info 1 /INPUT 32 "multiplicand";
    .port_info 2 /INPUT 3 "booth_code";
    .port_info 3 /OUTPUT 65 "new_acc";
L_000001deb08929a0 .functor NOT 33, L_000001deb088c090, C4<000000000000000000000000000000000>, C4<000000000000000000000000000000000>, C4<000000000000000000000000000000000>;
v000001deb0851d20_0 .net *"_ivl_10", 32 0, L_000001deb088c3b0;  1 drivers
v000001deb0851dc0_0 .net *"_ivl_12", 31 0, L_000001deb088da30;  1 drivers
L_000001deb08a37c8 .functor BUFT 1, C4<0>, C4<0>, C4<0>, C4<0>;
v000001deb08507e0_0 .net *"_ivl_14", 0 0, L_000001deb08a37c8;  1 drivers
v000001deb0850600_0 .net *"_ivl_18", 32 0, L_000001deb08929a0;  1 drivers
L_000001deb08a3810 .functor BUFT 1, C4<000000000000000000000000000000001>, C4<0>, C4<0>, C4<0>;
v000001deb0850240_0 .net/2u *"_ivl_20", 32 0, L_000001deb08a3810;  1 drivers
v000001deb0850d80_0 .net *"_ivl_22", 32 0, L_000001deb088dad0;  1 drivers
v000001deb084ff20_0 .net *"_ivl_24", 32 0, L_000001deb088cc70;  1 drivers
L_000001deb08a3858 .functor BUFT 1, C4<000000000000000000000000000000000>, C4<0>, C4<0>, C4<0>;
v000001deb084ffc0_0 .net/2u *"_ivl_26", 32 0, L_000001deb08a3858;  1 drivers
v000001deb0850e20_0 .net *"_ivl_31", 0 0, L_000001deb088b870;  1 drivers
v000001deb0850060_0 .net *"_ivl_33", 31 0, L_000001deb088be10;  1 drivers
v000001deb08504c0_0 .net *"_ivl_39", 0 0, L_000001deb088cdb0;  1 drivers
v000001deb0850560_0 .net *"_ivl_41", 30 0, L_000001deb088ce50;  1 drivers
v000001deb08527c0_0 .net *"_ivl_7", 0 0, L_000001deb088bc30;  1 drivers
v000001deb0853440_0 .net "acc", 64 0, v000001deb0852900_0;  1 drivers
v000001deb0852b80_0 .net "acc_high", 32 0, L_000001deb088c450;  1 drivers
v000001deb0853120_0 .net "adder_out", 32 0, L_000001deb088d210;  1 drivers
v000001deb0852e00_0 .net "booth_code", 2 0, v000001deb0851fa0_0;  alias, 1 drivers
v000001deb0852ae0_0 .net "is_double", 0 0, L_000001deb088cbd0;  1 drivers
v000001deb0852680_0 .net "is_mag", 0 0, L_000001deb088bb90;  1 drivers
v000001deb08525e0_0 .net "is_neg", 0 0, L_000001deb088c630;  1 drivers
v000001deb0852720_0 .net "m_ext", 32 0, L_000001deb088b690;  1 drivers
v000001deb0852c20_0 .net "multiplicand", 31 0, v000001deb0852ea0_0;  1 drivers
v000001deb0852d60_0 .net "new_acc", 64 0, L_000001deb088d850;  alias, 1 drivers
v000001deb0852860_0 .net "pp", 32 0, L_000001deb088bcd0;  1 drivers
v000001deb08533a0_0 .net "pp_base", 32 0, L_000001deb088c090;  1 drivers
L_000001deb088c630 .part v000001deb0851fa0_0, 2, 1;
L_000001deb088bb90 .part v000001deb0851fa0_0, 1, 1;
L_000001deb088cbd0 .part v000001deb0851fa0_0, 0, 1;
L_000001deb088bc30 .part v000001deb0852ea0_0, 31, 1;
L_000001deb088b690 .concat [ 32 1 0 0], v000001deb0852ea0_0, L_000001deb088bc30;
L_000001deb088da30 .part L_000001deb088b690, 0, 32;
L_000001deb088c3b0 .concat [ 1 32 0 0], L_000001deb08a37c8, L_000001deb088da30;
L_000001deb088c090 .functor MUXZ 33, L_000001deb088b690, L_000001deb088c3b0, L_000001deb088cbd0, C4<>;
L_000001deb088dad0 .arith/sum 33, L_000001deb08929a0, L_000001deb08a3810;
L_000001deb088cc70 .functor MUXZ 33, L_000001deb088c090, L_000001deb088dad0, L_000001deb088c630, C4<>;
L_000001deb088bcd0 .functor MUXZ 33, L_000001deb08a3858, L_000001deb088cc70, L_000001deb088bb90, C4<>;
L_000001deb088b870 .part v000001deb0852900_0, 64, 1;
L_000001deb088be10 .part v000001deb0852900_0, 33, 32;
L_000001deb088c450 .concat [ 32 1 0 0], L_000001deb088be10, L_000001deb088b870;
L_000001deb088d210 .arith/sum 33, L_000001deb088c450, L_000001deb088bcd0;
L_000001deb088cdb0 .part L_000001deb088d210, 32, 1;
L_000001deb088ce50 .part v000001deb0852900_0, 2, 31;
L_000001deb088d850 .concat [ 31 33 1 0], L_000001deb088ce50, L_000001deb088d210, L_000001deb088cdb0;
    .scope S_000001deb0853e80;
T_1 ;
    %wait E_000001deb07ba950;
    %load/vec4 v000001deb0851c80_0;
    %dup/vec4;
    %pushi/vec4 0, 0, 3;
    %cmp/u;
    %jmp/1 T_1.0, 6;
    %dup/vec4;
    %pushi/vec4 1, 0, 3;
    %cmp/u;
    %jmp/1 T_1.1, 6;
    %dup/vec4;
    %pushi/vec4 2, 0, 3;
    %cmp/u;
    %jmp/1 T_1.2, 6;
    %dup/vec4;
    %pushi/vec4 3, 0, 3;
    %cmp/u;
    %jmp/1 T_1.3, 6;
    %dup/vec4;
    %pushi/vec4 4, 0, 3;
    %cmp/u;
    %jmp/1 T_1.4, 6;
    %dup/vec4;
    %pushi/vec4 5, 0, 3;
    %cmp/u;
    %jmp/1 T_1.5, 6;
    %dup/vec4;
    %pushi/vec4 6, 0, 3;
    %cmp/u;
    %jmp/1 T_1.6, 6;
    %dup/vec4;
    %pushi/vec4 7, 0, 3;
    %cmp/u;
    %jmp/1 T_1.7, 6;
    %jmp T_1.8;
T_1.0 ;
    %pushi/vec4 0, 0, 3;
    %store/vec4 v000001deb0851fa0_0, 0, 3;
    %jmp T_1.8;
T_1.1 ;
    %pushi/vec4 2, 0, 3;
    %store/vec4 v000001deb0851fa0_0, 0, 3;
    %jmp T_1.8;
T_1.2 ;
    %pushi/vec4 2, 0, 3;
    %store/vec4 v000001deb0851fa0_0, 0, 3;
    %jmp T_1.8;
T_1.3 ;
    %pushi/vec4 3, 0, 3;
    %store/vec4 v000001deb0851fa0_0, 0, 3;
    %jmp T_1.8;
T_1.4 ;
    %pushi/vec4 7, 0, 3;
    %store/vec4 v000001deb0851fa0_0, 0, 3;
    %jmp T_1.8;
T_1.5 ;
    %pushi/vec4 6, 0, 3;
    %store/vec4 v000001deb0851fa0_0, 0, 3;
    %jmp T_1.8;
T_1.6 ;
    %pushi/vec4 6, 0, 3;
    %store/vec4 v000001deb0851fa0_0, 0, 3;
    %jmp T_1.8;
T_1.7 ;
    %pushi/vec4 0, 0, 3;
    %store/vec4 v000001deb0851fa0_0, 0, 3;
    %jmp T_1.8;
T_1.8 ;
    %pop/vec4 1;
    %jmp T_1;
    .thread T_1, $push;
    .scope S_000001deb0854330;
T_2 ;
    %wait E_000001deb07ba750;
    %load/vec4 v000001deb08531c0_0;
    %flag_set/vec4 8;
    %jmp/0xz  T_2.0, 8;
    %pushi/vec4 0, 0, 2;
    %assign/vec4 v000001deb0856d90_0, 0;
    %pushi/vec4 0, 0, 1;
    %assign/vec4 v000001deb0853260_0, 0;
    %pushi/vec4 0, 0, 64;
    %assign/vec4 v000001deb0853080_0, 0;
    %jmp T_2.1;
T_2.0 ;
    %load/vec4 v000001deb0856d90_0;
    %dup/vec4;
    %pushi/vec4 0, 0, 2;
    %cmp/u;
    %jmp/1 T_2.2, 6;
    %dup/vec4;
    %pushi/vec4 1, 0, 2;
    %cmp/u;
    %jmp/1 T_2.3, 6;
    %dup/vec4;
    %pushi/vec4 2, 0, 2;
    %cmp/u;
    %jmp/1 T_2.4, 6;
    %jmp T_2.5;
T_2.2 ;
    %pushi/vec4 0, 0, 1;
    %assign/vec4 v000001deb0853260_0, 0;
    %load/vec4 v000001deb0853300_0;
    %flag_set/vec4 8;
    %jmp/0xz  T_2.6, 8;
    %pushi/vec4 0, 0, 32;
    %load/vec4 v000001deb0852a40_0;
    %concat/vec4; draw_concat_vec4
    %concati/vec4 0, 0, 1;
    %assign/vec4 v000001deb0852900_0, 0;
    %load/vec4 v000001deb0852fe0_0;
    %assign/vec4 v000001deb0852ea0_0, 0;
    %pushi/vec4 0, 0, 5;
    %assign/vec4 v000001deb0856430_0, 0;
    %pushi/vec4 1, 0, 2;
    %assign/vec4 v000001deb0856d90_0, 0;
T_2.6 ;
    %jmp T_2.5;
T_2.3 ;
    %load/vec4 v000001deb0852f40_0;
    %assign/vec4 v000001deb0852900_0, 0;
    %load/vec4 v000001deb0856430_0;
    %pad/u 32;
    %cmpi/e 15, 0, 32;
    %jmp/0xz  T_2.8, 4;
    %pushi/vec4 2, 0, 2;
    %assign/vec4 v000001deb0856d90_0, 0;
    %jmp T_2.9;
T_2.8 ;
    %load/vec4 v000001deb0856430_0;
    %addi 1, 0, 5;
    %assign/vec4 v000001deb0856430_0, 0;
T_2.9 ;
    %jmp T_2.5;
T_2.4 ;
    %pushi/vec4 1, 0, 1;
    %assign/vec4 v000001deb0853260_0, 0;
    %load/vec4 v000001deb0852900_0;
    %parti/s 64, 1, 2;
    %assign/vec4 v000001deb0853080_0, 0;
    %load/vec4 v000001deb0853300_0;
    %nor/r;
    %flag_set/vec4 8;
    %jmp/0xz  T_2.10, 8;
    %pushi/vec4 0, 0, 2;
    %assign/vec4 v000001deb0856d90_0, 0;
T_2.10 ;
    %jmp T_2.5;
T_2.5 ;
    %pop/vec4 1;
T_2.1 ;
    %jmp T_2;
    .thread T_2;
    .scope S_000001deb0663f40;
T_3 ;
    %delay 5000, 0;
    %load/vec4 v000001deb08570b0_0;
    %inv;
    %store/vec4 v000001deb08570b0_0, 0, 1;
    %jmp T_3;
    .thread T_3;
    .scope S_000001deb0663f40;
T_4 ;
    %pushi/vec4 0, 0, 1;
    %store/vec4 v000001deb08570b0_0, 0, 1;
    %pushi/vec4 1, 0, 1;
    %store/vec4 v000001deb08576f0_0, 0, 1;
    %pushi/vec4 0, 0, 1;
    %store/vec4 v000001deb0856110_0, 0, 1;
    %delay 15000, 0;
    %pushi/vec4 0, 0, 1;
    %store/vec4 v000001deb08576f0_0, 0, 1;
    %vpi_call 5 17 "$display", "Starting Sequential Multiplier Tests..." {0 0 0};
    %pushi/vec4 0, 0, 32;
    %store/vec4 v000001deb0850ec0_0, 0, 32;
    %pushi/vec4 42, 0, 32;
    %store/vec4 v000001deb0852540_0, 0, 32;
    %pushi/vec4 0, 0, 32; draw_string_vec4
    %pushi/vec4 807434272, 0, 32; draw_string_vec4
    %concat/vec4; draw_string_vec4
    %pushi/vec4 13362, 0, 16; draw_string_vec4
    %concat/vec4; draw_string_vec4
    %store/vec4 v000001deb084fe80_0, 0, 80;
    %fork TD_tb_booth_multiplier.run_mul, S_000001deb0853cf0;
    %join;
    %pushi/vec4 99, 0, 32;
    %store/vec4 v000001deb0850ec0_0, 0, 32;
    %pushi/vec4 0, 0, 32;
    %store/vec4 v000001deb0852540_0, 0, 32;
    %pushi/vec4 0, 0, 32; draw_string_vec4
    %pushi/vec4 960045176, 0, 32; draw_string_vec4
    %concat/vec4; draw_string_vec4
    %pushi/vec4 8240, 0, 16; draw_string_vec4
    %concat/vec4; draw_string_vec4
    %store/vec4 v000001deb084fe80_0, 0, 80;
    %fork TD_tb_booth_multiplier.run_mul, S_000001deb0853cf0;
    %join;
    %pushi/vec4 1, 0, 32;
    %store/vec4 v000001deb0850ec0_0, 0, 32;
    %pushi/vec4 500, 0, 32;
    %store/vec4 v000001deb0852540_0, 0, 32;
    %pushi/vec4 49, 0, 32; draw_string_vec4
    %pushi/vec4 544743477, 0, 32; draw_string_vec4
    %concat/vec4; draw_string_vec4
    %pushi/vec4 12336, 0, 16; draw_string_vec4
    %concat/vec4; draw_string_vec4
    %store/vec4 v000001deb084fe80_0, 0, 80;
    %fork TD_tb_booth_multiplier.run_mul, S_000001deb0853cf0;
    %join;
    %pushi/vec4 4294967295, 0, 32;
    %store/vec4 v000001deb0850ec0_0, 0, 32;
    %pushi/vec4 42, 0, 32;
    %store/vec4 v000001deb0852540_0, 0, 32;
    %pushi/vec4 45, 0, 32; draw_string_vec4
    %pushi/vec4 824211488, 0, 32; draw_string_vec4
    %concat/vec4; draw_string_vec4
    %pushi/vec4 13362, 0, 16; draw_string_vec4
    %concat/vec4; draw_string_vec4
    %store/vec4 v000001deb084fe80_0, 0, 80;
    %fork TD_tb_booth_multiplier.run_mul, S_000001deb0853cf0;
    %join;
    %pushi/vec4 255, 0, 32;
    %store/vec4 v000001deb0850ec0_0, 0, 32;
    %pushi/vec4 255, 0, 32;
    %store/vec4 v000001deb0852540_0, 0, 32;
    %pushi/vec4 3290421, 0, 32; draw_string_vec4
    %pushi/vec4 544743474, 0, 32; draw_string_vec4
    %concat/vec4; draw_string_vec4
    %pushi/vec4 13621, 0, 16; draw_string_vec4
    %concat/vec4; draw_string_vec4
    %store/vec4 v000001deb084fe80_0, 0, 80;
    %fork TD_tb_booth_multiplier.run_mul, S_000001deb0853cf0;
    %join;
    %pushi/vec4 2147483647, 0, 32;
    %store/vec4 v000001deb0850ec0_0, 0, 32;
    %pushi/vec4 2147483647, 0, 32;
    %store/vec4 v000001deb0852540_0, 0, 32;
    %pushi/vec4 5063000, 0, 32; draw_string_vec4
    %pushi/vec4 544743501, 0, 32; draw_string_vec4
    %concat/vec4; draw_string_vec4
    %pushi/vec4 16728, 0, 16; draw_string_vec4
    %concat/vec4; draw_string_vec4
    %store/vec4 v000001deb084fe80_0, 0, 80;
    %fork TD_tb_booth_multiplier.run_mul, S_000001deb0853cf0;
    %join;
    %vpi_call 5 32 "$finish" {0 0 0};
    %end;
    .thread T_4;
# The file index is used to find the file name in the following table.
:file_names 9;
    "N/A";
    "<interactive>";
    "cla_32bit.v";
    "cla_16bit.v";
    "cla_4bit.v";
    "tb_booth_multiplier.v";
    "booth_multiplier.v";
    "booth_encoder.v";
    "booth_step.v";
